1	0	500	1
1	1	503	1
1	3	505	1
1	4	507	1
1	6	508	1
1	7	509	1
1	8	510	1
1	8	511	1
1	9	513	1
1	9	514	1
1	9	515	1
1	9	516	1
1	9	517	1
1	10	505	1
1	10	507	1
1	10	519	1
1	10	520	1
1	11	521	1
1	11	522	1
1	11	523	1
1	12	524	1
1	13	525	1
1	13	526	1
1	13	527	1
1	13	528	1
1	13	529	1
1	13	530	1
1	13	532	1
1	13	533	1
1	13	534	1
1	13	535	1
1	16	527	1
1	16	528	1
1	16	530	1
1	16	531	1
1	16	532	1
1	16	534	1
1	17	527	1
1	17	531	1
1	17	532	1
1	17	534	1
1	18	515	1
1	19	511	1
1	19	539	1
1	19	540	1
1	20	527	1
1	20	531	1
1	20	532	1
1	20	534	1
1	20	535	1
1	21	527	1
1	21	531	1
1	21	535	1
1	22	541	1
1	22	542	1
1	22	543	1
1	23	531	1
1	23	532	1
1	23	534	1
1	23	535	1
1	25	527	1
1	25	531	1
1	25	532	1
1	25	534	1
1	25	535	1
1	26	545	1
1	26	546	1
1	26	547	1
1	28	527	1
1	28	530	1
1	28	531	1
1	28	532	1
1	28	534	1
1	28	535	1
1	28	549	1
1	28	550	1
1	29	508	1
1	29	538	1
1	29	539	1
1	29	540	1
1	29	551	1
1	29	552	1
1	29	553	1
1	29	554	1
1	29	555	1
1	29	556	1
1	29	557	1
1	29	558	1
1	29	559	1
1	29	560	1
1	31	511	1
1	32	562	1
1	33	519	1
1	33	563	1
1	34	529	1
1	35	541	1
1	35	542	1
1	36	519	1
1	36	565	1
1	36	566	1
1	37	521	1
1	37	567	1
1	38	571	1
1	38	572	1
1	38	573	1
1	39	527	1
1	39	530	1
1	39	536	1
1	40	574	1
1	40	575	1
1	41	570	1
1	41	571	1
1	41	573	1
1	42	498	1
1	43	576	1
1	44	515	1
1	44	516	1
1	45	577	1
1	47	578	1
1	47	579	1
1	48	580	1
1	48	582	1
1	48	583	1
1	48	584	1
1	49	524	1
1	50	515	1
1	50	516	1
1	50	565	1
1	50	586	1
1	51	521	1
1	51	541	1
1	51	567	1
1	51	575	1
1	51	587	1
1	51	588	1
1	51	589	1
1	52	566	1
1	52	592	1
1	52	593	1
1	52	594	1
1	53	521	1
1	53	541	1
1	53	550	1
1	53	567	1
1	53	575	1
1	54	503	1
1	54	547	1
1	54	582	1
1	55	567	1
1	55	597	1
1	56	544	1
1	57	547	1
1	58	571	1
1	58	572	1
1	58	573	1
1	59	521	1
1	60	598	1
1	61	502	1
1	62	503	1
1	62	527	1
1	62	532	1
1	62	534	1
1	62	535	1
1	62	576	1
1	62	601	1
1	63	503	1
1	63	521	1
1	63	546	1
1	63	567	1
1	63	584	1
1	64	547	1
1	65	575	1
1	66	518	1
1	66	608	1
1	67	509	1
1	67	511	1
1	67	515	1
1	67	523	1
1	67	529	1
1	67	575	1
1	67	581	1
1	67	610	1
1	68	584	1
1	69	598	1
1	69	611	1
1	70	597	1
1	70	612	1
1	71	541	1
1	72	536	1
1	73	533	1
1	75	530	1
1	75	613	1
1	77	521	1
1	77	567	1
1	77	575	1
1	77	588	1
1	77	589	1
1	78	527	1
1	78	531	1
1	78	532	1
1	78	534	1
1	78	535	1
1	79	568	1
1	79	598	1
1	80	521	1
1	80	567	1
1	82	614	1
1	83	515	1
1	83	516	1
1	84	507	1
1	86	527	1
1	86	531	1
1	86	532	1
1	86	534	1
1	86	535	1
1	87	567	1
1	87	575	1
1	87	589	1
1	88	530	1
1	88	561	1
1	88	615	1
1	88	616	1
1	88	617	1
1	88	618	1
1	88	619	1
1	88	620	1
1	88	621	1
1	88	622	1
1	88	623	1
1	89	501	1
1	89	502	1
1	90	570	1
1	90	572	1
1	91	570	1
1	91	571	1
1	91	572	1
1	91	573	1
1	92	518	1
1	92	519	1
1	92	521	1
1	92	567	1
1	92	575	1
1	93	511	1
1	93	606	1
1	93	607	1
1	93	625	1
1	94	521	1
1	94	567	1
1	94	589	1
1	95	512	1
1	95	560	1
1	96	521	1
1	96	567	1
1	97	547	1
1	98	568	1
1	98	611	1
1	99	513	1
1	99	514	1
1	99	517	1
1	99	521	1
1	101	501	1
1	101	626	1
1	102	521	1
1	102	541	1
1	102	626	1
1	103	576	1
1	104	515	1
1	104	516	1
1	105	547	1
1	106	547	1
1	108	584	1
1	109	513	1
1	109	514	1
1	109	517	1
1	109	521	1
1	109	530	1
1	109	567	1
1	109	613	1
1	110	570	1
1	110	571	1
1	110	572	1
1	110	573	1
1	111	570	1
1	111	571	1
1	111	572	1
1	111	573	1
1	112	521	1
1	112	541	1
1	112	587	1
1	113	521	1
1	113	541	1
1	113	567	1
1	114	515	1
1	114	523	1
1	114	529	1
1	115	575	1
1	117	547	1
1	117	627	1
1	118	521	1
1	118	567	1
1	119	628	1
1	121	515	1
1	121	527	1
1	121	629	1
1	123	516	1
1	125	521	1
1	126	527	1
1	127	521	1
1	127	541	1
1	127	567	1
1	128	611	1
1	129	527	1
1	130	504	1
1	130	546	1
1	130	547	1
1	130	630	1
1	132	521	1
1	132	567	1
1	132	575	1
1	133	578	1
1	133	579	1
1	133	615	1
1	134	501	1
1	135	521	1
1	135	567	1
1	136	526	1
1	136	533	1
1	137	568	1
1	137	598	1
1	139	521	1
1	139	575	1
1	140	530	1
1	140	613	1
1	141	547	1
1	141	630	1
1	141	632	1
1	142	568	1
1	142	598	1
1	143	544	1
1	144	531	1
1	144	532	1
1	144	534	1
1	144	535	1
1	145	561	1
1	147	511	1
1	147	580	1
1	147	598	1
1	147	629	1
1	148	511	1
1	148	523	1
1	148	529	1
1	148	530	1
1	148	556	1
1	148	557	1
1	148	592	1
1	148	598	1
1	148	629	1
1	150	507	1
1	150	636	1
1	150	637	1
1	152	536	1
1	154	634	1
1	154	638	1
1	154	639	1
1	154	640	1
1	154	641	1
1	154	642	1
1	154	643	1
1	156	521	1
1	156	567	1
1	157	521	1
1	157	575	1
1	157	588	1
1	157	589	1
1	159	521	1
1	159	567	1
1	160	541	1
1	160	567	1
1	160	571	1
1	160	572	1
1	161	521	1
1	162	527	1
1	163	617	1
1	163	618	1
1	163	619	1
1	163	621	1
1	163	622	1
1	163	623	1
1	164	646	1
1	164	647	1
1	166	530	1
1	166	613	1
1	166	646	1
1	166	647	1
1	166	648	1
1	167	615	1
1	167	616	1
1	167	617	1
1	167	618	1
1	167	619	1
1	167	620	1
1	167	621	1
1	167	622	1
1	167	623	1
1	169	509	1
1	171	505	1
1	171	512	1
1	171	519	1
1	171	563	1
1	173	503	1
1	173	548	1
1	174	548	1
1	175	628	1
1	177	531	1
1	177	532	1
1	177	534	1
1	177	537	1
1	178	530	1
1	179	649	1
1	181	511	1
1	182	511	1
1	182	553	1
1	182	555	1
1	184	570	1
1	184	571	1
1	184	573	1
1	185	570	1
1	185	571	1
1	185	572	1
1	186	570	1
1	186	571	1
1	186	573	1
1	187	521	1
1	187	567	1
1	188	521	1
1	188	567	1
1	189	521	1
1	190	521	1
1	191	521	1
1	191	541	1
1	191	567	1
1	192	570	1
1	192	571	1
1	192	573	1
1	193	521	1
1	193	567	1
1	194	597	1
1	194	612	1
1	195	597	1
1	195	612	1
1	196	521	1
1	196	567	1
1	196	575	1
1	196	589	1
1	197	513	1
1	197	514	1
1	197	517	1
1	197	521	1
1	198	575	1
1	199	627	1
1	200	530	1
1	201	530	1
1	202	515	1
1	202	516	1
1	203	515	1
1	204	515	1
1	204	516	1
1	205	616	1
1	205	617	1
1	205	618	1
1	205	619	1
1	205	620	1
1	205	621	1
1	205	622	1
1	205	623	1
1	206	530	1
1	209	569	1
1	209	596	1
1	210	603	1
1	211	526	1
1	211	533	1
1	213	548	1
1	214	548	1
1	215	547	1
1	216	576	1
1	217	547	1
1	217	576	1
1	217	632	1
1	217	648	1
1	220	501	1
1	220	533	1
1	221	519	1
1	221	528	1
1	221	566	1
1	221	593	1
1	221	594	1
1	222	507	1
1	222	511	1
1	222	566	1
1	222	587	1
1	222	593	1
1	222	596	1
1	223	519	1
1	223	594	1
1	224	563	1
1	224	564	1
1	225	519	1
1	225	624	1
1	226	507	1
1	227	507	1
1	227	653	1
1	229	654	1
1	230	507	1
1	231	507	1
1	232	653	1
1	233	531	1
1	233	535	1
1	234	534	1
1	234	535	1
1	236	611	1
1	238	572	1
1	239	512	1
1	240	657	1
1	242	547	1
1	244	521	1
1	244	567	1
1	245	511	1
1	245	520	1
1	245	553	1
1	245	555	1
1	245	624	1
1	248	511	1
1	248	551	1
1	249	511	1
1	249	557	1
1	249	658	1
1	250	536	1
1	251	572	1
1	253	515	1
1	254	516	1
1	258	539	1
1	258	557	1
1	259	501	1
1	260	513	1
1	260	514	1
1	260	517	1
1	260	521	1
1	261	511	1
1	261	519	1
1	261	592	1
1	261	594	1
1	261	596	1
1	262	530	1
1	262	613	1
1	262	660	1
1	262	663	1
1	263	521	1
1	263	522	1
1	264	515	1
1	265	513	1
1	265	514	1
1	265	517	1
1	265	521	1
1	266	516	1
1	267	507	1
1	267	511	1
1	267	606	1
1	267	607	1
1	268	515	1
1	268	516	1
1	269	522	1
1	270	521	1
1	270	567	1
1	272	521	1
1	272	567	1
1	273	547	1
1	275	578	1
1	275	579	1
1	276	513	1
1	276	514	1
1	276	517	1
1	276	521	1
1	277	527	1
1	277	531	1
1	277	532	1
1	277	534	1
1	277	535	1
1	278	521	1
1	278	530	1
1	278	567	1
1	278	597	1
1	278	612	1
1	278	672	1
1	279	521	1
1	279	567	1
1	279	579	1
1	279	597	1
1	279	615	1
1	280	576	1
1	280	652	1
1	281	576	1
1	281	632	1
1	281	652	1
1	282	563	1
1	283	507	1
1	283	624	1
1	284	517	1
1	287	547	1
1	288	552	1
1	289	538	1
1	289	557	1
1	290	531	1
1	290	532	1
1	290	534	1
1	291	624	1
1	293	521	1
1	293	522	1
1	293	651	1
1	294	513	1
1	294	514	1
1	294	521	1
1	295	500	1
1	296	544	1
1	297	636	1
1	298	530	1
1	301	511	1
1	302	596	1
1	304	521	1
1	304	567	1
1	304	651	1
1	305	557	1
1	306	536	1
1	308	511	1
1	308	557	1
1	312	678	1
1	313	602	1
1	314	536	1
1	315	521	1
1	315	541	1
1	315	567	1
1	316	526	1
1	316	541	1
1	316	626	1
1	317	627	1
1	319	511	1
1	319	539	1
1	319	552	1
1	319	555	1
1	319	558	1
1	319	559	1
1	319	560	1
1	319	596	1
1	319	599	1
1	319	637	1
1	319	679	1
1	320	564	1
1	321	511	1
1	322	681	1
1	322	682	1
1	323	521	1
1	323	567	1
1	324	520	1
1	324	650	1
1	325	627	1
1	328	519	1
1	328	566	1
1	329	515	1
1	329	516	1
1	332	557	1
1	332	586	1
1	333	564	1
1	333	570	1
1	333	571	1
1	333	572	1
1	334	602	1
1	335	683	1
1	336	544	1
1	337	567	1
1	337	578	1
1	337	579	1
1	338	512	1
1	338	563	1
1	340	547	1
1	341	611	1
1	342	681	1
1	343	524	1
1	344	515	1
1	344	516	1
1	346	560	1
1	347	522	1
1	349	511	1
1	350	624	1
1	354	580	1
1	354	685	1
1	355	682	1
1	357	521	1
1	357	567	1
1	357	575	1
1	359	521	1
1	359	526	1
1	359	567	1
1	359	626	1
1	360	597	1
1	362	511	1
1	363	602	1
1	364	501	1
1	365	515	1
1	365	516	1
1	366	521	1
1	366	541	1
1	366	567	1
1	367	548	1
1	368	681	1
1	370	513	1
1	370	521	1
1	371	678	1
1	374	576	1
1	374	602	1
1	375	576	1
1	376	513	1
1	376	521	1
1	377	504	1
1	377	544	1
1	377	576	1
1	377	632	1
1	377	652	1
1	379	530	1
1	379	547	1
1	379	613	1
1	379	669	1
1	379	686	1
1	380	511	1
1	380	557	1
1	380	560	1
1	381	602	1
1	383	527	1
1	383	528	1
1	383	531	1
1	383	532	1
1	383	534	1
1	383	535	1
1	383	687	1
1	385	613	1
1	386	521	1
1	386	567	1
1	386	597	1
1	386	612	1
1	388	521	1
1	388	541	1
1	388	587	1
1	389	513	1
1	389	517	1
1	389	521	1
1	390	521	1
1	390	567	1
1	391	524	1
1	392	541	1
1	392	567	1
1	394	507	1
1	394	511	1
1	395	613	1
1	396	624	1
1	397	632	1
1	398	521	1
1	398	567	1
1	399	568	1
1	400	674	1
1	400	675	1
1	403	547	1
1	404	501	1
1	406	515	1
1	406	516	1
1	408	530	1
1	409	688	1
1	410	521	1
1	410	567	1
1	410	602	1
1	411	536	1
1	412	536	1
1	414	560	1
1	415	576	1
1	415	602	1
1	415	608	1
1	415	609	1
1	419	521	1
1	419	567	1
1	419	579	1
1	420	512	1
1	420	520	1
1	420	563	1
1	420	689	1
1	421	513	1
1	421	521	1
1	421	674	1
1	421	675	1
1	421	676	1
1	423	690	1
1	423	691	1
1	424	628	1
1	424	690	1
1	425	630	1
1	426	521	1
1	426	541	1
1	426	651	1
1	427	627	1
1	428	681	1
1	428	682	1
1	430	521	1
1	430	567	1
1	433	551	1
1	433	557	1
1	433	560	1
1	433	580	1
1	434	521	1
1	434	541	1
1	434	567	1
1	435	515	1
1	435	516	1
1	436	515	1
1	436	516	1
1	438	530	1
1	440	521	1
1	440	567	1
1	441	576	1
1	441	602	1
1	441	608	1
1	441	609	1
1	444	548	1
1	446	681	1
1	446	682	1
1	448	567	1
1	448	675	1
1	448	676	1
1	449	513	1
1	449	514	1
1	450	536	1
1	450	681	1
1	450	682	1
1	451	570	1
1	451	573	1
1	452	515	1
1	453	521	1
1	453	567	1
1	454	597	1
1	454	612	1
1	456	548	1
1	457	597	1
1	458	521	1
1	458	530	1
1	458	567	1
1	458	579	1
1	458	603	1
1	458	613	1
1	458	615	1
1	459	515	1
1	459	516	1
1	459	536	1
1	460	632	1
1	461	597	1
1	461	612	1
1	462	568	1
1	462	611	1
1	463	566	1
1	465	503	1
1	466	512	1
1	467	681	1
1	467	682	1
1	468	572	1
1	468	573	1
1	469	624	1
1	469	679	1
1	469	692	1
1	470	597	1
1	470	612	1
1	471	627	1
1	473	521	1
1	473	561	1
1	473	567	1
1	474	515	1
1	474	516	1
1	475	583	1
1	477	562	1
1	479	530	1
1	479	584	1
1	480	511	1
1	481	503	1
1	482	547	1
1	484	576	1
1	484	602	1
1	484	632	1
1	484	648	1
1	485	507	1
1	485	511	1
1	485	523	1
1	485	539	1
1	485	540	1
1	485	636	1
1	486	511	1
1	486	539	1
1	486	551	1
1	486	557	1
1	486	559	1
1	486	560	1
1	486	596	1
1	486	599	1
1	486	637	1
1	487	539	1
1	488	525	1
1	488	526	1
1	488	597	1
1	489	546	1
1	489	547	1
1	490	521	1
1	490	546	1
1	490	651	1
1	491	586	1
1	481	571	0
1	354	635	0
1	24	687	0
1	408	659	0
1	245	515	0
1	457	571	0
1	476	671	0
1	33	600	0
1	479	541	0
1	80	561	0
1	281	514	0
1	127	657	0
1	480	569	0
1	433	638	0
1	155	662	0
1	390	545	0
1	86	494	0
1	434	671	0
1	37	578	0
1	113	537	0
1	465	511	0
1	146	551	0
1	34	574	0
1	131	685	0
1	301	605	0
1	291	671	0
1	425	637	0
1	318	657	0
1	110	492	0
1	456	608	0
1	111	634	0
1	45	618	0
1	310	609	0
1	477	558	0
1	198	562	0
1	480	509	0
1	208	513	0
1	375	618	0
1	373	539	0
1	483	576	0
1	444	558	0
1	232	509	0
1	265	612	0
1	152	505	0
1	74	562	0
1	305	497	0
1	143	502	0
1	421	616	0
1	334	585	0
1	136	582	0
1	487	615	0
1	148	661	0
1	462	606	0
1	127	560	0
1	195	580	0
1	28	635	0
1	401	645	0
1	282	674	0
1	301	611	0
1	178	623	0
1	349	611	0
1	60	673	0
1	73	597	0
1	76	528	0
1	37	623	0
1	409	532	0
1	461	679	0
1	389	565	0
1	28	505	0
1	424	585	0
1	352	532	0
1	324	550	0
1	488	629	0
1	147	609	0
1	231	582	0
1	369	649	0
1	221	508	0
1	117	672	0
1	188	525	0
1	371	629	0
1	475	655	0
1	154	601	0
1	487	631	0
1	220	505	0
1	406	666	0
1	355	663	0
1	391	648	0
1	73	569	0
1	218	599	0
1	126	505	0
1	259	536	0
1	439	541	0
1	67	625	0
1	435	604	0
1	329	661	0
1	400	539	0
1	429	601	0
1	353	616	0
1	24	677	0
1	471	497	0
1	164	590	0
1	140	600	0
1	48	654	0
1	186	524	0
1	210	671	0
1	391	583	0
1	207	492	0
1	445	678	0
1	1	585	0
1	87	532	0
1	309	594	0
1	414	575	0
1	151	559	0
1	362	561	0
1	394	545	0
1	448	612	0
1	108	606	0
1	192	501	0
1	161	509	0
1	76	573	0
1	195	590	0
1	437	637	0
1	66	525	0
1	380	682	0
1	91	505	0
1	304	619	0
1	468	537	0
1	151	597	0
1	202	613	0
1	337	561	0
1	206	644	0
1	432	677	0
1	121	521	0
1	37	543	0
1	285	657	0
1	181	649	0
1	258	660	0
1	299	640	0
1	232	513	0
1	362	584	0
1	280	665	0
1	40	667	0
1	73	495	0
1	449	503	0
1	257	639	0
1	55	601	0
1	315	525	0
1	348	605	0
1	106	537	0
1	478	611	0
1	435	593	0
1	463	649	0
1	448	496	0
1	457	656	0
1	71	518	0
1	141	526	0
1	40	623	0
1	360	667	0
1	313	577	0
1	263	598	0
1	404	577	0
1	267	525	0
1	5	582	0
1	273	496	0
1	57	678	0
1	366	559	0
1	352	509	0
1	310	578	0
1	460	677	0
1	455	596	0
1	448	606	0
1	1	618	0
1	458	650	0
1	328	571	0
1	298	531	0
1	361	612	0
1	136	660	0
1	24	672	0
1	94	625	0
1	380	670	0
1	468	615	0
1	424	650	0
1	281	663	0
1	121	592	0
1	333	650	0
1	319	665	0
1	477	518	0
1	291	588	0
1	39	623	0
1	485	532	0
1	60	642	0
1	164	611	0
1	137	652	0
1	390	629	0
1	360	613	0
1	330	573	0
1	285	611	0
1	380	498	0
1	92	639	0
1	56	556	0
1	481	539	0
1	159	593	0
1	81	522	0
1	214	554	0
1	472	526	0
1	98	548	0
1	197	496	0
1	205	658	0
1	408	638	0
1	246	689	0
1	212	561	0
1	42	513	0
1	228	664	0
1	479	552	0
1	201	664	0
1	460	543	0
1	190	628	0
1	159	619	0
1	294	575	0
1	164	535	0
1	305	598	0
1	161	582	0
1	407	557	0
1	238	504	0
1	134	648	0
1	330	493	0
1	182	613	0
1	202	578	0
1	286	604	0
1	318	609	0
1	87	691	0
1	3	593	0
1	208	603	0
1	387	641	0
1	237	579	0
1	302	682	0
1	231	616	0
1	474	508	0
1	254	520	0
1	221	532	0
1	91	650	0
1	134	593	0
1	194	507	0
1	81	667	0
1	426	618	0
1	22	554	0
1	271	683	0
1	149	583	0
1	439	668	0
1	462	564	0
1	323	496	0
1	185	513	0
1	461	540	0
1	481	677	0
1	211	565	0
1	73	528	0
1	377	567	0
1	226	610	0
1	477	550	0
1	313	584	0
1	327	527	0
1	103	656	0
1	464	617	0
1	468	661	0
1	184	601	0
1	216	496	0
1	37	642	0
1	90	548	0
1	446	531	0
1	119	504	0
1	24	683	0
1	185	522	0
1	201	586	0
1	118	681	0
1	327	612	0
1	411	598	0
1	164	654	0
1	322	643	0
1	82	549	0
1	118	609	0
1	313	492	0
1	326	524	0
1	229	617	0
1	133	513	0
1	58	687	0
1	364	602	0
1	235	521	0
1	337	591	0
1	376	551	0
1	432	542	0
1	57	691	0
1	387	604	0
1	228	613	0
1	269	616	0
1	188	582	0
1	346	512	0
1	458	571	0
1	15	550	0
1	223	576	0
1	14	692	0
1	477	625	0
1	122	588	0
1	96	690	0
1	387	618	0
1	38	529	0
1	279	554	0
1	169	524	0
1	130	571	0
1	471	521	0
1	77	645	0
1	306	644	0
1	264	498	0
1	425	566	0
1	86	677	0
1	171	593	0
1	217	659	0
1	260	666	0
1	461	608	0
1	103	606	0
1	241	514	0
1	361	613	0
1	2	677	0
1	433	524	0
1	346	496	0
1	243	581	0
1	348	532	0
1	192	543	0
1	444	587	0
1	317	600	0
1	179	608	0
1	114	611	0
1	377	650	0
1	33	509	0
1	267	541	0
1	148	683	0
1	225	544	0
1	41	618	0
1	269	613	0
1	401	531	0
1	387	563	0
1	397	567	0
1	120	569	0
1	214	622	0
1	491	605	0
1	100	632	0
1	159	498	0
1	470	687	0
1	148	660	0
1	50	536	0
1	164	679	0
1	133	586	0
1	431	551	0
1	416	546	0
1	396	634	0
1	139	652	0
1	180	508	0
1	26	523	0
1	389	525	0
1	181	657	0
1	481	492	0
1	473	641	0
1	208	519	0
1	302	624	0
1	151	630	0
1	476	657	0
1	29	534	0
1	62	692	0
1	423	684	0
1	335	611	0
1	292	580	0
1	316	602	0
1	73	618	0
1	10	616	0
1	306	587	0
1	280	644	0
1	287	494	0
1	104	511	0
1	425	608	0
1	385	642	0
1	194	551	0
1	463	522	0
1	367	618	0
1	428	579	0
1	248	677	0
1	449	681	0
1	256	543	0
1	166	620	0
1	182	583	0
1	245	606	0
1	42	510	0
1	62	520	0
1	390	637	0
1	306	517	0
1	373	617	0
1	461	654	0
1	247	506	0
1	239	503	0
1	55	609	0
1	395	519	0
1	80	497	0
1	155	691	0
1	167	550	0
1	454	509	0
1	128	541	0
1	361	629	0
1	91	561	0
1	397	534	0
1	242	561	0
1	92	553	0
1	164	513	0
1	281	631	0
1	448	625	0
1	74	677	0
1	390	600	0
1	151	598	0
1	302	662	0
1	422	561	0
1	291	509	0
1	400	496	0
1	214	500	0
1	206	502	0
1	249	641	0
1	400	619	0
1	123	550	0
1	453	545	0
1	71	539	0
1	195	496	0
1	93	576	0
1	66	667	0
1	305	644	0
1	110	683	0
1	316	617	0
1	263	529	0
1	109	522	0
1	163	542	0
1	7	679	0
1	437	583	0
1	237	690	0
1	312	638	0
1	106	619	0
1	399	542	0
1	404	563	0
1	174	642	0
1	171	664	0
1	47	608	0
1	35	588	0
1	446	519	0
1	336	613	0
1	214	512	0
1	374	684	0
1	414	570	0
1	253	580	0
1	48	494	0
1	261	667	0
1	432	634	0
1	416	685	0
1	161	588	0
1	236	588	0
1	64	689	0
1	418	549	0
1	179	623	0
1	83	640	0
1	268	596	0
1	105	630	0
1	287	599	0
1	430	634	0
1	108	605	0
1	124	569	0
1	154	596	0
1	75	600	0
1	17	660	0
1	207	493	0
1	465	647	0
1	194	611	0
1	74	522	0
1	158	684	0
1	230	549	0
1	180	680	0
1	182	565	0
1	309	529	0
1	43	560	0
1	326	540	0
1	340	657	0
1	310	629	0
1	476	641	0
1	480	556	0
1	9	538	0
1	401	639	0
1	162	687	0
1	389	632	0
1	91	691	0
1	273	666	0
1	129	561	0
1	357	505	0
1	119	643	0
1	483	605	0
1	123	529	0
1	87	507	0
1	472	660	0
1	148	669	0
1	82	616	0
1	247	670	0
1	119	595	0
1	242	583	0
1	276	558	0
1	453	494	0
1	197	549	0
1	69	526	0
1	258	647	0
1	332	685	0
1	61	676	0
1	490	581	0
1	33	684	0
1	21	503	0
1	237	543	0
1	140	661	0
1	449	557	0
1	277	664	0
1	21	667	0
1	281	613	0
1	422	649	0
1	1	681	0
1	261	601	0
1	258	664	0
1	302	542	0
1	226	541	0
1	257	616	0
1	103	526	0
1	118	561	0
1	442	564	0
1	92	661	0
1	245	540	0
1	31	574	0
1	88	576	0
1	310	611	0
1	150	688	0
1	164	502	0
1	461	514	0
1	482	644	0
1	321	579	0
1	64	585	0
1	140	626	0
1	34	543	0
1	412	531	0
1	348	659	0
1	367	641	0
1	133	505	0
1	141	528	0
1	17	502	0
1	354	687	0
1	129	579	0
1	191	668	0
1	80	564	0
1	397	663	0
1	353	667	0
1	417	557	0
1	219	610	0
1	429	506	0
1	137	578	0
1	472	524	0
1	486	656	0
1	360	632	0
1	481	567	0
1	354	546	0
1	396	509	0
1	470	554	0
1	442	563	0
1	60	525	0
1	491	532	0
1	380	536	0
1	236	581	0
1	101	623	0
1	47	575	0
1	477	565	0
1	262	556	0
1	347	579	0
1	340	661	0
1	428	640	0
1	129	615	0
1	300	593	0
1	328	619	0
1	213	541	0
1	412	633	0
1	428	649	0
1	468	547	0
1	31	629	0
1	197	652	0
1	225	632	0
1	148	508	0
1	424	532	0
1	313	622	0
1	225	616	0
1	94	600	0
1	400	524	0
1	312	680	0
1	380	638	0
1	438	604	0
1	133	646	0
1	248	590	0
1	221	557	0
1	80	499	0
1	366	533	0
1	204	678	0
1	98	642	0
1	363	551	0
1	438	505	0
1	196	542	0
1	474	571	0
1	172	528	0
1	286	573	0
1	160	508	0
1	223	620	0
1	292	492	0
1	110	642	0
1	18	550	0
1	19	645	0
1	53	685	0
1	162	662	0
1	76	617	0
1	458	599	0
1	43	609	0
1	63	663	0
1	165	672	0
1	66	554	0
1	295	575	0
1	471	650	0
1	114	654	0
1	229	498	0
1	8	499	0
1	455	632	0
1	162	596	0
1	348	520	0
1	214	528	0
1	1	684	0
1	203	643	0
1	92	590	0
1	346	575	0
1	335	625	0
1	419	568	0
1	390	502	0
1	416	525	0
1	193	535	0
1	52	542	0
1	353	675	0
1	165	521	0
1	177	546	0
1	315	618	0
1	128	596	0
1	301	498	0
1	251	626	0
1	6	523	0
1	134	544	0
1	356	672	0
1	310	532	0
1	163	592	0
1	410	650	0
1	190	665	0
1	71	685	0
1	134	594	0
1	207	568	0
1	10	672	0
1	442	551	0
1	32	525	0
1	480	599	0
1	128	588	0
1	402	596	0
1	340	535	0
1	238	674	0
1	377	675	0
1	239	579	0
1	485	591	0
1	10	635	0
1	480	550	0
1	310	600	0
1	179	499	0
1	185	616	0
1	393	668	0
1	19	514	0
1	1	672	0
1	120	597	0
1	133	647	0
1	385	620	0
1	158	642	0
1	64	610	0
1	241	621	0
1	460	564	0
1	466	670	0
1	167	681	0
1	225	678	0
1	408	513	0
1	413	609	0
1	27	517	0
1	14	495	0
1	442	635	0
1	0	620	0
1	257	573	0
1	207	613	0
1	124	677	0
1	398	660	0
1	378	505	0
1	412	512	0
1	479	587	0
1	434	626	0
1	343	616	0
1	444	655	0
1	406	586	0
1	265	683	0
1	194	659	0
1	213	565	0
1	11	659	0
1	443	520	0
1	346	566	0
1	292	584	0
1	172	673	0
1	79	672	0
1	477	646	0
1	249	550	0
1	69	662	0
1	480	620	0
1	439	569	0
1	3	579	0
1	234	619	0
1	311	534	0
1	112	690	0
1	109	634	0
1	123	566	0
1	54	564	0
1	102	564	0
1	290	685	0
1	1	630	0
1	349	629	0
1	311	624	0
1	294	594	0
1	12	543	0
1	144	671	0
1	119	659	0
1	242	690	0
1	288	644	0
1	351	691	0
1	133	641	0
1	361	543	0
1	306	665	0
1	239	571	0
1	109	498	0
1	455	567	0
1	410	531	0
1	182	529	0
1	5	583	0
1	58	620	0
1	242	500	0
1	62	583	0
1	465	601	0
1	265	597	0
1	33	646	0
1	237	628	0
1	443	540	0
1	444	663	0
1	153	511	0
1	212	642	0
1	146	529	0
1	160	620	0
1	465	529	0
1	174	543	0
1	101	615	0
1	153	578	0
1	413	599	0
1	421	561	0
1	336	655	0
1	31	541	0
1	467	539	0
1	203	616	0
1	59	629	0
1	200	639	0
1	219	662	0
1	454	610	0
1	378	522	0
1	122	647	0
1	327	498	0
1	32	687	0
1	10	675	0
1	191	612	0
1	15	617	0
1	170	681	0
1	395	606	0
1	436	622	0
1	180	643	0
1	432	662	0
1	227	668	0
1	341	529	0
1	468	643	0
1	241	609	0
1	35	564	0
1	367	660	0
1	243	672	0
1	474	605	0
1	61	494	0
1	198	607	0
1	109	509	0
1	52	541	0
1	373	494	0
1	139	545	0
1	106	539	0
1	24	502	0
1	218	508	0
1	192	606	0
1	360	636	0
1	410	537	0
1	52	624	0
1	14	635	0
1	236	598	0
1	263	612	0
1	462	640	0
1	470	531	0
1	70	504	0
1	170	678	0
1	483	628	0
1	201	608	0
1	368	614	0
1	428	665	0
1	3	548	0
1	423	521	0
1	187	681	0
1	166	588	0
1	337	542	0
1	163	679	0
1	312	533	0
1	8	528	0
1	379	689	0
1	10	587	0
1	382	673	0
1	399	556	0
1	305	575	0
1	88	518	0
1	148	676	0
1	259	560	0
1	9	580	0
1	142	520	0
1	406	580	0
1	33	659	0
1	125	652	0
1	34	573	0
1	389	622	0
1	58	544	0
1	83	601	0
1	323	668	0
1	116	502	0
1	260	539	0
1	462	516	0
1	9	666	0
1	228	532	0
1	291	527	0
1	406	559	0
1	282	691	0
1	216	665	0
1	112	685	0
1	304	602	0
1	426	583	0
1	434	665	0
1	424	586	0
1	380	660	0
1	462	626	0
1	67	617	0
1	374	612	0
1	265	593	0
1	207	616	0
1	417	500	0
1	431	666	0
1	341	661	0
1	107	683	0
1	148	591	0
1	473	612	0
1	430	677	0
1	185	517	0
1	24	523	0
1	49	662	0
1	181	671	0
1	267	633	0
1	79	494	0
1	197	622	0
1	56	576	0
1	190	535	0
1	452	628	0
1	189	504	0
1	163	534	0
1	52	601	0
1	347	668	0
1	256	656	0
1	414	532	0
1	36	686	0
1	298	658	0
1	224	642	0
1	308	576	0
1	375	498	0
1	261	544	0
1	212	588	0
1	106	596	0
1	272	517	0
1	380	659	0
1	302	611	0
1	435	662	0
1	435	500	0
1	140	531	0
1	170	607	0
1	434	539	0
1	401	605	0
1	439	658	0
1	232	602	0
1	141	655	0
1	284	638	0
1	12	497	0
1	413	509	0
1	139	566	0
1	182	691	0
1	304	611	0
1	364	655	0
1	35	616	0
1	14	536	1
1	16	535	1
1	17	535	1
1	18	516	1
1	19	538	1
1	29	511	1
1	38	570	1
1	41	572	1
1	55	521	1
1	63	561	1
1	63	602	1
1	66	609	1
1	79	611	1
1	87	541	1
1	87	588	1
1	87	592	1
1	88	503	1
1	90	571	1
1	93	591	1
1	94	575	1
1	102	526	1
1	102	567	1
1	112	567	1
1	114	581	1
1	121	511	1
1	122	515	1
1	123	515	1
1	124	530	1
1	125	567	1
1	128	598	1
1	133	521	1
1	138	631	1
1	139	512	1
1	139	567	1
1	142	611	1
1	143	632	1
1	147	575	1
1	148	515	1
1	148	580	1
1	148	581	1
1	151	504	1
1	157	567	1
1	160	570	1
1	160	573	1
1	162	530	1
1	163	616	1
1	163	620	1
1	174	503	1
1	176	502	1
1	177	527	1
1	177	535	1
1	182	507	1
1	185	573	1
1	192	572	1
1	223	566	1
1	223	593	1
1	225	563	1
1	233	527	1
1	233	534	1
1	234	532	1
1	235	655	1
1	238	571	1
1	238	573	1
1	242	632	1
1	246	522	1
1	248	580	1
1	254	515	1
1	256	524	1
1	258	511	1
1	262	662	1
1	264	516	1
1	279	578	1
1	279	612	1
1	280	632	1
1	282	564	1
1	284	514	1
1	289	551	1
1	290	527	1
1	292	503	1
1	294	517	1
1	306	527	1
1	312	677	1
1	319	507	1
1	319	680	1
1	332	551	1
1	333	573	1
1	337	521	1
1	345	624	1
1	356	602	1
1	358	561	1
1	370	567	1
1	376	567	1
1	384	598	1
1	389	514	1
1	400	676	1
1	401	597	1
1	405	576	1
1	405	632	1
1	416	511	1
1	418	687	1
1	419	578	1
1	419	603	1
1	420	650	1
1	423	628	1
1	433	539	1
1	442	530	1
1	449	517	1
1	451	572	1
1	458	578	1
1	463	507	1
1	465	548	1
1	468	571	1
1	488	533	1
1	490	567	1
1	49	546	0
1	186	534	0
1	135	573	0
1	199	513	0
1	100	656	0
1	475	561	0
1	250	498	0
1	186	611	0
1	382	616	0
1	248	504	0
1	348	498	0
1	59	522	0
1	473	534	0
1	45	503	0
1	346	592	0
1	340	660	0
1	447	519	0
1	449	652	0
1	210	577	0
1	296	535	0
1	461	500	0
1	213	562	0
1	182	674	0
1	13	677	0
1	43	549	0
1	257	664	0
1	196	628	0
1	262	645	0
1	203	535	0
1	439	495	0
1	255	579	0
1	64	628	0
1	31	542	0
1	459	690	0
1	366	550	0
1	487	525	0
1	207	494	0
1	231	531	0
1	438	650	0
1	127	575	0
1	278	517	0
1	175	630	0
1	311	690	0
1	355	601	0
1	167	586	0
1	422	502	0
1	85	561	0
1	39	619	0
1	391	618	0
1	74	670	0
1	328	663	0
1	490	538	0
1	148	657	0
1	38	667	0
1	101	616	0
1	290	647	0
1	206	557	0
1	339	690	0
1	144	583	0
1	484	598	0
1	425	687	0
1	7	605	0
1	84	662	0
1	60	616	0
1	44	546	0
1	205	580	0
1	446	647	0
1	347	635	0
1	158	575	0
1	256	681	0
1	393	567	0
1	75	663	0
1	484	643	0
1	322	495	0
1	202	584	0
1	195	526	0
1	491	599	0
1	306	636	0
1	245	653	0
1	365	540	0
1	261	619	0
1	378	597	0
1	272	579	0
1	209	684	0
1	286	556	0
1	309	682	0
1	232	660	0
1	341	526	0
1	72	625	0
1	281	692	0
1	185	611	0
1	358	524	0
1	381	494	0
1	199	598	0
1	62	657	0
1	425	582	0
1	287	500	0
1	119	521	0
1	276	563	0
1	304	525	0
1	219	612	0
1	356	628	0
1	338	493	0
1	207	609	0
1	110	533	0
1	361	587	0
1	417	671	0
1	187	690	0
1	58	624	0
1	251	581	0
1	139	502	0
1	143	643	0
1	356	666	0
1	131	536	0
1	8	512	1
1	13	531	1
1	17	537	1
1	20	528	1
1	21	532	1
1	21	534	1
1	23	527	1
1	24	544	1
1	27	548	1
1	29	507	1
1	30	561	1
1	33	512	1
1	33	564	1
1	48	585	1
1	58	570	1
1	59	567	1
1	62	531	1
1	62	547	1
1	62	600	1
1	63	597	1
1	63	603	1
1	65	563	1
1	86	610	1
1	87	521	1
1	87	587	1
1	90	573	1
1	93	624	1
1	112	575	1
1	114	496	1
1	114	604	1
1	115	588	1
1	133	567	1
1	137	611	1
1	144	527	1
1	154	644	1
1	160	521	1
1	171	564	1
1	176	501	1
1	183	520	1
1	184	572	1
1	186	572	1
1	189	567	1
1	190	567	1
1	193	651	1
1	203	516	1
1	206	611	1
1	216	632	1
1	217	652	1
1	222	519	1
1	222	592	1
1	228	520	1
1	232	507	1
1	233	532	1
1	234	527	1
1	234	531	1
1	238	570	1
1	241	507	1
1	245	507	1
1	246	521	1
1	249	659	1
1	257	562	1
1	258	551	1
1	261	593	1
1	262	661	1
1	266	515	1
1	267	520	1
1	267	555	1
1	269	521	1
1	284	513	1
1	286	548	1
1	289	539	1
1	290	535	1
1	293	567	1
1	319	557	1
1	320	512	1
1	321	507	1
1	330	596	1
1	332	565	1
1	341	568	1
1	342	682	1
1	347	521	1
1	359	651	1
1	361	548	1
1	368	682	1
1	369	521	1
1	369	567	1
1	380	636	1
1	385	530	1
1	388	498	1
1	395	530	1
1	399	611	1
1	402	579	1
1	414	557	1
1	416	553	1
1	424	691	1
1	425	602	1
1	426	567	1
1	428	602	1
1	432	579	1
1	433	520	1
1	447	603	1
1	448	521	1
1	448	603	1
1	448	674	1
1	449	536	1
1	451	571	1
1	452	516	1
1	460	547	1
1	463	519	1
1	468	570	1
1	472	498	1
1	478	626	1
1	480	538	1
1	484	652	1
1	488	612	1
1	0	662	0
1	80	649	0
1	397	616	0
1	440	668	0
1	30	583	0
1	179	670	0
1	363	554	0
1	338	638	0
1	447	679	0
1	297	512	0
1	293	670	0
1	254	505	0
1	399	600	0
1	183	686	0
1	257	612	0
1	181	640	0
1	374	530	0
1	119	599	0
1	294	579	0
1	152	592	0
1	184	536	0
1	382	687	0
1	244	570	0
1	461	648	0
1	132	547	0
1	465	671	0
1	477	546	0
1	195	570	0
1	35	502	0
1	223	569	0
1	273	654	0
1	329	646	0
1	473	532	0
1	204	514	0
1	251	508	0
1	257	654	0
1	99	681	0
1	251	612	0
1	435	606	0
1	357	645	0
1	190	550	0
1	157	631	0
1	363	663	0
1	430	679	0
1	156	584	0
1	78	648	0
1	218	504	0
1	104	690	0
1	49	534	0
1	100	539	0
1	349	664	0
1	422	512	0
1	83	691	0
1	162	691	0
1	453	649	0
1	116	564	0
1	250	595	0
1	255	539	0
1	468	668	0
1	128	663	0
1	388	677	0
1	59	669	0
1	309	496	0
1	476	520	0
1	164	561	0
1	63	587	0
1	97	584	0
1	174	605	0
1	319	651	0
1	386	580	0
1	286	688	0
1	300	646	0
1	273	589	0
1	75	628	0
1	255	675	0
1	474	509	0
1	73	656	0
1	292	497	0
1	111	590	0
1	176	655	0
1	247	527	0
1	148	679	0
1	30	640	0
1	344	614	0
1	294	617	0
1	221	540	0
1	323	666	0
1	475	672	0
1	164	638	0
1	437	495	0
1	367	527	0
1	482	662	0
1	78	517	0
1	175	612	0
1	215	636	0
1	451	611	0
1	244	667	0
1	314	526	0
1	125	597	0
1	480	642	0
1	433	579	0
1	113	566	0
1	185	608	0
1	202	628	0
1	58	537	0
1	427	619	0
1	314	531	0
1	379	564	0
1	303	675	0
1	207	641	0
1	248	499	0
1	490	540	0
1	391	606	0
1	129	492	0
1	142	617	0
2	1	547	1
2	1	602	1
2	1	615	1
2	1	686	1
2	4	520	1
2	5	516	1
2	6	515	1
2	9	682	1
2	14	602	1
2	14	632	1
2	18	516	1
2	18	682	1
2	22	542	1
2	24	544	1
2	35	542	1
2	41	572	1
2	43	544	1
2	43	621	1
2	52	566	1
2	53	627	1
2	55	516	1
2	55	682	1
2	56	544	1
2	56	621	1
2	57	547	1
2	57	632	1
2	59	549	1
2	60	547	1
2	60	632	1
2	62	544	1
2	62	621	1
2	64	544	1
2	64	547	1
2	64	602	1
2	64	632	1
2	65	520	1
2	68	544	1
2	68	621	1
2	71	542	1
2	71	566	1
2	84	520	1
2	91	572	1
2	92	549	1
2	94	549	1
2	102	627	1
2	103	544	1
2	108	544	1
2	108	621	1
2	109	516	1
2	109	682	1
2	110	572	1
2	111	572	1
2	113	627	1
2	118	651	1
2	126	515	1
2	127	627	1
2	130	632	1
2	133	682	1
2	141	544	1
2	141	547	1
2	141	602	1
2	141	615	1
2	141	632	1
2	154	621	1
2	156	516	1
2	156	682	1
2	159	651	1
2	160	651	1
2	166	621	1
2	171	530	1
2	172	544	1
2	172	621	1
2	174	602	1
2	174	615	1
2	181	530	1
2	183	520	1
2	184	572	1
2	185	572	1
2	186	572	1
2	186	595	1
2	186	682	1
2	187	516	1
2	187	682	1
2	193	651	1
2	196	549	1
2	203	682	1
2	209	516	1
2	213	576	1
2	214	547	1
2	214	576	1
2	216	632	1
2	228	520	1
2	229	530	1
2	232	530	1
2	238	572	1
2	241	530	1
2	242	544	1
2	242	547	1
2	242	615	1
2	242	632	1
2	244	651	1
2	246	530	1
2	249	540	1
2	249	560	1
2	249	659	1
2	264	516	1
2	264	682	1
2	266	682	1
2	273	544	1
2	273	547	1
2	273	632	1
2	276	516	1
2	276	682	1
2	280	632	1
2	281	632	1
2	282	530	1
2	284	516	1
2	284	682	1
2	287	544	1
2	287	547	1
2	287	632	1
2	299	597	1
2	308	540	1
2	308	560	1
2	308	658	1
2	313	602	1
2	316	627	1
2	321	555	1
2	321	595	1
2	321	680	1
2	323	651	1
2	329	682	1
2	330	516	1
2	334	602	1
2	340	544	1
2	340	632	1
2	342	602	1
2	342	632	1
2	344	516	1
2	344	682	1
2	350	560	1
2	350	603	1
2	350	658	1
2	355	602	1
2	356	602	1
2	358	632	1
2	366	627	1
2	368	602	1
2	369	572	1
2	369	597	1
2	376	682	1
2	377	632	1
2	381	632	1
2	388	547	1
2	388	602	1
2	388	615	1
2	388	686	1
2	391	632	1
2	392	627	1
2	397	632	1
2	405	632	1
2	406	516	1
2	406	682	1
2	409	688	1
2	415	632	1
2	419	516	1
2	419	682	1
2	420	688	1
2	421	516	1
2	421	682	1
2	425	602	1
2	426	651	1
2	428	602	1
2	428	632	1
2	434	627	1
2	450	516	1
2	450	682	1
2	451	572	1
2	451	595	1
2	451	682	1
2	452	516	1
2	452	682	1
2	458	516	1
2	458	682	1
2	459	516	1
2	459	682	1
2	460	544	1
2	460	547	1
2	460	632	1
2	465	547	1
2	465	602	1
2	465	615	1
2	467	632	1
2	469	560	1
2	469	603	1
2	469	658	1
2	469	680	1
2	470	516	1
2	470	682	1
2	474	516	1
2	474	682	1
2	478	676	1
2	484	632	1
2	489	544	1
2	489	547	1
2	489	632	1
2	82	583	0
2	64	614	0
2	269	684	0
2	22	664	0
2	243	579	0
2	430	668	0
2	403	588	0
2	484	573	0
2	128	644	0
2	329	605	0
2	266	620	0
2	82	619	0
2	446	537	0
2	143	587	0
2	236	617	0
2	200	492	0
2	484	563	0
2	366	520	0
2	287	681	0
2	227	630	0
2	360	494	0
2	470	647	0
2	276	641	0
2	435	679	0
2	367	649	0
2	80	609	0
2	382	590	0
2	487	655	0
2	463	621	0
2	330	666	0
2	83	637	0
2	439	622	0
2	207	524	0
2	429	678	0
2	66	626	0
2	412	588	0
2	201	584	0
2	365	550	0
2	89	567	0
2	53	580	0
2	479	656	0
2	175	512	0
2	315	589	0
2	365	677	0
2	16	683	0
2	320	546	0
2	213	587	0
2	371	502	0
2	323	503	0
2	305	593	0
2	111	659	0
2	265	512	0
2	486	673	0
2	193	608	0
2	86	517	0
2	110	556	0
2	354	638	0
2	303	521	0
2	173	604	0
2	363	629	0
2	391	598	0
2	433	651	0
2	130	665	0
2	426	691	0
2	117	644	0
2	82	654	0
2	156	661	0
2	422	619	0
2	93	691	0
2	291	630	0
2	193	502	0
2	243	598	0
2	6	548	0
2	27	527	0
2	342	634	0
2	1	652	0
2	116	538	0
2	440	666	0
2	34	630	0
2	66	610	0
2	490	526	0
2	241	532	0
2	222	500	0
2	134	523	0
2	269	511	0
2	275	495	0
2	235	535	0
2	198	655	0
2	111	661	0
2	54	657	0
2	355	610	0
2	470	589	0
2	142	682	0
2	357	632	0
2	362	607	0
2	469	614	0
2	56	510	0
2	72	675	0
2	371	506	0
2	285	527	0
2	37	633	0
2	409	657	0
2	313	613	0
2	184	611	0
2	332	512	0
2	360	637	0
2	402	581	0
2	92	681	0
2	142	560	0
2	424	605	0
2	392	559	0
2	12	493	0
2	266	608	0
2	30	613	0
2	39	542	0
2	149	568	0
2	12	546	0
2	125	622	0
2	149	617	0
2	258	663	0
2	98	664	0
2	265	608	0
2	369	598	0
2	454	595	0
2	346	601	0
2	73	556	0
2	243	620	0
2	454	594	0
2	171	616	0
2	336	514	0
2	322	670	0
2	218	586	0
2	448	662	0
2	373	618	0
2	169	589	0
2	194	638	0
2	304	522	0
2	194	599	0
2	61	626	0
2	262	532	0
2	368	672	0
2	245	597	0
2	340	523	0
2	430	610	0
2	214	627	0
2	175	606	0
2	242	568	0
2	328	492	0
2	421	509	0
2	318	549	0
2	135	664	0
2	455	664	0
2	361	681	0
2	237	654	0
2	370	668	0
2	328	634	0
2	38	624	0
2	15	541	0
2	471	677	0
2	157	636	0
2	327	588	0
2	257	493	0
2	5	671	0
2	231	581	0
2	98	586	0
2	113	691	0
2	371	536	0
2	407	500	0
2	253	637	0
2	131	506	0
2	250	546	0
2	35	599	0
2	54	601	0
2	399	599	0
2	78	495	0
2	288	585	0
2	300	647	0
2	355	578	0
2	252	643	0
2	405	630	0
2	230	543	0
2	29	537	0
2	163	496	0
2	449	608	0
2	33	673	0
2	210	557	0
2	378	564	0
2	409	660	0
2	457	505	0
2	225	655	0
2	448	541	0
2	106	493	0
2	177	567	0
2	311	519	0
2	116	670	0
2	153	600	0
2	438	501	0
2	174	579	0
2	157	577	0
2	1	524	0
2	293	519	0
2	408	542	0
2	412	565	0
2	430	556	0
2	43	525	0
2	176	541	0
2	3	530	1
2	9	516	1
2	32	562	1
2	35	566	1
2	90	572	1
2	103	621	1
2	123	516	1
2	125	572	1
2	130	547	1
2	132	549	1
2	133	516	1
2	157	549	1
2	191	627	1
2	198	549	1
2	251	572	1
2	266	516	1
2	329	516	1
2	330	530	1
2	331	680	1
2	340	547	1
2	350	540	1
2	376	516	1
2	441	632	1
2	463	530	1
2	469	540	1
2	355	513	0
2	420	604	0
2	197	596	0
2	425	682	0
2	387	688	0
2	471	640	0
2	137	581	0
2	263	676	0
2	194	652	0
2	229	620	0
2	468	553	0
2	328	506	0
2	302	521	0
2	410	568	0
2	147	603	0
2	43	643	0
2	225	497	0
2	378	519	0
2	393	645	0
2	342	662	0
2	357	605	0
2	183	588	0
2	417	607	0
2	311	511	0
2	429	671	0
2	5	682	1
2	10	530	1
2	22	566	1
2	32	533	1
2	36	542	1
2	36	566	1
2	57	544	1
2	58	572	1
2	60	544	1
2	65	530	1
2	130	544	1
2	154	544	1
2	166	544	1
2	174	547	1
2	202	516	1
2	202	682	1
2	203	516	1
2	209	530	1
2	213	547	1
2	217	632	1
2	243	632	1
2	299	572	1
2	315	627	1
2	350	659	1
2	374	602	1
2	396	680	1
2	467	602	1
2	15	613	0
2	55	687	0
2	193	497	0
2	138	502	0
2	418	677	0
2	447	571	0
2	253	631	0
2	79	534	0
2	155	628	0
2	299	558	0
2	53	612	0
2	248	519	0
2	431	670	0
2	250	636	0
2	354	523	0
2	336	616	0
2	415	554	0
2	175	672	0
2	13	542	0
2	376	538	0
2	211	634	0
2	124	497	0
2	148	675	0
2	18	643	0
2	351	633	0
2	324	671	0
2	444	541	0
3	0	507	1
3	0	510	1
3	0	515	1
3	0	516	1
3	0	520	1
3	0	530	1
3	0	533	1
3	0	540	1
3	0	544	1
3	0	545	1
3	0	548	1
3	0	553	1
3	0	558	1
3	0	560	1
3	0	562	1
3	0	566	1
3	0	567	1
3	0	572	1
3	0	595	1
3	0	602	1
3	0	603	1
3	0	615	1
3	0	626	1
3	0	631	1
3	0	645	1
3	0	648	1
3	0	651	1
3	0	653	1
3	0	658	1
3	0	659	1
3	0	669	1
3	0	670	1
3	0	676	1
3	0	679	1
3	0	680	1
3	0	682	1
3	0	686	1
3	0	688	1
3	0	692	1
3	1	507	1
3	1	510	1
3	1	515	1
3	1	518	1
3	1	520	1
3	1	533	1
3	1	545	1
3	1	547	1
3	1	552	1
3	1	553	1
3	1	560	1
3	1	566	1
3	1	577	1
3	1	595	1
3	1	602	1
3	1	603	1
3	1	621	1
3	1	627	1
3	1	631	1
3	1	632	1
3	1	645	1
3	1	651	1
3	1	653	1
3	1	658	1
3	1	670	1
3	1	676	1
3	1	680	1
3	1	682	1
3	1	686	1
3	1	688	1
3	1	692	1
3	2	507	1
3	2	510	1
3	2	519	1
3	2	530	1
3	2	537	1
3	2	540	1
3	2	547	1
3	2	553	1
3	2	555	1
3	2	558	1
3	2	560	1
3	2	566	1
3	2	572	1
3	2	595	1
3	2	606	1
3	2	637	1
3	2	644	1
3	2	645	1
3	2	653	1
3	2	669	1
3	2	679	1
3	2	680	1
3	2	682	1
3	2	692	1
3	3	507	1
3	3	510	1
3	3	511	1
3	3	515	1
3	3	519	1
3	3	526	1
3	3	529	1
3	3	530	1
3	3	533	1
3	3	537	1
3	3	538	1
3	3	540	1
3	3	547	1
3	3	552	1
3	3	553	1
3	3	554	1
3	3	558	1
3	3	559	1
3	3	560	1
3	3	562	1
3	3	565	1
3	3	566	1
3	3	568	1
3	3	569	1
3	3	571	1
3	3	572	1
3	3	577	1
3	3	590	1
3	3	591	1
3	3	594	1
3	3	595	1
3	3	603	1
3	3	607	1
3	3	627	1
3	3	631	1
3	3	636	1
3	3	637	1
3	3	644	1
3	3	645	1
3	3	651	1
3	3	652	1
3	3	653	1
3	3	658	1
3	3	659	1
3	3	679	1
3	3	680	1
3	3	692	1
3	4	507	1
3	4	510	1
3	4	511	1
3	4	515	1
3	4	516	1
3	4	519	1
3	4	520	1
3	4	526	1
3	4	529	1
3	4	530	1
3	4	533	1
3	4	537	1
3	4	538	1
3	4	540	1
3	4	552	1
3	4	555	1
3	4	558	1
3	4	559	1
3	4	560	1
3	4	562	1
3	4	568	1
3	4	572	1
3	4	591	1
3	4	595	1
3	4	607	1
3	4	624	1
3	4	627	1
3	4	631	1
3	4	636	1
3	4	644	1
3	4	651	1
3	4	652	1
3	4	653	1
3	4	658	1
3	4	659	1
3	4	669	1
3	4	679	1
3	4	680	1
3	4	682	1
3	4	688	1
3	5	500	1
3	5	507	1
3	5	515	1
3	5	516	1
3	5	518	1
3	5	533	1
3	5	544	1
3	5	547	1
3	5	552	1
3	5	553	1
3	5	555	1
3	5	559	1
3	5	562	1
3	5	567	1
3	5	570	1
3	5	572	1
3	5	577	1
3	5	595	1
3	5	602	1
3	5	603	1
3	5	615	1
3	5	621	1
3	5	622	1
3	5	626	1
3	5	627	1
3	5	631	1
3	5	632	1
3	5	645	1
3	5	651	1
3	5	652	1
3	5	653	1
3	5	659	1
3	5	669	1
3	5	670	1
3	5	672	1
3	5	676	1
3	5	677	1
3	5	679	1
3	5	680	1
3	5	682	1
3	5	686	1
3	5	688	1
3	6	507	1
3	6	510	1
3	6	516	1
3	6	518	1
3	6	520	1
3	6	526	1
3	6	530	1
3	6	533	1
3	6	537	1
3	6	538	1
3	6	544	1
3	6	547	1
3	6	552	1
3	6	553	1
3	6	554	1
3	6	555	1
3	6	558	1
3	6	560	1
3	6	562	1
3	6	565	1
3	6	572	1
3	6	577	1
3	6	590	1
3	6	591	1
3	6	595	1
3	6	602	1
3	6	603	1
3	6	606	1
3	6	607	1
3	6	615	1
3	6	621	1
3	6	624	1
3	6	625	1
3	6	627	1
3	6	632	1
3	6	636	1
3	6	644	1
3	6	651	1
3	6	652	1
3	6	653	1
3	6	659	1
3	6	676	1
3	6	679	1
3	6	680	1
3	6	686	1
3	6	688	1
3	6	691	1
3	7	518	1
3	7	530	1
3	7	533	1
3	7	547	1
3	7	562	1
3	7	566	1
3	7	572	1
3	7	621	1
3	7	632	1
3	7	651	1
3	7	682	1
3	7	686	1
3	7	688	1
3	8	507	1
3	8	511	1
3	8	515	1
3	8	516	1
3	8	519	1
3	8	520	1
3	8	526	1
3	8	529	1
3	8	530	1
3	8	533	1
3	8	540	1
3	8	541	1
3	8	547	1
3	8	552	1
3	8	553	1
3	8	554	1
3	8	555	1
3	8	558	1
3	8	559	1
3	8	560	1
3	8	562	1
3	8	565	1
3	8	566	1
3	8	569	1
3	8	581	1
3	8	589	1
3	8	590	1
3	8	591	1
3	8	595	1
3	8	598	1
3	8	603	1
3	8	605	1
3	8	606	1
3	8	607	1
3	8	625	1
3	8	636	1
3	8	637	1
3	8	644	1
3	8	645	1
3	8	650	1
3	8	651	1
3	8	652	1
3	8	653	1
3	8	658	1
3	8	659	1
3	8	669	1
3	8	679	1
3	8	680	1
3	8	682	1
3	8	688	1
3	8	689	1
3	8	691	1
3	8	692	1
3	9	500	1
3	9	507	1
3	9	510	1
3	9	515	1
3	9	516	1
3	9	530	1
3	9	544	1
3	9	547	1
3	9	553	1
3	9	559	1
3	9	560	1
3	9	562	1
3	9	566	1
3	9	570	1
3	9	572	1
3	9	577	1
3	9	595	1
3	9	597	1
3	9	602	1
3	9	603	1
3	9	615	1
3	9	621	1
3	9	626	1
3	9	627	1
3	9	632	1
3	9	645	1
3	9	648	1
3	9	651	1
3	9	652	1
3	9	653	1
3	9	658	1
3	9	659	1
3	9	670	1
3	9	672	1
3	9	676	1
3	9	677	1
3	9	679	1
3	9	680	1
3	9	686	1
3	9	688	1
3	9	692	1
3	10	507	1
3	10	510	1
3	10	511	1
3	10	516	1
3	10	519	1
3	10	520	1
3	10	529	1
3	10	537	1
3	10	538	1
3	10	540	1
3	10	547	1
3	10	552	1
3	10	553	1
3	10	554	1
3	10	555	1
3	10	558	1
3	10	560	1
3	10	562	1
3	10	565	1
3	10	566	1
3	10	568	1
3	10	569	1
3	10	571	1
3	10	572	1
3	10	577	1
3	10	590	1
3	10	591	1
3	10	594	1
3	10	595	1
3	10	606	1
3	10	624	1
3	10	625	1
3	10	631	1
3	10	636	1
3	10	637	1
3	10	644	1
3	10	645	1
3	10	651	1
3	10	652	1
3	10	653	1
3	10	658	1
3	10	659	1
3	10	669	1
3	10	679	1
3	10	680	1
3	10	682	1
3	10	692	1
3	11	507	1
3	11	510	1
3	11	515	1
3	11	516	1
3	11	518	1
3	11	530	1
3	11	533	1
3	11	544	1
3	11	547	1
3	11	553	1
3	11	555	1
3	11	560	1
3	11	562	1
3	11	566	1
3	11	567	1
3	11	572	1
3	11	602	1
3	11	615	1
3	11	627	1
3	11	632	1
3	11	651	1
3	11	653	1
3	11	669	1
3	11	675	1
3	11	676	1
3	11	680	1
3	11	682	1
3	11	686	1
3	11	688	1
3	11	692	1
3	12	500	1
3	12	507	1
3	12	515	1
3	12	516	1
3	12	519	1
3	12	520	1
3	12	522	1
3	12	526	1
3	12	529	1
3	12	530	1
3	12	533	1
3	12	537	1
3	12	538	1
3	12	540	1
3	12	541	1
3	12	542	1
3	12	544	1
3	12	545	1
3	12	547	1
3	12	548	1
3	12	552	1
3	12	553	1
3	12	554	1
3	12	555	1
3	12	559	1
3	12	560	1
3	12	565	1
3	12	566	1
3	12	568	1
3	12	569	1
3	12	571	1
3	12	572	1
3	12	576	1
3	12	577	1
3	12	580	1
3	12	585	1
3	12	590	1
3	12	591	1
3	12	594	1
3	12	595	1
3	12	598	1
3	12	603	1
3	12	605	1
3	12	606	1
3	12	607	1
3	12	622	1
3	12	625	1
3	12	626	1
3	12	627	1
3	12	631	1
3	12	632	1
3	12	636	1
3	12	645	1
3	12	651	1
3	12	652	1
3	12	653	1
3	12	659	1
3	12	669	1
3	12	670	1
3	12	676	1
3	12	679	1
3	12	680	1
3	12	686	1
3	12	688	1
3	12	691	1
3	12	692	1
3	13	500	1
3	13	510	1
3	13	511	1
3	13	513	1
3	13	514	1
3	13	515	1
3	13	516	1
3	13	519	1
3	13	520	1
3	13	522	1
3	13	526	1
3	13	528	1
3	13	529	1
3	13	530	1
3	13	533	1
3	13	537	1
3	13	538	1
3	13	540	1
3	13	544	1
3	13	547	1
3	13	548	1
3	13	554	1
3	13	555	1
3	13	558	1
3	13	560	1
3	13	562	1
3	13	565	1
3	13	566	1
3	13	568	1
3	13	569	1
3	13	572	1
3	13	577	1
3	13	580	1
3	13	581	1
3	13	590	1
3	13	591	1
3	13	592	1
3	13	594	1
3	13	595	1
3	13	603	1
3	13	605	1
3	13	606	1
3	13	607	1
3	13	621	1
3	13	622	1
3	13	624	1
3	13	625	1
3	13	627	1
3	13	631	1
3	13	636	1
3	13	637	1
3	13	639	1
3	13	641	1
3	13	644	1
3	13	645	1
3	13	651	1
3	13	652	1
3	13	653	1
3	13	659	1
3	13	669	1
3	13	675	1
3	13	676	1
3	13	679	1
3	13	680	1
3	13	682	1
3	13	688	1
3	13	689	1
3	13	690	1
3	13	691	1
3	13	692	1
3	14	507	1
3	14	516	1
3	14	544	1
3	14	548	1
3	14	553	1
3	14	555	1
3	14	572	1
3	14	576	1
3	14	577	1
3	14	597	1
3	14	603	1
3	14	615	1
3	14	622	1
3	14	632	1
3	14	651	1
3	14	653	1
3	14	669	1
3	14	672	1
3	14	679	1
3	14	680	1
3	14	682	1
3	14	686	1
3	15	499	1
3	15	507	1
3	15	510	1
3	15	515	1
3	15	520	1
3	15	528	1
3	15	529	1
3	15	530	1
3	15	533	1
3	15	540	1
3	15	553	1
3	15	555	1
3	15	562	1
3	15	566	1
3	15	567	1
3	15	569	1
3	15	572	1
3	15	577	1
3	15	590	1
3	15	591	1
3	15	595	1
3	15	597	1
3	15	602	1
3	15	606	1
3	15	615	1
3	15	621	1
3	15	627	1
3	15	631	1
3	15	632	1
3	15	634	1
3	15	636	1
3	15	638	1
3	15	651	1
3	15	653	1
3	15	658	1
3	15	669	1
3	15	670	1
3	15	674	1
3	15	676	1
3	15	680	1
3	15	682	1
3	15	686	1
3	15	688	1
3	15	692	1
3	16	496	1
3	16	500	1
3	16	507	1
3	16	510	1
3	16	511	1
3	16	513	1
3	16	514	1
3	16	515	1
3	16	516	1
3	16	519	1
3	16	520	1
3	16	523	1
3	16	526	1
3	16	528	1
3	16	529	1
3	16	530	1
3	16	533	1
3	16	540	1
3	16	544	1
3	16	547	1
3	16	548	1
3	16	552	1
3	16	553	1
3	16	554	1
3	16	555	1
3	16	558	1
3	16	560	1
3	16	562	1
3	16	565	1
3	16	566	1
3	16	568	1
3	16	569	1
3	16	577	1
3	16	580	1
3	16	581	1
3	16	590	1
3	16	591	1
3	16	592	1
3	16	594	1
3	16	595	1
3	16	605	1
3	16	606	1
3	16	621	1
3	16	622	1
3	16	624	1
3	16	625	1
3	16	627	1
3	16	632	1
3	16	636	1
3	16	637	1
3	16	639	1
3	16	641	1
3	16	644	1
3	16	645	1
3	16	652	1
3	16	653	1
3	16	658	1
3	16	659	1
3	16	669	1
3	16	670	1
3	16	675	1
3	16	679	1
3	16	688	1
3	16	689	1
3	16	690	1
3	16	691	1
3	16	692	1
3	17	496	1
3	17	500	1
3	17	507	1
3	17	510	1
3	17	511	1
3	17	515	1
3	17	516	1
3	17	519	1
3	17	522	1
3	17	523	1
3	17	526	1
3	17	530	1
3	17	533	1
3	17	537	1
3	17	538	1
3	17	544	1
3	17	547	1
3	17	548	1
3	17	552	1
3	17	553	1
3	17	554	1
3	17	555	1
3	17	558	1
3	17	560	1
3	17	562	1
3	17	565	1
3	17	566	1
3	17	568	1
3	17	572	1
3	17	577	1
3	17	580	1
3	17	581	1
3	17	590	1
3	17	591	1
3	17	592	1
3	17	594	1
3	17	595	1
3	17	606	1
3	17	607	1
3	17	621	1
3	17	622	1
3	17	624	1
3	17	625	1
3	17	627	1
3	17	632	1
3	17	639	1
3	17	641	1
3	17	644	1
3	17	645	1
3	17	651	1
3	17	658	1
3	17	659	1
3	17	669	1
3	17	670	1
3	17	675	1
3	17	676	1
3	17	679	1
3	17	680	1
3	17	682	1
3	17	688	1
3	17	689	1
3	17	690	1
3	17	691	1
3	17	692	1
3	18	500	1
3	18	507	1
3	18	510	1
3	18	515	1
3	18	516	1
3	18	530	1
3	18	540	1
3	18	544	1
3	18	547	1
3	18	552	1
3	18	553	1
3	18	560	1
3	18	562	1
3	18	566	1
3	18	567	1
3	18	570	1
3	18	572	1
3	18	595	1
3	18	597	1
3	18	603	1
3	18	615	1
3	18	621	1
3	18	622	1
3	18	626	1
3	18	627	1
3	18	631	1
3	18	648	1
3	18	653	1
3	18	659	1
3	18	669	1
3	18	672	1
3	18	676	1
3	18	677	1
3	18	679	1
3	18	682	1
3	18	686	1
3	18	688	1
3	18	692	1
3	20	500	1
3	20	510	1
3	20	511	1
3	20	513	1
3	20	514	1
3	20	515	1
3	20	516	1
3	20	519	1
3	20	522	1
3	20	523	1
3	20	526	1
3	20	528	1
3	20	529	1
3	20	530	1
3	20	537	1
3	20	538	1
3	20	540	1
3	20	544	1
3	20	547	1
3	20	553	1
3	20	554	1
3	20	555	1
3	20	559	1
3	20	560	1
3	20	562	1
3	20	565	1
3	20	566	1
3	20	568	1
3	20	577	1
3	20	580	1
3	20	590	1
3	20	591	1
3	20	592	1
3	20	594	1
3	20	595	1
3	20	603	1
3	20	606	1
3	20	607	1
3	20	621	1
3	20	625	1
3	20	627	1
3	20	631	1
3	20	632	1
3	20	636	1
3	20	637	1
3	20	639	1
3	20	641	1
3	20	645	1
3	20	652	1
3	20	653	1
3	20	658	1
3	20	669	1
3	20	670	1
3	20	675	1
3	20	676	1
3	20	680	1
3	20	682	1
3	20	688	1
3	20	689	1
3	20	690	1
3	20	691	1
3	20	692	1
3	21	496	1
3	21	507	1
3	21	510	1
3	21	513	1
3	21	514	1
3	21	516	1
3	21	519	1
3	21	520	1
3	21	523	1
3	21	526	1
3	21	528	1
3	21	529	1
3	21	530	1
3	21	533	1
3	21	537	1
3	21	538	1
3	21	540	1
3	21	544	1
3	21	547	1
3	21	548	1
3	21	552	1
3	21	553	1
3	21	554	1
3	21	555	1
3	21	558	1
3	21	559	1
3	21	560	1
3	21	562	1
3	21	565	1
3	21	566	1
3	21	568	1
3	21	569	1
3	21	577	1
3	21	580	1
3	21	581	1
3	21	590	1
3	21	591	1
3	21	594	1
3	21	595	1
3	21	603	1
3	21	605	1
3	21	606	1
3	21	621	1
3	21	622	1
3	21	624	1
3	21	627	1
3	21	631	1
3	21	632	1
3	21	636	1
3	21	637	1
3	21	639	1
3	21	641	1
3	21	645	1
3	21	652	1
3	21	653	1
3	21	658	1
3	21	659	1
3	21	669	1
3	21	675	1
3	21	676	1
3	21	679	1
3	21	680	1
3	21	682	1
3	21	688	1
3	21	689	1
3	21	690	1
3	21	691	1
3	21	692	1
3	22	507	1
3	22	516	1
3	22	523	1
3	22	529	1
3	22	530	1
3	22	541	1
3	22	547	1
3	22	548	1
3	22	553	1
3	22	555	1
3	22	560	1
3	22	565	1
3	22	566	1
3	22	568	1
3	22	572	1
3	22	581	1
3	22	591	1
3	22	592	1
3	22	605	1
3	22	625	1
3	22	626	1
3	22	636	1
3	22	651	1
3	22	652	1
3	22	653	1
3	22	669	1
3	22	680	1
3	22	688	1
3	22	692	1
3	23	496	1
3	23	507	1
3	23	510	1
3	23	511	1
3	23	513	1
3	23	514	1
3	23	515	1
3	23	516	1
3	23	519	1
3	23	520	1
3	23	522	1
3	23	523	1
3	23	528	1
3	23	529	1
3	23	530	1
3	23	533	1
3	23	537	1
3	23	540	1
3	23	544	1
3	23	547	1
3	23	548	1
3	23	552	1
3	23	553	1
3	23	554	1
3	23	555	1
3	23	558	1
3	23	559	1
3	23	560	1
3	23	565	1
3	23	566	1
3	23	568	1
3	23	569	1
3	23	572	1
3	23	577	1
3	23	581	1
3	23	590	1
3	23	591	1
3	23	592	1
3	23	594	1
3	23	595	1
3	23	603	1
3	23	605	1
3	23	606	1
3	23	621	1
3	23	624	1
3	23	625	1
3	23	627	1
3	23	631	1
3	23	632	1
3	23	636	1
3	23	637	1
3	23	641	1
3	23	645	1
3	23	651	1
3	23	653	1
3	23	658	1
3	23	659	1
3	23	670	1
3	23	679	1
3	23	680	1
3	23	688	1
3	23	689	1
3	23	691	1
3	23	692	1
3	24	514	1
3	24	516	1
3	24	533	1
3	24	544	1
3	24	547	1
3	24	548	1
3	24	553	1
3	24	560	1
3	24	571	1
3	24	572	1
3	24	627	1
3	24	639	1
3	24	641	1
3	24	645	1
3	24	678	1
3	24	679	1
3	25	507	1
3	25	510	1
3	25	511	1
3	25	513	1
3	25	516	1
3	25	519	1
3	25	520	1
3	25	522	1
3	25	523	1
3	25	526	1
3	25	528	1
3	25	530	1
3	25	533	1
3	25	537	1
3	25	540	1
3	25	544	1
3	25	547	1
3	25	548	1
3	25	552	1
3	25	553	1
3	25	554	1
3	25	559	1
3	25	562	1
3	25	565	1
3	25	566	1
3	25	568	1
3	25	569	1
3	25	577	1
3	25	580	1
3	25	581	1
3	25	590	1
3	25	591	1
3	25	592	1
3	25	594	1
3	25	595	1
3	25	603	1
3	25	605	1
3	25	606	1
3	25	621	1
3	25	622	1
3	25	624	1
3	25	625	1
3	25	627	1
3	25	632	1
3	25	636	1
3	25	637	1
3	25	639	1
3	25	641	1
3	25	644	1
3	25	645	1
3	25	651	1
3	25	652	1
3	25	653	1
3	25	658	1
3	25	659	1
3	25	670	1
3	25	675	1
3	25	676	1
3	25	679	1
3	25	680	1
3	25	682	1
3	25	688	1
3	25	689	1
3	25	690	1
3	25	691	1
3	25	692	1
3	26	507	1
3	26	510	1
3	26	515	1
3	26	516	1
3	26	518	1
3	26	530	1
3	26	533	1
3	26	540	1
3	26	545	1
3	26	547	1
3	26	553	1
3	26	560	1
3	26	562	1
3	26	566	1
3	26	572	1
3	26	576	1
3	26	602	1
3	26	603	1
3	26	615	1
3	26	621	1
3	26	631	1
3	26	632	1
3	26	648	1
3	26	651	1
3	26	658	1
3	26	659	1
3	26	669	1
3	26	676	1
3	26	679	1
3	26	682	1
3	26	686	1
3	26	688	1
3	26	692	1
3	27	499	1
3	27	507	1
3	27	515	1
3	27	516	1
3	27	518	1
3	27	520	1
3	27	528	1
3	27	529	1
3	27	537	1
3	27	540	1
3	27	547	1
3	27	552	1
3	27	553	1
3	27	555	1
3	27	558	1
3	27	560	1
3	27	565	1
3	27	569	1
3	27	571	1
3	27	572	1
3	27	577	1
3	27	591	1
3	27	597	1
3	27	602	1
3	27	606	1
3	27	615	1
3	27	621	1
3	27	625	1
3	27	627	1
3	27	631	1
3	27	632	1
3	27	634	1
3	27	636	1
3	27	638	1
3	27	645	1
3	27	653	1
3	27	658	1
3	27	659	1
3	27	669	1
3	27	670	1
3	27	674	1
3	27	676	1
3	27	679	1
3	27	680	1
3	27	686	1
3	27	692	1
3	28	500	1
3	28	507	1
3	28	510	1
3	28	511	1
3	28	513	1
3	28	514	1
3	28	515	1
3	28	516	1
3	28	519	1
3	28	522	1
3	28	523	1
3	28	526	1
3	28	528	1
3	28	529	1
3	28	530	1
3	28	533	1
3	28	537	1
3	28	538	1
3	28	540	1
3	28	544	1
3	28	548	1
3	28	552	1
3	28	553	1
3	28	554	1
3	28	555	1
3	28	558	1
3	28	559	1
3	28	560	1
3	28	562	1
3	28	565	1
3	28	569	1
3	28	572	1
3	28	577	1
3	28	581	1
3	28	590	1
3	28	591	1
3	28	592	1
3	28	594	1
3	28	595	1
3	28	605	1
3	28	606	1
3	28	607	1
3	28	621	1
3	28	624	1
3	28	625	1
3	28	627	1
3	28	636	1
3	28	637	1
3	28	639	1
3	28	641	1
3	28	644	1
3	28	652	1
3	28	653	1
3	28	658	1
3	28	659	1
3	28	669	1
3	28	670	1
3	28	675	1
3	28	676	1
3	28	679	1
3	28	682	1
3	28	688	1
3	28	689	1
3	28	690	1
3	28	691	1
3	28	692	1
3	29	562	1
3	30	499	1
3	30	507	1
3	30	510	1
3	30	515	1
3	30	516	1
3	30	518	1
3	30	520	1
3	30	528	1
3	30	529	1
3	30	530	1
3	30	537	1
3	30	540	1
3	30	544	1
3	30	547	1
3	30	553	1
3	30	558	1
3	30	560	1
3	30	566	1
3	30	567	1
3	30	569	1
3	30	572	1
3	30	577	1
3	30	590	1
3	30	591	1
3	30	595	1
3	30	597	1
3	30	602	1
3	30	606	1
3	30	621	1
3	30	627	1
3	30	631	1
3	30	632	1
3	30	634	1
3	30	636	1
3	30	638	1
3	30	645	1
3	30	648	1
3	30	651	1
3	30	653	1
3	30	659	1
3	30	669	1
3	30	674	1
3	30	676	1
3	30	679	1
3	30	680	1
3	30	682	1
3	30	686	1
3	30	688	1
3	30	692	1
3	31	560	1
3	31	572	1
3	31	599	1
3	31	668	1
3	31	669	1
3	31	682	1
3	32	510	1
3	32	511	1
3	32	518	1
3	32	519	1
3	32	520	1
3	32	526	1
3	32	529	1
3	32	530	1
3	32	533	1
3	32	537	1
3	32	538	1
3	32	540	1
3	32	544	1
3	32	547	1
3	32	552	1
3	32	553	1
3	32	554	1
3	32	555	1
3	32	559	1
3	32	560	1
3	32	562	1
3	32	565	1
3	32	572	1
3	32	577	1
3	32	590	1
3	32	595	1
3	32	602	1
3	32	606	1
3	32	615	1
3	32	621	1
3	32	624	1
3	32	625	1
3	32	631	1
3	32	636	1
3	32	637	1
3	32	644	1
3	32	645	1
3	32	651	1
3	32	652	1
3	32	658	1
3	32	659	1
3	32	669	1
3	32	675	1
3	32	676	1
3	32	679	1
3	32	680	1
3	32	686	1
3	32	688	1
3	32	692	1
3	33	507	1
3	33	510	1
3	33	519	1
3	33	520	1
3	33	533	1
3	33	537	1
3	33	538	1
3	33	540	1
3	33	553	1
3	33	555	1
3	33	558	1
3	33	560	1
3	33	566	1
3	33	572	1
3	33	595	1
3	33	606	1
3	33	627	1
3	33	631	1
3	33	637	1
3	33	644	1
3	33	645	1
3	33	653	1
3	33	682	1
3	33	688	1
3	33	692	1
3	34	500	1
3	34	507	1
3	34	510	1
3	34	515	1
3	34	516	1
3	34	519	1
3	34	520	1
3	34	522	1
3	34	523	1
3	34	526	1
3	34	529	1
3	34	537	1
3	34	538	1
3	34	540	1
3	34	541	1
3	34	544	1
3	34	545	1
3	34	547	1
3	34	548	1
3	34	552	1
3	34	554	1
3	34	555	1
3	34	559	1
3	34	565	1
3	34	566	1
3	34	568	1
3	34	569	1
3	34	571	1
3	34	576	1
3	34	580	1
3	34	581	1
3	34	585	1
3	34	590	1
3	34	594	1
3	34	598	1
3	34	602	1
3	34	603	1
3	34	605	1
3	34	606	1
3	34	607	1
3	34	622	1
3	34	626	1
3	34	627	1
3	34	636	1
3	34	644	1
3	34	645	1
3	34	651	1
3	34	652	1
3	34	653	1
3	34	658	1
3	34	659	1
3	34	669	1
3	34	670	1
3	34	676	1
3	34	679	1
3	34	680	1
3	34	682	1
3	34	686	1
3	34	692	1
3	35	507	1
3	35	516	1
3	35	523	1
3	35	529	1
3	35	530	1
3	35	541	1
3	35	547	1
3	35	553	1
3	35	555	1
3	35	560	1
3	35	565	1
3	35	566	1
3	35	568	1
3	35	569	1
3	35	580	1
3	35	581	1
3	35	587	1
3	35	590	1
3	35	591	1
3	35	592	1
3	35	605	1
3	35	619	1
3	35	625	1
3	35	626	1
3	35	651	1
3	35	652	1
3	35	653	1
3	35	669	1
3	35	680	1
3	35	692	1
3	36	516	1
3	36	523	1
3	36	529	1
3	36	540	1
3	36	547	1
3	36	548	1
3	36	553	1
3	36	555	1
3	36	560	1
3	36	565	1
3	36	566	1
3	36	568	1
3	36	569	1
3	36	572	1
3	36	580	1
3	36	581	1
3	36	590	1
3	36	591	1
3	36	592	1
3	36	605	1
3	36	619	1
3	36	625	1
3	36	626	1
3	36	636	1
3	36	651	1
3	36	652	1
3	36	653	1
3	36	669	1
3	36	680	1
3	36	688	1
3	36	692	1
3	37	516	1
3	37	544	1
3	37	545	1
3	37	547	1
3	37	548	1
3	37	552	1
3	37	553	1
3	37	576	1
3	37	602	1
3	37	615	1
3	37	632	1
3	37	648	1
3	37	651	1
3	37	653	1
3	37	669	1
3	37	680	1
3	37	686	1
3	38	499	1
3	38	507	1
3	38	510	1
3	38	545	1
3	38	547	1
3	38	548	1
3	38	553	1
3	38	555	1
3	38	571	1
3	38	572	1
3	38	597	1
3	38	653	1
3	38	669	1
3	38	680	1
3	38	682	1
3	38	683	1
3	38	692	1
3	39	496	1
3	39	500	1
3	39	507	1
3	39	510	1
3	39	511	1
3	39	515	1
3	39	516	1
3	39	519	1
3	39	520	1
3	39	522	1
3	39	523	1
3	39	528	1
3	39	530	1
3	39	533	1
3	39	537	1
3	39	540	1
3	39	544	1
3	39	548	1
3	39	553	1
3	39	554	1
3	39	560	1
3	39	566	1
3	39	568	1
3	39	572	1
3	39	577	1
3	39	580	1
3	39	581	1
3	39	590	1
3	39	591	1
3	39	594	1
3	39	595	1
3	39	603	1
3	39	605	1
3	39	606	1
3	39	607	1
3	39	621	1
3	39	622	1
3	39	624	1
3	39	627	1
3	39	631	1
3	39	632	1
3	39	636	1
3	39	637	1
3	39	641	1
3	39	645	1
3	39	651	1
3	39	652	1
3	39	658	1
3	39	659	1
3	39	669	1
3	39	670	1
3	39	675	1
3	39	676	1
3	39	680	1
3	39	682	1
3	39	688	1
3	39	689	1
3	39	690	1
3	39	691	1
3	39	692	1
3	40	497	1
3	40	499	1
3	40	550	1
3	40	574	1
3	40	597	1
3	40	642	1
3	40	643	1
3	40	645	1
3	40	651	1
3	40	665	1
3	40	669	1
3	40	682	1
3	41	507	1
3	41	510	1
3	41	516	1
3	41	530	1
3	41	553	1
3	41	555	1
3	41	567	1
3	41	571	1
3	41	572	1
3	41	574	1
3	41	577	1
3	41	631	1
3	41	643	1
3	41	653	1
3	41	665	1
3	41	680	1
3	41	692	1
3	42	492	1
3	42	547	1
3	42	560	1
3	42	572	1
3	42	599	1
3	42	627	1
3	42	639	1
3	42	641	1
3	42	651	1
3	42	669	1
3	42	680	1
3	42	682	1
3	43	515	1
3	43	516	1
3	43	518	1
3	43	533	1
3	43	544	1
3	43	547	1
3	43	552	1
3	43	553	1
3	43	555	1
3	43	566	1
3	43	602	1
3	43	615	1
3	43	621	1
3	43	632	1
3	43	669	1
3	43	679	1
3	43	680	1
3	43	686	1
3	43	688	1
3	44	507	1
3	44	510	1
3	44	515	1
3	44	516	1
3	44	518	1
3	44	520	1
3	44	526	1
3	44	530	1
3	44	533	1
3	44	541	1
3	44	542	1
3	44	547	1
3	44	548	1
3	44	552	1
3	44	558	1
3	44	559	1
3	44	562	1
3	44	566	1
3	44	567	1
3	44	571	1
3	44	572	1
3	44	587	1
3	44	592	1
3	44	595	1
3	44	599	1
3	44	602	1
3	44	606	1
3	44	607	1
3	44	615	1
3	44	621	1
3	44	626	1
3	44	627	1
3	44	631	1
3	44	651	1
3	44	653	1
3	44	658	1
3	44	659	1
3	44	668	1
3	44	669	1
3	44	670	1
3	44	676	1
3	44	679	1
3	44	680	1
3	44	682	1
3	44	686	1
3	44	688	1
3	44	692	1
3	45	500	1
3	45	507	1
3	45	510	1
3	45	515	1
3	45	520	1
3	45	526	1
3	45	530	1
3	45	533	1
3	45	544	1
3	45	547	1
3	45	552	1
3	45	553	1
3	45	555	1
3	45	559	1
3	45	567	1
3	45	571	1
3	45	572	1
3	45	577	1
3	45	599	1
3	45	602	1
3	45	621	1
3	45	627	1
3	45	631	1
3	45	632	1
3	45	645	1
3	45	648	1
3	45	651	1
3	45	653	1
3	45	668	1
3	45	669	1
3	45	670	1
3	45	679	1
3	45	682	1
3	45	692	1
3	46	507	1
3	46	510	1
3	46	515	1
3	46	516	1
3	46	518	1
3	46	530	1
3	46	533	1
3	46	544	1
3	46	547	1
3	46	553	1
3	46	555	1
3	46	566	1
3	46	572	1
3	46	577	1
3	46	602	1
3	46	615	1
3	46	621	1
3	46	627	1
3	46	632	1
3	46	645	1
3	46	651	1
3	46	658	1
3	46	659	1
3	46	669	1
3	46	670	1
3	46	680	1
3	46	682	1
3	46	686	1
3	46	688	1
3	47	510	1
3	47	516	1
3	47	518	1
3	47	530	1
3	47	533	1
3	47	544	1
3	47	547	1
3	47	552	1
3	47	553	1
3	47	555	1
3	47	562	1
3	47	566	1
3	47	567	1
3	47	572	1
3	47	577	1
3	47	595	1
3	47	602	1
3	47	615	1
3	47	621	1
3	47	626	1
3	47	627	1
3	47	631	1
3	47	632	1
3	47	645	1
3	47	648	1
3	47	651	1
3	47	653	1
3	47	658	1
3	47	659	1
3	47	670	1
3	47	672	1
3	47	676	1
3	47	677	1
3	47	679	1
3	47	680	1
3	47	682	1
3	47	686	1
3	47	688	1
3	47	692	1
3	48	507	1
3	48	510	1
3	48	515	1
3	48	516	1
3	48	518	1
3	48	544	1
3	48	552	1
3	48	553	1
3	48	555	1
3	48	562	1
3	48	566	1
3	48	577	1
3	48	602	1
3	48	615	1
3	48	621	1
3	48	627	1
3	48	632	1
3	48	645	1
3	48	651	1
3	48	669	1
3	48	682	1
3	48	686	1
3	48	688	1
3	49	515	1
3	49	518	1
3	49	533	1
3	49	544	1
3	49	547	1
3	49	562	1
3	49	566	1
3	49	572	1
3	49	602	1
3	49	621	1
3	49	632	1
3	49	651	1
3	49	682	1
3	49	686	1
3	49	688	1
3	50	516	1
3	50	518	1
3	50	530	1
3	50	533	1
3	50	544	1
3	50	547	1
3	50	562	1
3	50	566	1
3	50	572	1
3	50	615	1
3	50	632	1
3	50	651	1
3	50	682	1
3	50	686	1
3	50	688	1
3	51	499	1
3	51	516	1
3	51	553	1
3	51	651	1
3	51	653	1
3	51	669	1
3	51	682	1
3	52	507	1
3	52	510	1
3	52	515	1
3	52	516	1
3	52	518	1
3	52	529	1
3	52	530	1
3	52	533	1
3	52	544	1
3	52	547	1
3	52	553	1
3	52	555	1
3	52	562	1
3	52	568	1
3	52	572	1
3	52	594	1
3	52	595	1
3	52	602	1
3	52	615	1
3	52	621	1
3	52	632	1
3	52	651	1
3	52	676	1
3	52	680	1
3	52	682	1
3	52	686	1
3	52	688	1
3	52	692	1
3	53	500	1
3	53	510	1
3	53	515	1
3	53	516	1
3	53	529	1
3	53	530	1
3	53	547	1
3	53	553	1
3	53	554	1
3	53	555	1
3	53	565	1
3	53	568	1
3	53	572	1
3	53	577	1
3	53	622	1
3	53	636	1
3	53	651	1
3	53	652	1
3	53	653	1
3	53	669	1
3	53	672	1
3	53	676	1
3	53	682	1
3	54	507	1
3	54	516	1
3	54	544	1
3	54	547	1
3	54	553	1
3	54	572	1
3	54	576	1
3	54	577	1
3	54	597	1
3	54	602	1
3	54	615	1
3	54	653	1
3	54	669	1
3	54	672	1
3	54	680	1
3	54	682	1
3	54	686	1
3	55	500	1
3	55	507	1
3	55	510	1
3	55	515	1
3	55	516	1
3	55	518	1
3	55	533	1
3	55	540	1
3	55	552	1
3	55	553	1
3	55	559	1
3	55	562	1
3	55	566	1
3	55	567	1
3	55	570	1
3	55	572	1
3	55	577	1
3	55	595	1
3	55	597	1
3	55	615	1
3	55	622	1
3	55	626	1
3	55	627	1
3	55	631	1
3	55	632	1
3	55	645	1
3	55	648	1
3	55	651	1
3	55	652	1
3	55	653	1
3	55	659	1
3	55	669	1
3	55	670	1
3	55	676	1
3	55	677	1
3	55	680	1
3	55	682	1
3	55	686	1
3	55	692	1
3	56	515	1
3	56	516	1
3	56	518	1
3	56	530	1
3	56	544	1
3	56	547	1
3	56	552	1
3	56	553	1
3	56	555	1
3	56	562	1
3	56	566	1
3	56	572	1
3	56	615	1
3	56	621	1
3	56	627	1
3	56	632	1
3	56	651	1
3	56	653	1
3	56	669	1
3	56	679	1
3	56	680	1
3	56	682	1
3	56	686	1
3	56	688	1
3	57	499	1
3	57	507	1
3	57	510	1
3	57	515	1
3	57	516	1
3	57	518	1
3	57	520	1
3	57	528	1
3	57	529	1
3	57	530	1
3	57	537	1
3	57	540	1
3	57	544	1
3	57	548	1
3	57	552	1
3	57	553	1
3	57	555	1
3	57	560	1
3	57	562	1
3	57	565	1
3	57	566	1
3	57	567	1
3	57	576	1
3	57	577	1
3	57	590	1
3	57	595	1
3	57	597	1
3	57	602	1
3	57	603	1
3	57	615	1
3	57	621	1
3	57	625	1
3	57	626	1
3	57	627	1
3	57	632	1
3	57	636	1
3	57	638	1
3	57	645	1
3	57	648	1
3	57	651	1
3	57	653	1
3	57	658	1
3	57	659	1
3	57	670	1
3	57	676	1
3	57	680	1
3	57	682	1
3	57	686	1
3	57	688	1
3	57	692	1
3	58	507	1
3	58	510	1
3	58	553	1
3	58	555	1
3	58	571	1
3	58	572	1
3	58	577	1
3	58	631	1
3	58	644	1
3	58	651	1
3	58	653	1
3	58	665	1
3	58	669	1
3	58	680	1
3	58	692	1
3	60	507	1
3	60	510	1
3	60	515	1
3	60	516	1
3	60	518	1
3	60	530	1
3	60	533	1
3	60	547	1
3	60	553	1
3	60	555	1
3	60	562	1
3	60	566	1
3	60	572	1
3	60	577	1
3	60	595	1
3	60	615	1
3	60	627	1
3	60	632	1
3	60	645	1
3	60	651	1
3	60	658	1
3	60	659	1
3	60	669	1
3	60	670	1
3	60	679	1
3	60	680	1
3	60	682	1
3	60	686	1
3	60	688	1
3	61	500	1
3	61	502	1
3	61	515	1
3	61	516	1
3	61	520	1
3	61	530	1
3	61	533	1
3	61	538	1
3	61	540	1
3	61	547	1
3	61	552	1
3	61	553	1
3	61	555	1
3	61	558	1
3	61	560	1
3	61	565	1
3	61	571	1
3	61	572	1
3	61	577	1
3	61	590	1
3	61	591	1
3	61	595	1
3	61	602	1
3	61	603	1
3	61	625	1
3	61	627	1
3	61	631	1
3	61	632	1
3	61	648	1
3	61	650	1
3	61	652	1
3	61	653	1
3	61	669	1
3	61	679	1
3	61	680	1
3	61	682	1
3	61	692	1
3	62	515	1
3	62	518	1
3	62	544	1
3	62	547	1
3	62	552	1
3	62	555	1
3	62	562	1
3	62	566	1
3	62	572	1
3	62	602	1
3	62	615	1
3	62	621	1
3	62	627	1
3	62	632	1
3	62	651	1
3	62	653	1
3	62	680	1
3	62	682	1
3	62	686	1
3	62	688	1
3	63	507	1
3	63	515	1
3	63	516	1
3	63	518	1
3	63	530	1
3	63	533	1
3	63	544	1
3	63	547	1
3	63	553	1
3	63	566	1
3	63	567	1
3	63	577	1
3	63	602	1
3	63	615	1
3	63	621	1
3	63	626	1
3	63	627	1
3	63	631	1
3	63	651	1
3	63	669	1
3	63	682	1
3	63	686	1
3	63	688	1
3	64	507	1
3	64	510	1
3	64	515	1
3	64	516	1
3	64	530	1
3	64	533	1
3	64	544	1
3	64	547	1
3	64	552	1
3	64	553	1
3	64	562	1
3	64	566	1
3	64	567	1
3	64	572	1
3	64	576	1
3	64	595	1
3	64	602	1
3	64	615	1
3	64	626	1
3	64	645	1
3	64	651	1
3	64	653	1
3	64	658	1
3	64	659	1
3	64	669	1
3	64	670	1
3	64	679	1
3	64	680	1
3	64	686	1
3	64	688	1
3	64	692	1
3	65	507	1
3	65	511	1
3	65	515	1
3	65	516	1
3	65	520	1
3	65	526	1
3	65	529	1
3	65	530	1
3	65	533	1
3	65	537	1
3	65	538	1
3	65	540	1
3	65	542	1
3	65	547	1
3	65	552	1
3	65	553	1
3	65	554	1
3	65	555	1
3	65	558	1
3	65	559	1
3	65	560	1
3	65	562	1
3	65	565	1
3	65	566	1
3	65	568	1
3	65	569	1
3	65	572	1
3	65	577	1
3	65	590	1
3	65	591	1
3	65	594	1
3	65	595	1
3	65	603	1
3	65	606	1
3	65	607	1
3	65	624	1
3	65	625	1
3	65	627	1
3	65	631	1
3	65	637	1
3	65	644	1
3	65	645	1
3	65	651	1
3	65	652	1
3	65	658	1
3	65	659	1
3	65	669	1
3	65	676	1
3	65	680	1
3	65	682	1
3	66	507	1
3	66	510	1
3	66	515	1
3	66	516	1
3	66	518	1
3	66	529	1
3	66	530	1
3	66	540	1
3	66	544	1
3	66	547	1
3	66	552	1
3	66	555	1
3	66	560	1
3	66	562	1
3	66	566	1
3	66	602	1
3	66	615	1
3	66	621	1
3	66	627	1
3	66	631	1
3	66	632	1
3	66	644	1
3	66	651	1
3	66	653	1
3	66	658	1
3	66	659	1
3	66	669	1
3	66	680	1
3	66	682	1
3	66	686	1
3	66	688	1
3	66	692	1
3	67	515	1
3	67	530	1
3	67	533	1
3	67	544	1
3	67	547	1
3	67	562	1
3	67	566	1
3	67	572	1
3	67	602	1
3	67	615	1
3	67	621	1
3	67	632	1
3	67	686	1
3	67	688	1
3	68	507	1
3	68	515	1
3	68	516	1
3	68	518	1
3	68	530	1
3	68	533	1
3	68	544	1
3	68	552	1
3	68	553	1
3	68	555	1
3	68	562	1
3	68	572	1
3	68	602	1
3	68	615	1
3	68	621	1
3	68	627	1
3	68	632	1
3	68	651	1
3	68	653	1
3	68	679	1
3	68	680	1
3	68	686	1
3	68	688	1
3	69	515	1
3	69	516	1
3	69	530	1
3	69	533	1
3	69	544	1
3	69	547	1
3	69	555	1
3	69	562	1
3	69	566	1
3	69	572	1
3	69	577	1
3	69	595	1
3	69	597	1
3	69	602	1
3	69	615	1
3	69	621	1
3	69	627	1
3	69	632	1
3	69	645	1
3	69	651	1
3	69	669	1
3	69	670	1
3	69	680	1
3	70	499	1
3	70	507	1
3	70	515	1
3	70	516	1
3	70	519	1
3	70	526	1
3	70	528	1
3	70	530	1
3	70	533	1
3	70	542	1
3	70	548	1
3	70	552	1
3	70	553	1
3	70	555	1
3	70	558	1
3	70	559	1
3	70	567	1
3	70	571	1
3	70	572	1
3	70	574	1
3	70	577	1
3	70	597	1
3	70	602	1
3	70	619	1
3	70	622	1
3	70	626	1
3	70	627	1
3	70	631	1
3	70	632	1
3	70	642	1
3	70	643	1
3	70	644	1
3	70	645	1
3	70	651	1
3	70	653	1
3	70	665	1
3	70	669	1
3	70	672	1
3	70	679	1
3	70	680	1
3	70	682	1
3	70	686	1
3	70	692	1
3	71	507	1
3	71	516	1
3	71	523	1
3	71	530	1
3	71	541	1
3	71	547	1
3	71	548	1
3	71	553	1
3	71	555	1
3	71	560	1
3	71	565	1
3	71	568	1
3	71	569	1
3	71	572	1
3	71	580	1
3	71	581	1
3	71	590	1
3	71	591	1
3	71	592	1
3	71	605	1
3	71	619	1
3	71	625	1
3	71	626	1
3	71	636	1
3	71	651	1
3	71	652	1
3	71	653	1
3	71	669	1
3	71	680	1
3	71	688	1
3	71	692	1
3	72	507	1
3	72	510	1
3	72	515	1
3	72	518	1
3	72	533	1
3	72	544	1
3	72	547	1
3	72	553	1
3	72	562	1
3	72	566	1
3	72	572	1
3	72	577	1
3	72	615	1
3	72	621	1
3	72	632	1
3	72	645	1
3	72	651	1
3	72	653	1
3	72	658	1
3	72	659	1
3	72	670	1
3	72	680	1
3	72	686	1
3	72	688	1
3	72	692	1
3	73	507	1
3	73	510	1
3	73	515	1
3	73	516	1
3	73	533	1
3	73	541	1
3	73	542	1
3	73	544	1
3	73	553	1
3	73	560	1
3	73	566	1
3	73	567	1
3	73	572	1
3	73	587	1
3	73	592	1
3	73	621	1
3	73	626	1
3	73	631	1
3	73	632	1
3	73	645	1
3	73	648	1
3	73	651	1
3	73	653	1
3	73	668	1
3	73	669	1
3	73	680	1
3	73	682	1
3	73	686	1
3	73	688	1
3	73	692	1
3	74	507	1
3	74	544	1
3	74	572	1
3	74	576	1
3	74	577	1
3	74	597	1
3	74	602	1
3	74	615	1
3	74	622	1
3	74	651	1
3	74	653	1
3	74	669	1
3	74	672	1
3	74	682	1
3	75	510	1
3	75	516	1
3	75	530	1
3	75	533	1
3	75	537	1
3	75	538	1
3	75	540	1
3	75	544	1
3	75	547	1
3	75	548	1
3	75	552	1
3	75	554	1
3	75	555	1
3	75	560	1
3	75	571	1
3	75	572	1
3	75	577	1
3	75	580	1
3	75	595	1
3	75	602	1
3	75	603	1
3	75	607	1
3	75	621	1
3	75	627	1
3	75	632	1
3	75	645	1
3	75	651	1
3	75	652	1
3	75	653	1
3	75	658	1
3	75	669	1
3	75	670	1
3	75	679	1
3	75	680	1
3	75	682	1
3	75	686	1
3	75	691	1
3	75	692	1
3	76	500	1
3	76	507	1
3	76	510	1
3	76	515	1
3	76	516	1
3	76	518	1
3	76	520	1
3	76	530	1
3	76	540	1
3	76	544	1
3	76	547	1
3	76	553	1
3	76	555	1
3	76	560	1
3	76	562	1
3	76	566	1
3	76	572	1
3	76	595	1
3	76	602	1
3	76	603	1
3	76	615	1
3	76	621	1
3	76	631	1
3	76	632	1
3	76	651	1
3	76	653	1
3	76	669	1
3	76	676	1
3	76	679	1
3	76	680	1
3	76	682	1
3	76	686	1
3	76	688	1
3	77	499	1
3	77	553	1
3	77	651	1
3	77	653	1
3	77	669	1
3	77	682	1
3	78	496	1
3	78	507	1
3	78	510	1
3	78	511	1
3	78	513	1
3	78	514	1
3	78	516	1
3	78	520	1
3	78	523	1
3	78	526	1
3	78	528	1
3	78	530	1
3	78	533	1
3	78	537	1
3	78	540	1
3	78	544	1
3	78	547	1
3	78	548	1
3	78	552	1
3	78	554	1
3	78	555	1
3	78	558	1
3	78	559	1
3	78	560	1
3	78	562	1
3	78	565	1
3	78	566	1
3	78	569	1
3	78	572	1
3	78	577	1
3	78	580	1
3	78	581	1
3	78	591	1
3	78	592	1
3	78	595	1
3	78	603	1
3	78	605	1
3	78	606	1
3	78	607	1
3	78	621	1
3	78	622	1
3	78	624	1
3	78	625	1
3	78	627	1
3	78	631	1
3	78	632	1
3	78	636	1
3	78	637	1
3	78	639	1
3	78	644	1
3	78	651	1
3	78	652	1
3	78	653	1
3	78	658	1
3	78	659	1
3	78	669	1
3	78	676	1
3	78	679	1
3	78	680	1
3	78	688	1
3	78	689	1
3	78	691	1
3	79	515	1
3	79	516	1
3	79	518	1
3	79	533	1
3	79	544	1
3	79	547	1
3	79	562	1
3	79	566	1
3	79	572	1
3	79	577	1
3	79	597	1
3	79	602	1
3	79	615	1
3	79	621	1
3	79	627	1
3	79	632	1
3	79	645	1
3	79	651	1
3	79	653	1
3	79	658	1
3	79	659	1
3	79	669	1
3	79	680	1
3	79	682	1
3	79	686	1
3	79	688	1
3	80	500	1
3	80	510	1
3	80	515	1
3	80	516	1
3	80	518	1
3	80	520	1
3	80	529	1
3	80	530	1
3	80	533	1
3	80	537	1
3	80	538	1
3	80	540	1
3	80	544	1
3	80	545	1
3	80	547	1
3	80	552	1
3	80	554	1
3	80	555	1
3	80	558	1
3	80	559	1
3	80	560	1
3	80	565	1
3	80	567	1
3	80	571	1
3	80	572	1
3	80	576	1
3	80	577	1
3	80	590	1
3	80	591	1
3	80	594	1
3	80	597	1
3	80	602	1
3	80	606	1
3	80	607	1
3	80	615	1
3	80	621	1
3	80	625	1
3	80	626	1
3	80	631	1
3	80	632	1
3	80	634	1
3	80	636	1
3	80	638	1
3	80	648	1
3	80	651	1
3	80	652	1
3	80	653	1
3	80	656	1
3	80	658	1
3	80	659	1
3	80	669	1
3	80	670	1
3	80	672	1
3	80	674	1
3	80	676	1
3	80	680	1
3	80	686	1
3	80	688	1
3	80	691	1
3	80	692	1
3	81	507	1
3	81	510	1
3	81	515	1
3	81	516	1
3	81	518	1
3	81	530	1
3	81	533	1
3	81	547	1
3	81	553	1
3	81	555	1
3	81	562	1
3	81	566	1
3	81	572	1
3	81	615	1
3	81	627	1
3	81	632	1
3	81	651	1
3	81	653	1
3	81	679	1
3	81	686	1
3	81	688	1
3	81	692	1
3	82	507	1
3	82	510	1
3	82	513	1
3	82	514	1
3	82	520	1
3	82	538	1
3	82	547	1
3	82	552	1
3	82	553	1
3	82	555	1
3	82	558	1
3	82	576	1
3	82	595	1
3	82	606	1
3	82	627	1
3	82	641	1
3	82	651	1
3	82	658	1
3	82	659	1
3	82	679	1
3	82	680	1
3	82	688	1
3	83	516	1
3	83	518	1
3	83	530	1
3	83	533	1
3	83	544	1
3	83	547	1
3	83	562	1
3	83	566	1
3	83	572	1
3	83	602	1
3	83	615	1
3	83	621	1
3	83	682	1
3	83	686	1
3	83	688	1
3	84	507	1
3	84	515	1
3	84	516	1
3	84	519	1
3	84	520	1
3	84	526	1
3	84	529	1
3	84	530	1
3	84	537	1
3	84	538	1
3	84	553	1
3	84	554	1
3	84	555	1
3	84	558	1
3	84	560	1
3	84	562	1
3	84	565	1
3	84	566	1
3	84	568	1
3	84	572	1
3	84	590	1
3	84	591	1
3	84	595	1
3	84	603	1
3	84	606	1
3	84	607	1
3	84	624	1
3	84	627	1
3	84	631	1
3	84	636	1
3	84	637	1
3	84	644	1
3	84	658	1
3	84	659	1
3	84	669	1
3	84	680	1
3	84	682	1
3	85	515	1
3	85	516	1
3	85	518	1
3	85	530	1
3	85	533	1
3	85	544	1
3	85	562	1
3	85	572	1
3	85	615	1
3	85	621	1
3	85	632	1
3	85	651	1
3	85	682	1
3	85	688	1
3	86	500	1
3	86	507	1
3	86	511	1
3	86	513	1
3	86	514	1
3	86	515	1
3	86	516	1
3	86	519	1
3	86	520	1
3	86	522	1
3	86	523	1
3	86	526	1
3	86	529	1
3	86	533	1
3	86	537	1
3	86	538	1
3	86	540	1
3	86	544	1
3	86	548	1
3	86	553	1
3	86	554	1
3	86	555	1
3	86	558	1
3	86	559	1
3	86	560	1
3	86	562	1
3	86	565	1
3	86	566	1
3	86	568	1
3	86	569	1
3	86	572	1
3	86	577	1
3	86	580	1
3	86	581	1
3	86	590	1
3	86	594	1
3	86	605	1
3	86	607	1
3	86	621	1
3	86	627	1
3	86	631	1
3	86	632	1
3	86	636	1
3	86	637	1
3	86	639	1
3	86	641	1
3	86	644	1
3	86	645	1
3	86	651	1
3	86	652	1
3	86	653	1
3	86	658	1
3	86	659	1
3	86	669	1
3	86	670	1
3	86	675	1
3	86	679	1
3	86	680	1
3	86	688	1
3	86	689	1
3	87	499	1
3	87	516	1
3	87	553	1
3	87	651	1
3	87	653	1
3	87	669	1
3	87	682	1
3	88	500	1
3	88	507	1
3	88	516	1
3	88	530	1
3	88	533	1
3	88	544	1
3	88	547	1
3	88	548	1
3	88	553	1
3	88	554	1
3	88	558	1
3	88	560	1
3	88	572	1
3	88	577	1
3	88	595	1
3	88	597	1
3	88	603	1
3	88	621	1
3	88	622	1
3	88	627	1
3	88	632	1
3	88	636	1
3	88	645	1
3	88	648	1
3	88	651	1
3	88	652	1
3	88	653	1
3	88	658	1
3	88	659	1
3	88	669	1
3	88	670	1
3	88	672	1
3	88	676	1
3	88	677	1
3	88	679	1
3	88	680	1
3	88	682	1
3	88	688	1
3	89	500	1
3	89	502	1
3	89	507	1
3	89	510	1
3	89	515	1
3	89	529	1
3	89	533	1
3	89	538	1
3	89	540	1
3	89	547	1
3	89	552	1
3	89	553	1
3	89	555	1
3	89	559	1
3	89	560	1
3	89	565	1
3	89	571	1
3	89	572	1
3	89	577	1
3	89	590	1
3	89	591	1
3	89	595	1
3	89	603	1
3	89	606	1
3	89	625	1
3	89	627	1
3	89	631	1
3	89	636	1
3	89	645	1
3	89	650	1
3	89	651	1
3	89	652	1
3	89	669	1
3	89	679	1
3	89	680	1
3	89	686	1
3	90	516	1
3	90	530	1
3	90	567	1
3	90	571	1
3	90	574	1
3	90	577	1
3	90	631	1
3	90	643	1
3	90	644	1
3	90	651	1
3	90	653	1
3	90	665	1
3	90	669	1
3	90	680	1
3	90	692	1
3	91	507	1
3	91	510	1
3	91	516	1
3	91	530	1
3	91	553	1
3	91	567	1
3	91	571	1
3	91	572	1
3	91	574	1
3	91	577	1
3	91	631	1
3	91	643	1
3	91	644	1
3	91	651	1
3	91	653	1
3	91	665	1
3	91	669	1
3	91	680	1
3	91	692	1
3	93	507	1
3	93	520	1
3	93	553	1
3	93	558	1
3	93	572	1
3	93	599	1
3	93	606	1
3	93	607	1
3	93	627	1
3	93	666	1
3	93	667	1
3	93	668	1
3	93	679	1
3	93	680	1
3	93	682	1
3	95	507	1
3	95	511	1
3	95	516	1
3	95	519	1
3	95	520	1
3	95	526	1
3	95	537	1
3	95	538	1
3	95	540	1
3	95	547	1
3	95	552	1
3	95	555	1
3	95	558	1
3	95	560	1
3	95	562	1
3	95	565	1
3	95	566	1
3	95	568	1
3	95	572	1
3	95	580	1
3	95	581	1
3	95	589	1
3	95	590	1
3	95	591	1
3	95	596	1
3	95	598	1
3	95	603	1
3	95	606	1
3	95	607	1
3	95	624	1
3	95	637	1
3	95	644	1
3	95	645	1
3	95	651	1
3	95	652	1
3	95	653	1
3	95	659	1
3	95	669	1
3	95	679	1
3	95	680	1
3	95	682	1
3	95	688	1
3	95	689	1
3	95	692	1
3	96	500	1
3	96	507	1
3	96	515	1
3	96	516	1
3	96	518	1
3	96	520	1
3	96	529	1
3	96	530	1
3	96	533	1
3	96	537	1
3	96	538	1
3	96	544	1
3	96	545	1
3	96	547	1
3	96	548	1
3	96	552	1
3	96	553	1
3	96	554	1
3	96	560	1
3	96	565	1
3	96	567	1
3	96	571	1
3	96	572	1
3	96	576	1
3	96	577	1
3	96	590	1
3	96	591	1
3	96	594	1
3	96	595	1
3	96	597	1
3	96	602	1
3	96	603	1
3	96	607	1
3	96	615	1
3	96	621	1
3	96	625	1
3	96	626	1
3	96	627	1
3	96	631	1
3	96	632	1
3	96	634	1
3	96	636	1
3	96	638	1
3	96	645	1
3	96	648	1
3	96	651	1
3	96	652	1
3	96	653	1
3	96	655	1
3	96	656	1
3	96	658	1
3	96	659	1
3	96	669	1
3	96	672	1
3	96	674	1
3	96	676	1
3	96	677	1
3	96	679	1
3	96	680	1
3	96	686	1
3	96	688	1
3	96	691	1
3	97	507	1
3	97	516	1
3	97	544	1
3	97	572	1
3	97	576	1
3	97	577	1
3	97	597	1
3	97	602	1
3	97	615	1
3	97	622	1
3	97	651	1
3	97	653	1
3	97	669	1
3	97	672	1
3	97	680	1
3	97	686	1
3	98	497	1
3	98	550	1
3	98	597	1
3	98	603	1
3	98	651	1
3	98	653	1
3	98	669	1
3	99	507	1
3	99	510	1
3	99	515	1
3	99	516	1
3	99	518	1
3	99	530	1
3	99	540	1
3	99	555	1
3	99	560	1
3	99	566	1
3	99	572	1
3	99	577	1
3	99	595	1
3	99	602	1
3	99	615	1
3	99	621	1
3	99	627	1
3	99	631	1
3	99	632	1
3	99	645	1
3	99	651	1
3	99	653	1
3	99	658	1
3	99	659	1
3	99	669	1
3	99	670	1
3	99	679	1
3	99	682	1
3	99	686	1
3	99	688	1
3	99	692	1
3	100	507	1
3	100	516	1
3	100	544	1
3	100	547	1
3	100	553	1
3	100	572	1
3	100	576	1
3	100	577	1
3	100	597	1
3	100	602	1
3	100	615	1
3	100	622	1
3	100	653	1
3	100	669	1
3	100	680	1
3	100	682	1
3	100	686	1
3	101	499	1
3	101	500	1
3	101	507	1
3	101	510	1
3	101	540	1
3	101	547	1
3	101	555	1
3	101	559	1
3	101	570	1
3	101	572	1
3	101	574	1
3	101	595	1
3	101	642	1
3	101	643	1
3	101	644	1
3	101	653	1
3	101	665	1
3	101	669	1
3	101	680	1
3	101	682	1
3	101	692	1
3	102	500	1
3	102	510	1
3	102	515	1
3	102	516	1
3	102	547	1
3	102	553	1
3	102	555	1
3	102	565	1
3	102	568	1
3	102	569	1
3	102	572	1
3	102	577	1
3	102	622	1
3	102	652	1
3	102	653	1
3	102	669	1
3	102	672	1
3	102	676	1
3	102	677	1
3	102	680	1
3	102	682	1
3	102	692	1
3	103	507	1
3	103	515	1
3	103	516	1
3	103	518	1
3	103	530	1
3	103	544	1
3	103	547	1
3	103	555	1
3	103	562	1
3	103	566	1
3	103	572	1
3	103	602	1
3	103	621	1
3	103	627	1
3	103	632	1
3	103	651	1
3	103	653	1
3	103	669	1
3	103	679	1
3	103	680	1
3	103	682	1
3	103	686	1
3	103	688	1
3	104	500	1
3	104	507	1
3	104	510	1
3	104	518	1
3	104	520	1
3	104	526	1
3	104	533	1
3	104	537	1
3	104	540	1
3	104	541	1
3	104	542	1
3	104	544	1
3	104	547	1
3	104	553	1
3	104	555	1
3	104	558	1
3	104	560	1
3	104	562	1
3	104	571	1
3	104	572	1
3	104	577	1
3	104	587	1
3	104	592	1
3	104	602	1
3	104	606	1
3	104	607	1
3	104	615	1
3	104	621	1
3	104	626	1
3	104	627	1
3	104	631	1
3	104	632	1
3	104	644	1
3	104	645	1
3	104	651	1
3	104	653	1
3	104	658	1
3	104	659	1
3	104	668	1
3	104	669	1
3	104	670	1
3	104	676	1
3	104	680	1
3	104	686	1
3	104	688	1
3	104	692	1
3	105	507	1
3	105	515	1
3	105	516	1
3	105	518	1
3	105	520	1
3	105	530	1
3	105	533	1
3	105	540	1
3	105	544	1
3	105	545	1
3	105	548	1
3	105	553	1
3	105	555	1
3	105	566	1
3	105	572	1
3	105	576	1
3	105	577	1
3	105	603	1
3	105	621	1
3	105	632	1
3	105	648	1
3	105	651	1
3	105	658	1
3	105	659	1
3	105	669	1
3	105	676	1
3	105	680	1
3	105	682	1
3	105	686	1
3	105	688	1
3	105	692	1
3	106	507	1
3	106	510	1
3	106	515	1
3	106	516	1
3	106	518	1
3	106	520	1
3	106	530	1
3	106	540	1
3	106	544	1
3	106	545	1
3	106	548	1
3	106	552	1
3	106	553	1
3	106	555	1
3	106	562	1
3	106	566	1
3	106	572	1
3	106	576	1
3	106	595	1
3	106	602	1
3	106	603	1
3	106	615	1
3	106	621	1
3	106	627	1
3	106	631	1
3	106	632	1
3	106	645	1
3	106	648	1
3	106	651	1
3	106	653	1
3	106	658	1
3	106	659	1
3	106	669	1
3	106	676	1
3	106	680	1
3	106	682	1
3	106	686	1
3	106	688	1
3	107	516	1
3	107	547	1
3	107	553	1
3	107	576	1
3	107	577	1
3	107	597	1
3	107	602	1
3	107	615	1
3	107	622	1
3	107	651	1
3	107	653	1
3	107	669	1
3	107	672	1
3	107	680	1
3	107	686	1
3	108	507	1
3	108	515	1
3	108	518	1
3	108	530	1
3	108	533	1
3	108	544	1
3	108	547	1
3	108	553	1
3	108	555	1
3	108	562	1
3	108	615	1
3	108	621	1
3	108	627	1
3	108	632	1
3	108	651	1
3	108	653	1
3	108	669	1
3	108	679	1
3	108	680	1
3	108	682	1
3	108	686	1
3	108	688	1
3	109	507	1
3	109	510	1
3	109	515	1
3	109	516	1
3	109	518	1
3	109	533	1
3	109	544	1
3	109	547	1
3	109	552	1
3	109	553	1
3	109	555	1
3	109	562	1
3	109	577	1
3	109	595	1
3	109	597	1
3	109	602	1
3	109	615	1
3	109	621	1
3	109	622	1
3	109	626	1
3	109	627	1
3	109	648	1
3	109	651	1
3	109	652	1
3	109	653	1
3	109	658	1
3	109	669	1
3	109	670	1
3	109	676	1
3	109	677	1
3	109	680	1
3	109	682	1
3	109	686	1
3	109	688	1
3	109	692	1
3	110	507	1
3	110	510	1
3	110	516	1
3	110	530	1
3	110	555	1
3	110	567	1
3	110	571	1
3	110	577	1
3	110	631	1
3	110	643	1
3	110	644	1
3	110	651	1
3	110	653	1
3	110	665	1
3	110	669	1
3	110	680	1
3	110	692	1
3	111	507	1
3	111	510	1
3	111	516	1
3	111	530	1
3	111	553	1
3	111	555	1
3	111	567	1
3	111	572	1
3	111	577	1
3	111	631	1
3	111	643	1
3	111	644	1
3	111	651	1
3	111	653	1
3	111	680	1
3	111	692	1
3	112	499	1
3	112	516	1
3	112	553	1
3	112	597	1
3	112	651	1
3	112	653	1
3	112	682	1
3	113	510	1
3	113	515	1
3	113	516	1
3	113	529	1
3	113	530	1
3	113	547	1
3	113	553	1
3	113	554	1
3	113	555	1
3	113	565	1
3	113	568	1
3	113	569	1
3	113	572	1
3	113	577	1
3	113	636	1
3	113	651	1
3	113	652	1
3	113	653	1
3	113	669	1
3	113	676	1
3	113	677	1
3	113	680	1
3	113	682	1
3	113	692	1
3	114	516	1
3	114	518	1
3	114	533	1
3	114	544	1
3	114	547	1
3	114	562	1
3	114	566	1
3	114	572	1
3	114	602	1
3	114	615	1
3	114	621	1
3	114	632	1
3	114	682	1
3	114	688	1
3	115	510	1
3	115	552	1
3	115	553	1
3	115	555	1
3	115	631	1
3	115	651	1
3	115	680	1
3	116	507	1
3	116	510	1
3	116	518	1
3	116	520	1
3	116	530	1
3	116	533	1
3	116	540	1
3	116	544	1
3	116	545	1
3	116	548	1
3	116	552	1
3	116	553	1
3	116	555	1
3	116	560	1
3	116	562	1
3	116	566	1
3	116	572	1
3	116	576	1
3	116	577	1
3	116	602	1
3	116	603	1
3	116	621	1
3	116	631	1
3	116	632	1
3	116	648	1
3	116	653	1
3	116	659	1
3	116	669	1
3	116	676	1
3	116	679	1
3	116	682	1
3	116	686	1
3	116	688	1
3	117	507	1
3	117	510	1
3	117	529	1
3	117	533	1
3	117	538	1
3	117	540	1
3	117	547	1
3	117	548	1
3	117	552	1
3	117	554	1
3	117	555	1
3	117	558	1
3	117	560	1
3	117	572	1
3	117	577	1
3	117	580	1
3	117	581	1
3	117	595	1
3	117	602	1
3	117	603	1
3	117	607	1
3	117	621	1
3	117	622	1
3	117	627	1
3	117	631	1
3	117	632	1
3	117	645	1
3	117	648	1
3	117	651	1
3	117	652	1
3	117	653	1
3	117	655	1
3	117	658	1
3	117	659	1
3	117	669	1
3	117	670	1
3	117	679	1
3	117	680	1
3	117	682	1
3	117	686	1
3	117	688	1
3	117	691	1
3	118	500	1
3	118	507	1
3	118	510	1
3	118	511	1
3	118	515	1
3	118	516	1
3	118	518	1
3	118	519	1
3	118	520	1
3	118	526	1
3	118	530	1
3	118	533	1
3	118	538	1
3	118	540	1
3	118	544	1
3	118	547	1
3	118	548	1
3	118	552	1
3	118	553	1
3	118	555	1
3	118	558	1
3	118	559	1
3	118	560	1
3	118	562	1
3	118	565	1
3	118	566	1
3	118	567	1
3	118	568	1
3	118	577	1
3	118	595	1
3	118	603	1
3	118	606	1
3	118	607	1
3	118	615	1
3	118	621	1
3	118	622	1
3	118	625	1
3	118	626	1
3	118	627	1
3	118	632	1
3	118	636	1
3	118	637	1
3	118	644	1
3	118	645	1
3	118	651	1
3	118	652	1
3	118	655	1
3	118	659	1
3	118	669	1
3	118	670	1
3	118	672	1
3	118	679	1
3	118	680	1
3	118	682	1
3	118	686	1
3	118	692	1
3	119	516	1
3	119	529	1
3	119	544	1
3	119	547	1
3	119	548	1
3	119	576	1
3	119	581	1
3	119	651	1
3	119	653	1
3	119	669	1
3	119	680	1
3	120	507	1
3	120	510	1
3	120	515	1
3	120	516	1
3	120	518	1
3	120	520	1
3	120	530	1
3	120	544	1
3	120	545	1
3	120	548	1
3	120	552	1
3	120	553	1
3	120	555	1
3	120	560	1
3	120	562	1
3	120	566	1
3	120	576	1
3	120	577	1
3	120	602	1
3	120	603	1
3	120	615	1
3	120	621	1
3	120	631	1
3	120	632	1
3	120	648	1
3	120	653	1
3	120	658	1
3	120	659	1
3	120	669	1
3	120	676	1
3	120	679	1
3	120	680	1
3	120	682	1
3	120	686	1
3	121	515	1
3	121	516	1
3	121	518	1
3	121	530	1
3	121	544	1
3	121	547	1
3	121	562	1
3	121	566	1
3	121	572	1
3	121	602	1
3	121	621	1
3	121	632	1
3	121	682	1
3	121	686	1
3	121	688	1
3	122	516	1
3	122	518	1
3	122	530	1
3	122	533	1
3	122	544	1
3	122	547	1
3	122	555	1
3	122	562	1
3	122	566	1
3	122	572	1
3	122	577	1
3	122	595	1
3	122	615	1
3	122	621	1
3	122	627	1
3	122	632	1
3	122	651	1
3	122	653	1
3	122	658	1
3	122	659	1
3	122	670	1
3	122	680	1
3	122	686	1
3	122	688	1
3	123	510	1
3	123	513	1
3	123	516	1
3	123	530	1
3	123	533	1
3	123	544	1
3	123	547	1
3	123	552	1
3	123	560	1
3	123	568	1
3	123	569	1
3	123	572	1
3	123	580	1
3	123	590	1
3	123	591	1
3	123	631	1
3	123	632	1
3	123	651	1
3	123	652	1
3	123	653	1
3	123	669	1
3	123	692	1
3	124	510	1
3	124	515	1
3	124	516	1
3	124	518	1
3	124	530	1
3	124	533	1
3	124	544	1
3	124	547	1
3	124	552	1
3	124	562	1
3	124	566	1
3	124	577	1
3	124	602	1
3	124	615	1
3	124	621	1
3	124	627	1
3	124	632	1
3	124	648	1
3	124	651	1
3	124	669	1
3	124	679	1
3	124	680	1
3	124	688	1
3	124	692	1
3	125	507	1
3	125	510	1
3	125	530	1
3	125	555	1
3	125	567	1
3	125	572	1
3	125	574	1
3	125	577	1
3	125	631	1
3	125	643	1
3	125	644	1
3	125	651	1
3	125	653	1
3	125	665	1
3	125	669	1
3	125	680	1
3	125	692	1
3	126	507	1
3	126	510	1
3	126	511	1
3	126	515	1
3	126	516	1
3	126	519	1
3	126	520	1
3	126	529	1
3	126	530	1
3	126	540	1
3	126	544	1
3	126	547	1
3	126	548	1
3	126	552	1
3	126	553	1
3	126	554	1
3	126	559	1
3	126	560	1
3	126	562	1
3	126	565	1
3	126	568	1
3	126	572	1
3	126	577	1
3	126	595	1
3	126	602	1
3	126	603	1
3	126	606	1
3	126	607	1
3	126	621	1
3	126	624	1
3	126	627	1
3	126	631	1
3	126	636	1
3	126	637	1
3	126	644	1
3	126	645	1
3	126	651	1
3	126	658	1
3	126	659	1
3	126	669	1
3	126	670	1
3	126	676	1
3	126	679	1
3	126	682	1
3	126	686	1
3	126	688	1
3	126	692	1
3	127	500	1
3	127	510	1
3	127	515	1
3	127	516	1
3	127	529	1
3	127	530	1
3	127	553	1
3	127	554	1
3	127	555	1
3	127	568	1
3	127	569	1
3	127	572	1
3	127	577	1
3	127	636	1
3	127	652	1
3	127	653	1
3	127	672	1
3	127	676	1
3	127	677	1
3	127	680	1
3	127	692	1
3	128	515	1
3	128	516	1
3	128	518	1
3	128	530	1
3	128	533	1
3	128	544	1
3	128	547	1
3	128	555	1
3	128	572	1
3	128	595	1
3	128	597	1
3	128	621	1
3	128	632	1
3	128	645	1
3	128	651	1
3	128	653	1
3	128	658	1
3	128	659	1
3	128	669	1
3	128	670	1
3	128	680	1
3	128	682	1
3	128	686	1
3	128	688	1
3	129	496	1
3	129	500	1
3	129	507	1
3	129	510	1
3	129	514	1
3	129	515	1
3	129	516	1
3	129	519	1
3	129	520	1
3	129	523	1
3	129	528	1
3	129	529	1
3	129	530	1
3	129	537	1
3	129	538	1
3	129	540	1
3	129	544	1
3	129	547	1
3	129	548	1
3	129	554	1
3	129	555	1
3	129	558	1
3	129	559	1
3	129	560	1
3	129	565	1
3	129	566	1
3	129	569	1
3	129	577	1
3	129	581	1
3	129	590	1
3	129	591	1
3	129	592	1
3	129	594	1
3	129	603	1
3	129	605	1
3	129	607	1
3	129	621	1
3	129	622	1
3	129	625	1
3	129	627	1
3	129	631	1
3	129	632	1
3	129	636	1
3	129	637	1
3	129	639	1
3	129	641	1
3	129	651	1
3	129	653	1
3	129	658	1
3	129	659	1
3	129	669	1
3	129	670	1
3	129	676	1
3	129	679	1
3	129	680	1
3	129	682	1
3	129	688	1
3	129	689	1
3	129	690	1
3	130	507	1
3	130	515	1
3	130	516	1
3	130	518	1
3	130	520	1
3	130	530	1
3	130	533	1
3	130	545	1
3	130	548	1
3	130	555	1
3	130	562	1
3	130	566	1
3	130	576	1
3	130	577	1
3	130	595	1
3	130	602	1
3	130	615	1
3	130	621	1
3	130	627	1
3	130	631	1
3	130	632	1
3	130	645	1
3	130	648	1
3	130	651	1
3	130	653	1
3	130	659	1
3	130	669	1
3	130	670	1
3	130	676	1
3	130	679	1
3	130	686	1
3	130	688	1
3	131	496	1
3	131	500	1
3	131	513	1
3	131	514	1
3	131	515	1
3	131	516	1
3	131	520	1
3	131	522	1
3	131	523	1
3	131	526	1
3	131	528	1
3	131	529	1
3	131	530	1
3	131	533	1
3	131	537	1
3	131	538	1
3	131	540	1
3	131	544	1
3	131	547	1
3	131	548	1
3	131	552	1
3	131	554	1
3	131	555	1
3	131	559	1
3	131	560	1
3	131	565	1
3	131	566	1
3	131	569	1
3	131	572	1
3	131	577	1
3	131	580	1
3	131	581	1
3	131	590	1
3	131	592	1
3	131	594	1
3	131	603	1
3	131	605	1
3	131	606	1
3	131	607	1
3	131	621	1
3	131	622	1
3	131	624	1
3	131	625	1
3	131	627	1
3	131	631	1
3	131	632	1
3	131	636	1
3	131	637	1
3	131	639	1
3	131	641	1
3	131	644	1
3	131	645	1
3	131	651	1
3	131	653	1
3	131	658	1
3	131	659	1
3	131	669	1
3	131	670	1
3	131	675	1
3	131	679	1
3	131	680	1
3	131	682	1
3	131	688	1
3	131	689	1
3	131	690	1
3	131	691	1
3	131	692	1
3	133	507	1
3	133	510	1
3	133	515	1
3	133	516	1
3	133	530	1
3	133	533	1
3	133	544	1
3	133	547	1
3	133	552	1
3	133	562	1
3	133	566	1
3	133	567	1
3	133	572	1
3	133	577	1
3	133	595	1
3	133	597	1
3	133	602	1
3	133	621	1
3	133	622	1
3	133	631	1
3	133	632	1
3	133	645	1
3	133	648	1
3	133	651	1
3	133	652	1
3	133	653	1
3	133	669	1
3	133	670	1
3	133	672	1
3	133	676	1
3	133	677	1
3	133	680	1
3	133	682	1
3	133	686	1
3	133	688	1
3	133	692	1
3	134	499	1
3	134	500	1
3	134	507	1
3	134	510	1
3	134	540	1
3	134	547	1
3	134	555	1
3	134	559	1
3	134	570	1
3	134	574	1
3	134	595	1
3	134	631	1
3	134	642	1
3	134	643	1
3	134	645	1
3	134	651	1
3	134	665	1
3	134	669	1
3	134	682	1
3	134	692	1
3	135	500	1
3	135	510	1
3	135	515	1
3	135	516	1
3	135	518	1
3	135	520	1
3	135	529	1
3	135	530	1
3	135	533	1
3	135	537	1
3	135	540	1
3	135	544	1
3	135	545	1
3	135	547	1
3	135	548	1
3	135	552	1
3	135	553	1
3	135	554	1
3	135	555	1
3	135	558	1
3	135	560	1
3	135	565	1
3	135	567	1
3	135	572	1
3	135	576	1
3	135	577	1
3	135	590	1
3	135	591	1
3	135	594	1
3	135	595	1
3	135	602	1
3	135	603	1
3	135	607	1
3	135	621	1
3	135	622	1
3	135	626	1
3	135	627	1
3	135	631	1
3	135	632	1
3	135	634	1
3	135	636	1
3	135	645	1
3	135	648	1
3	135	651	1
3	135	652	1
3	135	653	1
3	135	655	1
3	135	656	1
3	135	659	1
3	135	669	1
3	135	670	1
3	135	674	1
3	135	676	1
3	135	677	1
3	135	679	1
3	135	680	1
3	135	682	1
3	135	688	1
3	135	691	1
3	135	692	1
3	136	507	1
3	136	510	1
3	136	516	1
3	136	518	1
3	136	520	1
3	136	529	1
3	136	530	1
3	136	537	1
3	136	538	1
3	136	540	1
3	136	544	1
3	136	545	1
3	136	547	1
3	136	548	1
3	136	552	1
3	136	553	1
3	136	555	1
3	136	558	1
3	136	559	1
3	136	560	1
3	136	571	1
3	136	572	1
3	136	577	1
3	136	590	1
3	136	591	1
3	136	594	1
3	136	595	1
3	136	602	1
3	136	603	1
3	136	606	1
3	136	607	1
3	136	621	1
3	136	622	1
3	136	626	1
3	136	627	1
3	136	632	1
3	136	634	1
3	136	636	1
3	136	638	1
3	136	648	1
3	136	651	1
3	136	653	1
3	136	655	1
3	136	658	1
3	136	659	1
3	136	670	1
3	136	672	1
3	136	676	1
3	136	677	1
3	136	679	1
3	136	680	1
3	136	682	1
3	136	688	1
3	136	691	1
3	136	692	1
3	137	515	1
3	137	516	1
3	137	518	1
3	137	530	1
3	137	544	1
3	137	555	1
3	137	566	1
3	137	572	1
3	137	577	1
3	137	595	1
3	137	597	1
3	137	602	1
3	137	615	1
3	137	627	1
3	137	632	1
3	137	645	1
3	137	651	1
3	137	653	1
3	137	658	1
3	137	659	1
3	137	682	1
3	137	686	1
3	137	688	1
3	138	510	1
3	138	515	1
3	138	516	1
3	138	518	1
3	138	530	1
3	138	533	1
3	138	544	1
3	138	547	1
3	138	566	1
3	138	577	1
3	138	597	1
3	138	602	1
3	138	615	1
3	138	621	1
3	138	632	1
3	138	648	1
3	138	651	1
3	138	653	1
3	138	669	1
3	138	680	1
3	138	682	1
3	138	686	1
3	138	688	1
3	138	692	1
3	139	507	1
3	139	510	1
3	139	552	1
3	139	553	1
3	139	555	1
3	139	572	1
3	139	631	1
3	139	651	1
3	139	680	1
3	139	692	1
3	140	507	1
3	140	510	1
3	140	515	1
3	140	516	1
3	140	518	1
3	140	533	1
3	140	544	1
3	140	547	1
3	140	553	1
3	140	555	1
3	140	566	1
3	140	572	1
3	140	577	1
3	140	615	1
3	140	627	1
3	140	632	1
3	140	648	1
3	140	651	1
3	140	653	1
3	140	669	1
3	140	679	1
3	140	680	1
3	140	682	1
3	140	692	1
3	141	500	1
3	141	507	1
3	141	510	1
3	141	515	1
3	141	516	1
3	141	520	1
3	141	540	1
3	141	545	1
3	141	552	1
3	141	555	1
3	141	559	1
3	141	560	1
3	141	562	1
3	141	566	1
3	141	570	1
3	141	572	1
3	141	576	1
3	141	595	1
3	141	597	1
3	141	603	1
3	141	621	1
3	141	622	1
3	141	626	1
3	141	627	1
3	141	631	1
3	141	632	1
3	141	645	1
3	141	648	1
3	141	651	1
3	141	653	1
3	141	659	1
3	141	669	1
3	141	670	1
3	141	672	1
3	141	676	1
3	141	679	1
3	141	680	1
3	141	682	1
3	141	688	1
3	141	692	1
3	142	497	1
3	142	597	1
3	142	651	1
3	142	653	1
3	142	669	1
3	143	507	1
3	143	516	1
3	143	544	1
3	143	547	1
3	143	552	1
3	143	553	1
3	143	555	1
3	143	627	1
3	143	651	1
3	143	653	1
3	143	669	1
3	143	679	1
3	143	680	1
3	144	496	1
3	144	500	1
3	144	510	1
3	144	511	1
3	144	514	1
3	144	515	1
3	144	516	1
3	144	519	1
3	144	520	1
3	144	526	1
3	144	529	1
3	144	530	1
3	144	533	1
3	144	537	1
3	144	540	1
3	144	544	1
3	144	547	1
3	144	548	1
3	144	553	1
3	144	554	1
3	144	558	1
3	144	559	1
3	144	560	1
3	144	562	1
3	144	565	1
3	144	568	1
3	144	569	1
3	144	580	1
3	144	590	1
3	144	591	1
3	144	592	1
3	144	594	1
3	144	595	1
3	144	603	1
3	144	605	1
3	144	607	1
3	144	622	1
3	144	624	1
3	144	625	1
3	144	627	1
3	144	631	1
3	144	632	1
3	144	636	1
3	144	637	1
3	144	639	1
3	144	641	1
3	144	645	1
3	144	651	1
3	144	652	1
3	144	653	1
3	144	659	1
3	144	675	1
3	144	676	1
3	144	679	1
3	144	680	1
3	144	682	1
3	144	688	1
3	144	689	1
3	144	691	1
3	144	692	1
3	145	499	1
3	145	507	1
3	145	510	1
3	145	515	1
3	145	516	1
3	145	518	1
3	145	520	1
3	145	528	1
3	145	529	1
3	145	530	1
3	145	533	1
3	145	537	1
3	145	540	1
3	145	544	1
3	145	547	1
3	145	552	1
3	145	553	1
3	145	555	1
3	145	558	1
3	145	560	1
3	145	562	1
3	145	565	1
3	145	566	1
3	145	569	1
3	145	577	1
3	145	590	1
3	145	597	1
3	145	606	1
3	145	625	1
3	145	627	1
3	145	631	1
3	145	632	1
3	145	634	1
3	145	636	1
3	145	638	1
3	145	645	1
3	145	648	1
3	145	653	1
3	145	658	1
3	145	659	1
3	145	669	1
3	145	670	1
3	145	674	1
3	145	679	1
3	145	682	1
3	145	686	1
3	145	688	1
3	146	507	1
3	146	510	1
3	146	552	1
3	146	553	1
3	146	555	1
3	146	560	1
3	146	572	1
3	146	577	1
3	146	590	1
3	146	591	1
3	146	625	1
3	146	634	1
3	146	638	1
3	146	651	1
3	146	669	1
3	147	515	1
3	147	516	1
3	147	530	1
3	147	533	1
3	147	544	1
3	147	562	1
3	147	566	1
3	147	572	1
3	147	602	1
3	147	615	1
3	147	621	1
3	147	632	1
3	147	651	1
3	147	682	1
3	147	686	1
3	148	515	1
3	148	530	1
3	148	533	1
3	148	544	1
3	148	547	1
3	148	566	1
3	148	572	1
3	148	602	1
3	148	615	1
3	148	632	1
3	148	651	1
3	148	682	1
3	148	686	1
3	149	507	1
3	149	547	1
3	149	552	1
3	149	553	1
3	149	555	1
3	149	572	1
3	149	577	1
3	149	590	1
3	149	591	1
3	149	597	1
3	149	638	1
3	149	651	1
3	149	669	1
3	149	679	1
3	149	680	1
3	149	692	1
3	150	516	1
3	150	544	1
3	150	547	1
3	150	552	1
3	150	555	1
3	150	569	1
3	150	580	1
3	150	581	1
3	150	627	1
3	150	653	1
3	150	658	1
3	150	659	1
3	150	669	1
3	150	676	1
3	150	679	1
3	150	680	1
3	150	691	1
3	150	692	1
3	151	507	1
3	151	510	1
3	151	515	1
3	151	518	1
3	151	520	1
3	151	530	1
3	151	540	1
3	151	545	1
3	151	548	1
3	151	553	1
3	151	566	1
3	151	572	1
3	151	576	1
3	151	577	1
3	151	602	1
3	151	603	1
3	151	615	1
3	151	631	1
3	151	632	1
3	151	648	1
3	151	651	1
3	151	653	1
3	151	658	1
3	151	659	1
3	151	669	1
3	151	676	1
3	151	679	1
3	151	680	1
3	151	682	1
3	151	688	1
3	152	507	1
3	152	510	1
3	152	515	1
3	152	516	1
3	152	518	1
3	152	530	1
3	152	544	1
3	152	547	1
3	152	555	1
3	152	562	1
3	152	566	1
3	152	572	1
3	152	577	1
3	152	595	1
3	152	602	1
3	152	621	1
3	152	627	1
3	152	632	1
3	152	645	1
3	152	651	1
3	152	658	1
3	152	659	1
3	152	669	1
3	152	670	1
3	152	680	1
3	152	682	1
3	152	692	1
3	153	507	1
3	153	510	1
3	153	515	1
3	153	516	1
3	153	533	1
3	153	544	1
3	153	552	1
3	153	553	1
3	153	555	1
3	153	562	1
3	153	566	1
3	153	572	1
3	153	602	1
3	153	615	1
3	153	621	1
3	153	627	1
3	153	645	1
3	153	653	1
3	153	679	1
3	153	680	1
3	153	682	1
3	153	686	1
3	153	688	1
3	153	692	1
3	154	507	1
3	154	515	1
3	154	516	1
3	154	518	1
3	154	530	1
3	154	533	1
3	154	544	1
3	154	547	1
3	154	552	1
3	154	553	1
3	154	555	1
3	154	562	1
3	154	566	1
3	154	572	1
3	154	602	1
3	154	615	1
3	154	632	1
3	154	651	1
3	154	653	1
3	154	669	1
3	154	679	1
3	154	680	1
3	154	682	1
3	154	686	1
3	154	688	1
3	155	507	1
3	155	516	1
3	155	544	1
3	155	547	1
3	155	553	1
3	155	572	1
3	155	576	1
3	155	577	1
3	155	602	1
3	155	615	1
3	155	622	1
3	155	651	1
3	155	653	1
3	155	669	1
3	155	672	1
3	155	680	1
3	155	682	1
3	156	507	1
3	156	510	1
3	156	515	1
3	156	518	1
3	156	530	1
3	156	544	1
3	156	547	1
3	156	552	1
3	156	553	1
3	156	555	1
3	156	562	1
3	156	566	1
3	156	572	1
3	156	577	1
3	156	595	1
3	156	602	1
3	156	603	1
3	156	615	1
3	156	622	1
3	156	626	1
3	156	627	1
3	156	631	1
3	156	645	1
3	156	651	1
3	156	658	1
3	156	659	1
3	156	670	1
3	156	676	1
3	156	677	1
3	156	679	1
3	156	680	1
3	156	682	1
3	156	686	1
3	156	688	1
3	158	507	1
3	158	510	1
3	158	515	1
3	158	516	1
3	158	518	1
3	158	533	1
3	158	544	1
3	158	547	1
3	158	553	1
3	158	572	1
3	158	577	1
3	158	595	1
3	158	602	1
3	158	621	1
3	158	632	1
3	158	645	1
3	158	651	1
3	158	653	1
3	158	659	1
3	158	669	1
3	158	670	1
3	158	680	1
3	158	686	1
3	158	688	1
3	158	692	1
3	159	500	1
3	159	507	1
3	159	510	1
3	159	511	1
3	159	515	1
3	159	516	1
3	159	518	1
3	159	519	1
3	159	520	1
3	159	526	1
3	159	529	1
3	159	530	1
3	159	533	1
3	159	537	1
3	159	538	1
3	159	540	1
3	159	544	1
3	159	548	1
3	159	552	1
3	159	554	1
3	159	555	1
3	159	558	1
3	159	559	1
3	159	560	1
3	159	562	1
3	159	565	1
3	159	567	1
3	159	568	1
3	159	572	1
3	159	577	1
3	159	590	1
3	159	591	1
3	159	597	1
3	159	602	1
3	159	603	1
3	159	607	1
3	159	615	1
3	159	621	1
3	159	622	1
3	159	624	1
3	159	625	1
3	159	627	1
3	159	632	1
3	159	636	1
3	159	637	1
3	159	644	1
3	159	645	1
3	159	651	1
3	159	652	1
3	159	653	1
3	159	655	1
3	159	658	1
3	159	659	1
3	159	669	1
3	159	670	1
3	159	672	1
3	159	676	1
3	159	680	1
3	159	682	1
3	159	686	1
3	159	692	1
3	160	507	1
3	160	515	1
3	160	516	1
3	160	518	1
3	160	520	1
3	160	526	1
3	160	529	1
3	160	530	1
3	160	537	1
3	160	538	1
3	160	540	1
3	160	544	1
3	160	547	1
3	160	548	1
3	160	552	1
3	160	553	1
3	160	554	1
3	160	555	1
3	160	558	1
3	160	559	1
3	160	562	1
3	160	565	1
3	160	566	1
3	160	567	1
3	160	568	1
3	160	572	1
3	160	577	1
3	160	590	1
3	160	591	1
3	160	595	1
3	160	597	1
3	160	602	1
3	160	603	1
3	160	606	1
3	160	607	1
3	160	615	1
3	160	621	1
3	160	622	1
3	160	624	1
3	160	625	1
3	160	626	1
3	160	631	1
3	160	632	1
3	160	636	1
3	160	637	1
3	160	644	1
3	160	645	1
3	160	652	1
3	160	653	1
3	160	659	1
3	160	669	1
3	160	670	1
3	160	672	1
3	160	676	1
3	160	679	1
3	160	680	1
3	160	682	1
3	160	686	1
3	160	688	1
3	160	692	1
3	161	499	1
3	161	507	1
3	161	510	1
3	161	518	1
3	161	520	1
3	161	529	1
3	161	530	1
3	161	533	1
3	161	537	1
3	161	540	1
3	161	544	1
3	161	547	1
3	161	552	1
3	161	553	1
3	161	558	1
3	161	560	1
3	161	562	1
3	161	565	1
3	161	566	1
3	161	567	1
3	161	571	1
3	161	577	1
3	161	590	1
3	161	595	1
3	161	597	1
3	161	606	1
3	161	621	1
3	161	625	1
3	161	627	1
3	161	631	1
3	161	632	1
3	161	634	1
3	161	636	1
3	161	645	1
3	161	648	1
3	161	651	1
3	161	653	1
3	161	658	1
3	161	659	1
3	161	669	1
3	161	670	1
3	161	674	1
3	161	676	1
3	161	688	1
3	161	692	1
3	162	500	1
3	162	507	1
3	162	515	1
3	162	516	1
3	162	518	1
3	162	520	1
3	162	526	1
3	162	533	1
3	162	540	1
3	162	541	1
3	162	542	1
3	162	544	1
3	162	545	1
3	162	547	1
3	162	552	1
3	162	553	1
3	162	555	1
3	162	558	1
3	162	559	1
3	162	562	1
3	162	567	1
3	162	571	1
3	162	572	1
3	162	577	1
3	162	587	1
3	162	595	1
3	162	599	1
3	162	603	1
3	162	615	1
3	162	621	1
3	162	626	1
3	162	631	1
3	162	632	1
3	162	644	1
3	162	645	1
3	162	648	1
3	162	651	1
3	162	653	1
3	162	658	1
3	162	668	1
3	162	669	1
3	162	679	1
3	162	680	1
3	162	682	1
3	162	686	1
3	162	688	1
3	162	692	1
3	163	507	1
3	163	516	1
3	163	544	1
3	163	547	1
3	163	553	1
3	163	572	1
3	163	576	1
3	163	577	1
3	163	597	1
3	163	602	1
3	163	615	1
3	163	651	1
3	163	653	1
3	163	669	1
3	163	680	1
3	163	682	1
3	163	686	1
3	164	544	1
3	164	669	1
3	165	507	1
3	165	510	1
3	165	515	1
3	165	516	1
3	165	518	1
3	165	530	1
3	165	533	1
3	165	540	1
3	165	544	1
3	165	545	1
3	165	547	1
3	165	548	1
3	165	552	1
3	165	553	1
3	165	558	1
3	165	560	1
3	165	572	1
3	165	576	1
3	165	577	1
3	165	581	1
3	165	583	1
3	165	585	1
3	165	595	1
3	165	603	1
3	165	627	1
3	165	631	1
3	165	632	1
3	165	645	1
3	165	648	1
3	165	658	1
3	165	659	1
3	165	669	1
3	165	670	1
3	165	676	1
3	165	679	1
3	165	682	1
3	165	688	1
3	165	692	1
3	166	497	1
3	166	499	1
3	166	500	1
3	166	507	1
3	166	510	1
3	166	515	1
3	166	516	1
3	166	518	1
3	166	520	1
3	166	529	1
3	166	530	1
3	166	533	1
3	166	537	1
3	166	538	1
3	166	540	1
3	166	545	1
3	166	547	1
3	166	548	1
3	166	552	1
3	166	553	1
3	166	554	1
3	166	555	1
3	166	559	1
3	166	560	1
3	166	562	1
3	166	565	1
3	166	567	1
3	166	571	1
3	166	574	1
3	166	585	1
3	166	589	1
3	166	590	1
3	166	594	1
3	166	595	1
3	166	602	1
3	166	603	1
3	166	606	1
3	166	607	1
3	166	615	1
3	166	621	1
3	166	622	1
3	166	626	1
3	166	627	1
3	166	631	1
3	166	634	1
3	166	636	1
3	166	637	1
3	166	638	1
3	166	642	1
3	166	644	1
3	166	645	1
3	166	648	1
3	166	651	1
3	166	652	1
3	166	653	1
3	166	655	1
3	166	658	1
3	166	659	1
3	166	669	1
3	166	672	1
3	166	674	1
3	166	676	1
3	166	677	1
3	166	679	1
3	166	680	1
3	166	682	1
3	166	686	1
3	166	688	1
3	166	691	1
3	167	510	1
3	167	516	1
3	167	529	1
3	167	530	1
3	167	533	1
3	167	537	1
3	167	538	1
3	167	544	1
3	167	547	1
3	167	548	1
3	167	552	1
3	167	553	1
3	167	554	1
3	167	555	1
3	167	558	1
3	167	571	1
3	167	572	1
3	167	576	1
3	167	595	1
3	167	597	1
3	167	602	1
3	167	603	1
3	167	615	1
3	167	622	1
3	167	627	1
3	167	645	1
3	167	648	1
3	167	651	1
3	167	652	1
3	167	655	1
3	167	658	1
3	167	659	1
3	167	670	1
3	167	672	1
3	167	682	1
3	167	686	1
3	167	688	1
3	167	692	1
3	168	510	1
3	168	516	1
3	168	529	1
3	168	530	1
3	168	533	1
3	168	537	1
3	168	538	1
3	168	540	1
3	168	544	1
3	168	548	1
3	168	552	1
3	168	554	1
3	168	555	1
3	168	558	1
3	168	560	1
3	168	571	1
3	168	572	1
3	168	577	1
3	168	595	1
3	168	602	1
3	168	603	1
3	168	607	1
3	168	622	1
3	168	627	1
3	168	631	1
3	168	632	1
3	168	645	1
3	168	648	1
3	168	651	1
3	168	653	1
3	168	655	1
3	168	658	1
3	168	659	1
3	168	669	1
3	168	679	1
3	168	680	1
3	168	682	1
3	168	686	1
3	168	688	1
3	168	692	1
3	169	507	1
3	169	516	1
3	169	544	1
3	169	547	1
3	169	553	1
3	169	572	1
3	169	576	1
3	169	577	1
3	169	597	1
3	169	622	1
3	169	651	1
3	169	669	1
3	169	680	1
3	169	686	1
3	170	516	1
3	170	544	1
3	170	547	1
3	170	553	1
3	170	572	1
3	170	576	1
3	170	577	1
3	170	597	1
3	170	602	1
3	170	615	1
3	170	622	1
3	170	651	1
3	170	653	1
3	170	672	1
3	170	680	1
3	170	682	1
3	171	507	1
3	171	510	1
3	171	511	1
3	171	515	1
3	171	516	1
3	171	520	1
3	171	526	1
3	171	529	1
3	171	530	1
3	171	533	1
3	171	537	1
3	171	540	1
3	171	542	1
3	171	547	1
3	171	554	1
3	171	555	1
3	171	558	1
3	171	559	1
3	171	560	1
3	171	562	1
3	171	565	1
3	171	566	1
3	171	568	1
3	171	569	1
3	171	571	1
3	171	572	1
3	171	577	1
3	171	590	1
3	171	591	1
3	171	594	1
3	171	595	1
3	171	603	1
3	171	606	1
3	171	607	1
3	171	624	1
3	171	625	1
3	171	627	1
3	171	636	1
3	171	637	1
3	171	644	1
3	171	645	1
3	171	651	1
3	171	652	1
3	171	659	1
3	171	680	1
3	171	682	1
3	171	688	1
3	171	692	1
3	172	507	1
3	172	515	1
3	172	516	1
3	172	518	1
3	172	530	1
3	172	533	1
3	172	544	1
3	172	552	1
3	172	553	1
3	172	555	1
3	172	562	1
3	172	566	1
3	172	572	1
3	172	602	1
3	172	615	1
3	172	621	1
3	172	627	1
3	172	669	1
3	172	679	1
3	172	682	1
3	173	507	1
3	173	513	1
3	173	516	1
3	173	544	1
3	173	547	1
3	173	548	1
3	173	553	1
3	173	555	1
3	173	572	1
3	173	602	1
3	173	615	1
3	173	627	1
3	173	632	1
3	173	651	1
3	173	653	1
3	173	669	1
3	173	679	1
3	173	686	1
3	174	507	1
3	174	510	1
3	174	515	1
3	174	516	1
3	174	520	1
3	174	530	1
3	174	533	1
3	174	540	1
3	174	544	1
3	174	547	1
3	174	552	1
3	174	553	1
3	174	555	1
3	174	560	1
3	174	566	1
3	174	572	1
3	174	576	1
3	174	602	1
3	174	603	1
3	174	615	1
3	174	621	1
3	174	631	1
3	174	648	1
3	174	651	1
3	174	653	1
3	174	658	1
3	174	676	1
3	174	682	1
3	174	686	1
3	174	688	1
3	174	692	1
3	175	516	1
3	175	519	1
3	175	526	1
3	175	529	1
3	175	530	1
3	175	544	1
3	175	547	1
3	175	548	1
3	175	552	1
3	175	553	1
3	175	555	1
3	175	558	1
3	175	559	1
3	175	572	1
3	175	576	1
3	175	577	1
3	175	580	1
3	175	581	1
3	175	651	1
3	175	653	1
3	175	669	1
3	175	676	1
3	175	679	1
3	175	680	1
3	175	691	1
3	176	502	1
3	176	507	1
3	176	510	1
3	176	515	1
3	176	520	1
3	176	529	1
3	176	530	1
3	176	538	1
3	176	540	1
3	176	547	1
3	176	552	1
3	176	553	1
3	176	555	1
3	176	558	1
3	176	559	1
3	176	560	1
3	176	565	1
3	176	571	1
3	176	572	1
3	176	577	1
3	176	595	1
3	176	602	1
3	176	606	1
3	176	625	1
3	176	631	1
3	176	632	1
3	176	636	1
3	176	648	1
3	176	650	1
3	176	651	1
3	176	653	1
3	176	656	1
3	176	669	1
3	176	679	1
3	176	680	1
3	176	686	1
3	176	692	1
3	177	496	1
3	177	510	1
3	177	511	1
3	177	513	1
3	177	514	1
3	177	515	1
3	177	516	1
3	177	519	1
3	177	522	1
3	177	523	1
3	177	526	1
3	177	528	1
3	177	529	1
3	177	530	1
3	177	533	1
3	177	538	1
3	177	540	1
3	177	547	1
3	177	548	1
3	177	552	1
3	177	555	1
3	177	558	1
3	177	559	1
3	177	560	1
3	177	562	1
3	177	566	1
3	177	568	1
3	177	569	1
3	177	572	1
3	177	577	1
3	177	580	1
3	177	581	1
3	177	590	1
3	177	592	1
3	177	595	1
3	177	603	1
3	177	605	1
3	177	606	1
3	177	621	1
3	177	624	1
3	177	625	1
3	177	627	1
3	177	631	1
3	177	636	1
3	177	637	1
3	177	639	1
3	177	641	1
3	177	644	1
3	177	645	1
3	177	652	1
3	177	658	1
3	177	659	1
3	177	670	1
3	177	676	1
3	177	679	1
3	177	680	1
3	177	688	1
3	177	690	1
3	177	691	1
3	178	496	1
3	178	500	1
3	178	507	1
3	178	510	1
3	178	511	1
3	178	513	1
3	178	514	1
3	178	515	1
3	178	519	1
3	178	522	1
3	178	523	1
3	178	526	1
3	178	528	1
3	178	529	1
3	178	530	1
3	178	533	1
3	178	537	1
3	178	538	1
3	178	540	1
3	178	544	1
3	178	548	1
3	178	552	1
3	178	553	1
3	178	554	1
3	178	555	1
3	178	558	1
3	178	559	1
3	178	560	1
3	178	562	1
3	178	565	1
3	178	568	1
3	178	569	1
3	178	572	1
3	178	577	1
3	178	590	1
3	178	591	1
3	178	592	1
3	178	594	1
3	178	603	1
3	178	606	1
3	178	607	1
3	178	625	1
3	178	627	1
3	178	631	1
3	178	632	1
3	178	636	1
3	178	637	1
3	178	639	1
3	178	641	1
3	178	644	1
3	178	645	1
3	178	652	1
3	178	653	1
3	178	658	1
3	178	659	1
3	178	669	1
3	178	670	1
3	178	676	1
3	178	679	1
3	178	680	1
3	178	682	1
3	178	688	1
3	178	689	1
3	178	690	1
3	178	691	1
3	178	692	1
3	179	507	1
3	179	520	1
3	179	523	1
3	179	529	1
3	179	544	1
3	179	547	1
3	179	553	1
3	179	555	1
3	179	569	1
3	179	580	1
3	179	581	1
3	179	627	1
3	179	632	1
3	179	653	1
3	179	658	1
3	179	659	1
3	179	676	1
3	179	679	1
3	179	680	1
3	179	691	1
3	179	692	1
3	180	513	1
3	180	514	1
3	180	516	1
3	180	547	1
3	180	572	1
3	180	576	1
3	180	631	1
3	180	639	1
3	180	641	1
3	180	651	1
3	180	653	1
3	180	669	1
3	181	510	1
3	181	511	1
3	181	515	1
3	181	519	1
3	181	520	1
3	181	530	1
3	181	533	1
3	181	537	1
3	181	538	1
3	181	540	1
3	181	542	1
3	181	547	1
3	181	552	1
3	181	554	1
3	181	555	1
3	181	558	1
3	181	559	1
3	181	562	1
3	181	565	1
3	181	566	1
3	181	568	1
3	181	569	1
3	181	571	1
3	181	572	1
3	181	577	1
3	181	590	1
3	181	591	1
3	181	595	1
3	181	603	1
3	181	606	1
3	181	607	1
3	181	624	1
3	181	627	1
3	181	637	1
3	181	645	1
3	181	651	1
3	181	652	1
3	181	658	1
3	181	659	1
3	181	669	1
3	181	676	1
3	181	679	1
3	181	682	1
3	181	692	1
3	182	547	1
3	182	562	1
3	182	599	1
3	182	668	1
3	182	682	1
3	183	510	1
3	183	511	1
3	183	515	1
3	183	516	1
3	183	519	1
3	183	520	1
3	183	526	1
3	183	529	1
3	183	530	1
3	183	533	1
3	183	537	1
3	183	538	1
3	183	540	1
3	183	547	1
3	183	553	1
3	183	554	1
3	183	555	1
3	183	558	1
3	183	562	1
3	183	565	1
3	183	566	1
3	183	568	1
3	183	572	1
3	183	591	1
3	183	595	1
3	183	606	1
3	183	625	1
3	183	636	1
3	183	637	1
3	183	644	1
3	183	651	1
3	183	652	1
3	183	653	1
3	183	659	1
3	183	676	1
3	183	679	1
3	183	682	1
3	183	688	1
3	183	692	1
3	184	507	1
3	184	510	1
3	184	516	1
3	184	530	1
3	184	553	1
3	184	555	1
3	184	571	1
3	184	572	1
3	184	574	1
3	184	631	1
3	184	643	1
3	184	644	1
3	184	651	1
3	184	653	1
3	184	665	1
3	184	669	1
3	184	680	1
3	184	692	1
3	185	507	1
3	185	516	1
3	185	530	1
3	185	553	1
3	185	555	1
3	185	567	1
3	185	571	1
3	185	572	1
3	185	574	1
3	185	577	1
3	185	631	1
3	185	644	1
3	185	651	1
3	185	653	1
3	185	669	1
3	185	680	1
3	185	692	1
3	186	500	1
3	186	502	1
3	186	511	1
3	186	519	1
3	186	523	1
3	186	526	1
3	186	529	1
3	186	530	1
3	186	533	1
3	186	537	1
3	186	540	1
3	186	547	1
3	186	548	1
3	186	552	1
3	186	553	1
3	186	554	1
3	186	555	1
3	186	558	1
3	186	560	1
3	186	562	1
3	186	565	1
3	186	566	1
3	186	568	1
3	186	570	1
3	186	572	1
3	186	589	1
3	186	590	1
3	186	594	1
3	186	603	1
3	186	606	1
3	186	607	1
3	186	624	1
3	186	625	1
3	186	627	1
3	186	632	1
3	186	648	1
3	186	651	1
3	186	652	1
3	186	653	1
3	186	658	1
3	186	659	1
3	186	679	1
3	186	682	1
3	186	688	1
3	186	689	1
3	186	692	1
3	187	500	1
3	187	507	1
3	187	515	1
3	187	533	1
3	187	544	1
3	187	552	1
3	187	553	1
3	187	555	1
3	187	562	1
3	187	567	1
3	187	572	1
3	187	577	1
3	187	595	1
3	187	597	1
3	187	602	1
3	187	603	1
3	187	621	1
3	187	622	1
3	187	626	1
3	187	627	1
3	187	632	1
3	187	645	1
3	187	648	1
3	187	651	1
3	187	652	1
3	187	653	1
3	187	658	1
3	187	669	1
3	187	672	1
3	187	677	1
3	187	679	1
3	187	680	1
3	187	682	1
3	187	688	1
3	187	692	1
3	188	500	1
3	188	507	1
3	188	510	1
3	188	515	1
3	188	516	1
3	188	518	1
3	188	530	1
3	188	533	1
3	188	540	1
3	188	544	1
3	188	547	1
3	188	553	1
3	188	555	1
3	188	559	1
3	188	560	1
3	188	562	1
3	188	567	1
3	188	572	1
3	188	577	1
3	188	595	1
3	188	597	1
3	188	602	1
3	188	615	1
3	188	621	1
3	188	626	1
3	188	627	1
3	188	631	1
3	188	645	1
3	188	651	1
3	188	653	1
3	188	659	1
3	188	669	1
3	188	670	1
3	188	672	1
3	188	680	1
3	188	686	1
3	188	688	1
3	189	507	1
3	189	510	1
3	189	515	1
3	189	516	1
3	189	518	1
3	189	533	1
3	189	544	1
3	189	545	1
3	189	547	1
3	189	548	1
3	189	552	1
3	189	553	1
3	189	562	1
3	189	566	1
3	189	576	1
3	189	595	1
3	189	602	1
3	189	603	1
3	189	615	1
3	189	627	1
3	189	632	1
3	189	645	1
3	189	648	1
3	189	653	1
3	189	658	1
3	189	659	1
3	189	669	1
3	189	670	1
3	189	679	1
3	189	682	1
3	189	686	1
3	189	688	1
3	189	692	1
3	190	500	1
3	190	507	1
3	190	510	1
3	190	515	1
3	190	516	1
3	190	520	1
3	190	529	1
3	190	530	1
3	190	533	1
3	190	537	1
3	190	538	1
3	190	540	1
3	190	544	1
3	190	545	1
3	190	547	1
3	190	548	1
3	190	552	1
3	190	553	1
3	190	554	1
3	190	555	1
3	190	565	1
3	190	567	1
3	190	571	1
3	190	572	1
3	190	576	1
3	190	577	1
3	190	590	1
3	190	594	1
3	190	595	1
3	190	597	1
3	190	602	1
3	190	606	1
3	190	607	1
3	190	621	1
3	190	625	1
3	190	627	1
3	190	632	1
3	190	638	1
3	190	645	1
3	190	648	1
3	190	651	1
3	190	652	1
3	190	653	1
3	190	655	1
3	190	658	1
3	190	659	1
3	190	669	1
3	190	670	1
3	190	672	1
3	190	674	1
3	190	676	1
3	190	677	1
3	190	679	1
3	190	682	1
3	190	686	1
3	190	688	1
3	190	692	1
3	191	500	1
3	191	507	1
3	191	510	1
3	191	515	1
3	191	516	1
3	191	529	1
3	191	530	1
3	191	547	1
3	191	554	1
3	191	555	1
3	191	565	1
3	191	569	1
3	191	577	1
3	191	622	1
3	191	636	1
3	191	651	1
3	191	669	1
3	191	672	1
3	191	676	1
3	191	677	1
3	191	680	1
3	191	692	1
3	192	507	1
3	192	510	1
3	192	545	1
3	192	547	1
3	192	548	1
3	192	553	1
3	192	555	1
3	192	571	1
3	192	572	1
3	192	651	1
3	192	682	1
3	192	683	1
3	192	692	1
3	193	500	1
3	193	511	1
3	193	515	1
3	193	516	1
3	193	519	1
3	193	520	1
3	193	526	1
3	193	529	1
3	193	530	1
3	193	533	1
3	193	537	1
3	193	544	1
3	193	547	1
3	193	548	1
3	193	553	1
3	193	554	1
3	193	559	1
3	193	560	1
3	193	562	1
3	193	565	1
3	193	566	1
3	193	567	1
3	193	568	1
3	193	572	1
3	193	577	1
3	193	590	1
3	193	591	1
3	193	597	1
3	193	602	1
3	193	603	1
3	193	606	1
3	193	607	1
3	193	615	1
3	193	621	1
3	193	622	1
3	193	627	1
3	193	632	1
3	193	636	1
3	193	637	1
3	193	645	1
3	193	651	1
3	193	653	1
3	193	655	1
3	193	658	1
3	193	659	1
3	193	669	1
3	193	670	1
3	193	672	1
3	193	679	1
3	193	680	1
3	193	686	1
3	193	688	1
3	197	497	1
3	197	499	1
3	197	550	1
3	197	553	1
3	197	574	1
3	197	597	1
3	197	642	1
3	197	643	1
3	197	644	1
3	197	651	1
3	197	653	1
3	197	665	1
3	197	682	1
3	199	507	1
3	199	547	1
3	199	552	1
3	199	553	1
3	199	560	1
3	199	572	1
3	199	577	1
3	199	590	1
3	199	591	1
3	199	597	1
3	199	625	1
3	199	651	1
3	199	669	1
3	199	679	1
3	199	680	1
3	199	692	1
3	200	507	1
3	200	510	1
3	200	515	1
3	200	518	1
3	200	533	1
3	200	547	1
3	200	552	1
3	200	553	1
3	200	555	1
3	200	562	1
3	200	566	1
3	200	572	1
3	200	577	1
3	200	615	1
3	200	627	1
3	200	648	1
3	200	651	1
3	200	653	1
3	200	669	1
3	200	680	1
3	200	686	1
3	200	688	1
3	200	692	1
3	201	500	1
3	201	510	1
3	201	515	1
3	201	516	1
3	201	530	1
3	201	540	1
3	201	544	1
3	201	547	1
3	201	553	1
3	201	555	1
3	201	559	1
3	201	560	1
3	201	562	1
3	201	566	1
3	201	570	1
3	201	577	1
3	201	602	1
3	201	615	1
3	201	621	1
3	201	622	1
3	201	626	1
3	201	627	1
3	201	631	1
3	201	632	1
3	201	645	1
3	201	651	1
3	201	653	1
3	201	659	1
3	201	669	1
3	201	670	1
3	201	672	1
3	201	680	1
3	201	682	1
3	201	686	1
3	201	692	1
3	202	510	1
3	202	515	1
3	202	516	1
3	202	518	1
3	202	533	1
3	202	544	1
3	202	547	1
3	202	555	1
3	202	566	1
3	202	567	1
3	202	577	1
3	202	595	1
3	202	597	1
3	202	615	1
3	202	621	1
3	202	622	1
3	202	626	1
3	202	627	1
3	202	631	1
3	202	632	1
3	202	645	1
3	202	648	1
3	202	651	1
3	202	653	1
3	202	658	1
3	202	669	1
3	202	670	1
3	202	680	1
3	202	682	1
3	202	686	1
3	202	688	1
3	202	692	1
3	203	507	1
3	203	510	1
3	203	515	1
3	203	516	1
3	203	518	1
3	203	530	1
3	203	533	1
3	203	544	1
3	203	553	1
3	203	555	1
3	203	567	1
3	203	572	1
3	203	577	1
3	203	595	1
3	203	597	1
3	203	615	1
3	203	621	1
3	203	626	1
3	203	627	1
3	203	631	1
3	203	632	1
3	203	645	1
3	203	648	1
3	203	651	1
3	203	653	1
3	203	658	1
3	203	659	1
3	203	669	1
3	203	670	1
3	203	672	1
3	203	680	1
3	203	682	1
3	203	688	1
3	203	692	1
3	204	507	1
3	204	510	1
3	204	515	1
3	204	516	1
3	204	518	1
3	204	520	1
3	204	526	1
3	204	530	1
3	204	537	1
3	204	538	1
3	204	540	1
3	204	541	1
3	204	542	1
3	204	548	1
3	204	552	1
3	204	553	1
3	204	555	1
3	204	558	1
3	204	559	1
3	204	560	1
3	204	562	1
3	204	566	1
3	204	567	1
3	204	571	1
3	204	572	1
3	204	587	1
3	204	592	1
3	204	595	1
3	204	599	1
3	204	602	1
3	204	607	1
3	204	621	1
3	204	626	1
3	204	627	1
3	204	631	1
3	204	644	1
3	204	645	1
3	204	648	1
3	204	653	1
3	204	658	1
3	204	659	1
3	204	668	1
3	204	669	1
3	204	670	1
3	204	676	1
3	204	679	1
3	204	682	1
3	204	688	1
3	204	692	1
3	205	507	1
3	205	528	1
3	205	676	1
3	206	507	1
3	206	515	1
3	206	516	1
3	206	518	1
3	206	520	1
3	206	530	1
3	206	545	1
3	206	547	1
3	206	548	1
3	206	552	1
3	206	553	1
3	206	555	1
3	206	562	1
3	206	566	1
3	206	572	1
3	206	577	1
3	206	603	1
3	206	615	1
3	206	621	1
3	206	631	1
3	206	648	1
3	206	651	1
3	206	653	1
3	206	658	1
3	206	659	1
3	206	669	1
3	206	679	1
3	206	682	1
3	206	686	1
3	206	688	1
3	206	692	1
3	207	507	1
3	207	544	1
3	207	547	1
3	207	553	1
3	207	572	1
3	207	576	1
3	207	577	1
3	207	597	1
3	207	602	1
3	207	615	1
3	207	622	1
3	207	653	1
3	207	669	1
3	207	672	1
3	207	680	1
3	207	682	1
3	207	686	1
3	208	507	1
3	208	516	1
3	208	544	1
3	208	547	1
3	208	553	1
3	208	572	1
3	208	577	1
3	208	597	1
3	208	602	1
3	208	615	1
3	208	622	1
3	208	651	1
3	208	653	1
3	208	669	1
3	208	672	1
3	208	680	1
3	208	682	1
3	208	686	1
3	209	496	1
3	209	500	1
3	209	507	1
3	209	508	1
3	209	510	1
3	209	512	1
3	209	515	1
3	209	516	1
3	209	519	1
3	209	520	1
3	209	522	1
3	209	523	1
3	209	529	1
3	209	530	1
3	209	533	1
3	209	537	1
3	209	538	1
3	209	540	1
3	209	541	1
3	209	542	1
3	209	545	1
3	209	547	1
3	209	548	1
3	209	553	1
3	209	554	1
3	209	559	1
3	209	560	1
3	209	565	1
3	209	566	1
3	209	568	1
3	209	569	1
3	209	571	1
3	209	572	1
3	209	577	1
3	209	580	1
3	209	581	1
3	209	585	1
3	209	590	1
3	209	591	1
3	209	593	1
3	209	598	1
3	209	605	1
3	209	606	1
3	209	622	1
3	209	624	1
3	209	625	1
3	209	626	1
3	209	627	1
3	209	632	1
3	209	636	1
3	209	637	1
3	209	644	1
3	209	645	1
3	209	649	1
3	209	651	1
3	209	652	1
3	209	653	1
3	209	656	1
3	209	658	1
3	209	672	1
3	209	675	1
3	209	676	1
3	209	677	1
3	209	679	1
3	209	680	1
3	209	682	1
3	209	688	1
3	209	691	1
3	209	692	1
3	210	507	1
3	210	510	1
3	210	530	1
3	210	544	1
3	210	545	1
3	210	547	1
3	210	548	1
3	210	552	1
3	210	553	1
3	210	555	1
3	210	560	1
3	210	571	1
3	210	572	1
3	210	576	1
3	210	590	1
3	210	591	1
3	210	594	1
3	210	602	1
3	210	603	1
3	210	615	1
3	210	631	1
3	210	648	1
3	210	651	1
3	210	653	1
3	210	669	1
3	210	680	1
3	210	686	1
3	210	692	1
3	211	507	1
3	211	510	1
3	211	555	1
3	211	560	1
3	211	566	1
3	211	572	1
3	211	645	1
3	211	651	1
3	211	653	1
3	211	669	1
3	211	675	1
3	211	676	1
3	212	499	1
3	212	515	1
3	212	516	1
3	212	518	1
3	212	520	1
3	212	528	1
3	212	529	1
3	212	533	1
3	212	537	1
3	212	540	1
3	212	544	1
3	212	552	1
3	212	553	1
3	212	555	1
3	212	558	1
3	212	560	1
3	212	562	1
3	212	565	1
3	212	566	1
3	212	567	1
3	212	569	1
3	212	571	1
3	212	572	1
3	212	577	1
3	212	590	1
3	212	597	1
3	212	606	1
3	212	625	1
3	212	627	1
3	212	631	1
3	212	632	1
3	212	636	1
3	212	638	1
3	212	645	1
3	212	648	1
3	212	651	1
3	212	653	1
3	212	659	1
3	212	669	1
3	212	670	1
3	212	674	1
3	212	676	1
3	212	679	1
3	212	680	1
3	212	682	1
3	212	688	1
3	212	692	1
3	213	514	1
3	213	544	1
3	213	547	1
3	213	548	1
3	213	553	1
3	213	572	1
3	213	602	1
3	213	615	1
3	213	639	1
3	213	651	1
3	213	653	1
3	213	669	1
3	213	680	1
3	213	686	1
3	214	507	1
3	214	513	1
3	214	514	1
3	214	544	1
3	214	547	1
3	214	548	1
3	214	553	1
3	214	572	1
3	214	602	1
3	214	615	1
3	214	639	1
3	214	641	1
3	214	651	1
3	214	653	1
3	214	669	1
3	214	680	1
3	214	686	1
3	215	507	1
3	215	510	1
3	215	515	1
3	215	516	1
3	215	518	1
3	215	520	1
3	215	530	1
3	215	533	1
3	215	540	1
3	215	544	1
3	215	545	1
3	215	547	1
3	215	548	1
3	215	553	1
3	215	560	1
3	215	562	1
3	215	566	1
3	215	572	1
3	215	576	1
3	215	577	1
3	215	595	1
3	215	602	1
3	215	603	1
3	215	615	1
3	215	621	1
3	215	631	1
3	215	632	1
3	215	645	1
3	215	651	1
3	215	658	1
3	215	669	1
3	215	670	1
3	215	676	1
3	215	679	1
3	215	680	1
3	215	686	1
3	215	688	1
3	215	692	1
3	216	516	1
3	216	544	1
3	216	552	1
3	216	555	1
3	216	602	1
3	216	627	1
3	216	632	1
3	216	653	1
3	216	679	1
3	217	507	1
3	217	516	1
3	217	544	1
3	217	547	1
3	217	553	1
3	217	555	1
3	217	602	1
3	217	627	1
3	217	632	1
3	217	651	1
3	217	669	1
3	217	679	1
3	217	680	1
3	218	507	1
3	218	510	1
3	218	515	1
3	218	518	1
3	218	530	1
3	218	544	1
3	218	547	1
3	218	553	1
3	218	562	1
3	218	566	1
3	218	572	1
3	218	602	1
3	218	615	1
3	218	621	1
3	218	627	1
3	218	632	1
3	218	645	1
3	218	651	1
3	218	653	1
3	218	669	1
3	218	679	1
3	218	680	1
3	218	682	1
3	218	688	1
3	218	692	1
3	219	507	1
3	219	510	1
3	219	515	1
3	219	516	1
3	219	518	1
3	219	530	1
3	219	533	1
3	219	544	1
3	219	547	1
3	219	552	1
3	219	553	1
3	219	555	1
3	219	562	1
3	219	566	1
3	219	572	1
3	219	602	1
3	219	615	1
3	219	621	1
3	219	632	1
3	219	645	1
3	219	651	1
3	219	653	1
3	219	669	1
3	219	679	1
3	219	682	1
3	219	686	1
3	219	688	1
3	220	499	1
3	220	500	1
3	220	507	1
3	220	510	1
3	220	540	1
3	220	547	1
3	220	553	1
3	220	559	1
3	220	572	1
3	220	574	1
3	220	595	1
3	220	631	1
3	220	642	1
3	220	644	1
3	220	651	1
3	220	653	1
3	220	665	1
3	220	669	1
3	220	680	1
3	220	682	1
3	221	507	1
3	221	510	1
3	221	516	1
3	221	520	1
3	221	529	1
3	221	530	1
3	221	547	1
3	221	548	1
3	221	552	1
3	221	553	1
3	221	554	1
3	221	555	1
3	221	560	1
3	221	568	1
3	221	572	1
3	221	580	1
3	221	581	1
3	221	590	1
3	221	591	1
3	221	606	1
3	221	607	1
3	221	625	1
3	221	636	1
3	221	650	1
3	221	652	1
3	221	669	1
3	221	679	1
3	221	691	1
3	222	507	1
3	222	510	1
3	222	516	1
3	222	520	1
3	222	529	1
3	222	530	1
3	222	538	1
3	222	552	1
3	222	553	1
3	222	554	1
3	222	555	1
3	222	558	1
3	222	560	1
3	222	565	1
3	222	568	1
3	222	580	1
3	222	581	1
3	222	590	1
3	222	606	1
3	222	607	1
3	222	625	1
3	222	636	1
3	222	650	1
3	222	652	1
3	222	669	1
3	222	680	1
3	222	691	1
3	223	507	1
3	223	510	1
3	223	516	1
3	223	520	1
3	223	529	1
3	223	530	1
3	223	538	1
3	223	547	1
3	223	548	1
3	223	553	1
3	223	555	1
3	223	558	1
3	223	560	1
3	223	565	1
3	223	568	1
3	223	572	1
3	223	581	1
3	223	590	1
3	223	591	1
3	223	607	1
3	223	625	1
3	223	636	1
3	223	650	1
3	223	652	1
3	223	669	1
3	223	679	1
3	223	680	1
3	223	692	1
3	224	507	1
3	224	519	1
3	224	526	1
3	224	530	1
3	224	533	1
3	224	537	1
3	224	538	1
3	224	547	1
3	224	552	1
3	224	555	1
3	224	558	1
3	224	560	1
3	224	566	1
3	224	572	1
3	224	595	1
3	224	627	1
3	224	631	1
3	224	637	1
3	224	644	1
3	224	645	1
3	224	651	1
3	224	679	1
3	224	680	1
3	224	682	1
3	224	688	1
3	224	692	1
3	225	507	1
3	225	510	1
3	225	520	1
3	225	526	1
3	225	530	1
3	225	538	1
3	225	547	1
3	225	552	1
3	225	553	1
3	225	555	1
3	225	560	1
3	225	595	1
3	225	606	1
3	225	627	1
3	225	631	1
3	225	637	1
3	225	644	1
3	225	645	1
3	225	651	1
3	225	653	1
3	225	669	1
3	225	679	1
3	225	682	1
3	226	507	1
3	226	510	1
3	226	519	1
3	226	520	1
3	226	526	1
3	226	530	1
3	226	533	1
3	226	537	1
3	226	538	1
3	226	540	1
3	226	547	1
3	226	555	1
3	226	558	1
3	226	560	1
3	226	572	1
3	226	595	1
3	226	606	1
3	226	637	1
3	226	644	1
3	226	645	1
3	226	653	1
3	226	669	1
3	226	679	1
3	226	680	1
3	226	682	1
3	226	688	1
3	226	692	1
3	227	513	1
3	227	572	1
3	227	576	1
3	227	631	1
3	227	639	1
3	227	641	1
3	227	651	1
3	227	653	1
3	227	669	1
3	228	507	1
3	228	511	1
3	228	515	1
3	228	516	1
3	228	519	1
3	228	520	1
3	228	526	1
3	228	529	1
3	228	530	1
3	228	533	1
3	228	537	1
3	228	538	1
3	228	540	1
3	228	547	1
3	228	552	1
3	228	553	1
3	228	554	1
3	228	555	1
3	228	559	1
3	228	560	1
3	228	562	1
3	228	565	1
3	228	566	1
3	228	568	1
3	228	572	1
3	228	590	1
3	228	591	1
3	228	595	1
3	228	603	1
3	228	606	1
3	228	607	1
3	228	624	1
3	228	627	1
3	228	631	1
3	228	637	1
3	228	644	1
3	228	651	1
3	228	652	1
3	228	653	1
3	228	658	1
3	228	659	1
3	228	676	1
3	228	679	1
3	228	680	1
3	228	688	1
3	228	692	1
3	229	507	1
3	229	510	1
3	229	511	1
3	229	516	1
3	229	519	1
3	229	526	1
3	229	530	1
3	229	533	1
3	229	537	1
3	229	540	1
3	229	542	1
3	229	552	1
3	229	553	1
3	229	555	1
3	229	559	1
3	229	560	1
3	229	562	1
3	229	566	1
3	229	568	1
3	229	571	1
3	229	572	1
3	229	577	1
3	229	590	1
3	229	591	1
3	229	594	1
3	229	595	1
3	229	606	1
3	229	607	1
3	229	625	1
3	229	627	1
3	229	631	1
3	229	637	1
3	229	644	1
3	229	651	1
3	229	652	1
3	229	658	1
3	229	659	1
3	229	669	1
3	229	676	1
3	229	679	1
3	229	680	1
3	229	682	1
3	229	688	1
3	229	692	1
3	230	513	1
3	230	514	1
3	230	547	1
3	230	572	1
3	230	631	1
3	230	639	1
3	230	641	1
3	230	651	1
3	230	653	1
3	231	513	1
3	231	514	1
3	231	516	1
3	231	547	1
3	231	572	1
3	231	576	1
3	231	639	1
3	231	641	1
3	231	651	1
3	231	653	1
3	231	669	1
3	232	507	1
3	232	510	1
3	232	511	1
3	232	516	1
3	232	520	1
3	232	526	1
3	232	529	1
3	232	530	1
3	232	533	1
3	232	537	1
3	232	538	1
3	232	540	1
3	232	542	1
3	232	547	1
3	232	552	1
3	232	553	1
3	232	554	1
3	232	558	1
3	232	559	1
3	232	560	1
3	232	562	1
3	232	565	1
3	232	566	1
3	232	568	1
3	232	572	1
3	232	590	1
3	232	591	1
3	232	594	1
3	232	595	1
3	232	603	1
3	232	606	1
3	232	607	1
3	232	624	1
3	232	625	1
3	232	627	1
3	232	631	1
3	232	636	1
3	232	637	1
3	232	644	1
3	232	645	1
3	232	651	1
3	232	653	1
3	232	658	1
3	232	659	1
3	232	669	1
3	232	676	1
3	232	680	1
3	232	682	1
3	232	688	1
3	232	692	1
3	233	496	1
3	233	500	1
3	233	507	1
3	233	510	1
3	233	511	1
3	233	513	1
3	233	514	1
3	233	515	1
3	233	516	1
3	233	519	1
3	233	520	1
3	233	522	1
3	233	526	1
3	233	528	1
3	233	529	1
3	233	533	1
3	233	537	1
3	233	538	1
3	233	540	1
3	233	544	1
3	233	547	1
3	233	548	1
3	233	552	1
3	233	553	1
3	233	555	1
3	233	558	1
3	233	559	1
3	233	562	1
3	233	565	1
3	233	566	1
3	233	572	1
3	233	580	1
3	233	581	1
3	233	590	1
3	233	591	1
3	233	592	1
3	233	594	1
3	233	595	1
3	233	605	1
3	233	607	1
3	233	621	1
3	233	622	1
3	233	624	1
3	233	625	1
3	233	627	1
3	233	631	1
3	233	632	1
3	233	636	1
3	233	637	1
3	233	639	1
3	233	644	1
3	233	645	1
3	233	651	1
3	233	652	1
3	233	653	1
3	233	658	1
3	233	659	1
3	233	669	1
3	233	670	1
3	233	676	1
3	233	679	1
3	233	680	1
3	233	682	1
3	233	688	1
3	233	689	1
3	233	690	1
3	233	691	1
3	233	692	1
3	234	496	1
3	234	500	1
3	234	507	1
3	234	513	1
3	234	514	1
3	234	515	1
3	234	516	1
3	234	520	1
3	234	522	1
3	234	523	1
3	234	528	1
3	234	529	1
3	234	530	1
3	234	533	1
3	234	537	1
3	234	540	1
3	234	544	1
3	234	547	1
3	234	548	1
3	234	552	1
3	234	553	1
3	234	554	1
3	234	555	1
3	234	558	1
3	234	559	1
3	234	560	1
3	234	565	1
3	234	568	1
3	234	569	1
3	234	577	1
3	234	580	1
3	234	581	1
3	234	590	1
3	234	591	1
3	234	592	1
3	234	594	1
3	234	595	1
3	234	605	1
3	234	606	1
3	234	621	1
3	234	622	1
3	234	624	1
3	234	625	1
3	234	627	1
3	234	632	1
3	234	636	1
3	234	637	1
3	234	639	1
3	234	641	1
3	234	644	1
3	234	645	1
3	234	651	1
3	234	652	1
3	234	653	1
3	234	658	1
3	234	669	1
3	234	670	1
3	234	676	1
3	234	680	1
3	234	682	1
3	234	688	1
3	234	689	1
3	234	690	1
3	234	691	1
3	234	692	1
3	235	510	1
3	235	515	1
3	235	516	1
3	235	518	1
3	235	520	1
3	235	522	1
3	235	528	1
3	235	529	1
3	235	530	1
3	235	533	1
3	235	544	1
3	235	545	1
3	235	547	1
3	235	548	1
3	235	552	1
3	235	553	1
3	235	554	1
3	235	558	1
3	235	560	1
3	235	562	1
3	235	565	1
3	235	566	1
3	235	568	1
3	235	569	1
3	235	571	1
3	235	572	1
3	235	577	1
3	235	590	1
3	235	591	1
3	235	594	1
3	235	595	1
3	235	602	1
3	235	615	1
3	235	621	1
3	235	625	1
3	235	627	1
3	235	631	1
3	235	632	1
3	235	636	1
3	235	645	1
3	235	651	1
3	235	652	1
3	235	658	1
3	235	659	1
3	235	669	1
3	235	676	1
3	235	679	1
3	235	680	1
3	235	682	1
3	235	688	1
3	235	692	1
3	236	499	1
3	236	507	1
3	236	510	1
3	236	515	1
3	236	516	1
3	236	520	1
3	236	528	1
3	236	529	1
3	236	533	1
3	236	537	1
3	236	552	1
3	236	553	1
3	236	555	1
3	236	558	1
3	236	560	1
3	236	562	1
3	236	565	1
3	236	566	1
3	236	569	1
3	236	571	1
3	236	590	1
3	236	591	1
3	236	595	1
3	236	597	1
3	236	602	1
3	236	606	1
3	236	615	1
3	236	621	1
3	236	631	1
3	236	632	1
3	236	634	1
3	236	636	1
3	236	638	1
3	236	645	1
3	236	648	1
3	236	653	1
3	236	658	1
3	236	659	1
3	236	669	1
3	236	670	1
3	236	679	1
3	236	680	1
3	236	682	1
3	236	686	1
3	236	688	1
3	236	692	1
3	237	507	1
3	237	510	1
3	237	547	1
3	237	552	1
3	237	553	1
3	237	555	1
3	237	577	1
3	237	590	1
3	237	591	1
3	237	625	1
3	237	634	1
3	237	651	1
3	237	669	1
3	237	679	1
3	237	680	1
3	237	692	1
3	238	507	1
3	238	510	1
3	238	530	1
3	238	553	1
3	238	567	1
3	238	571	1
3	238	574	1
3	238	577	1
3	238	631	1
3	238	643	1
3	238	653	1
3	238	669	1
3	238	680	1
3	239	500	1
3	239	507	1
3	239	510	1
3	239	515	1
3	239	519	1
3	239	520	1
3	239	526	1
3	239	530	1
3	239	533	1
3	239	537	1
3	239	538	1
3	239	540	1
3	239	541	1
3	239	547	1
3	239	548	1
3	239	552	1
3	239	553	1
3	239	554	1
3	239	559	1
3	239	565	1
3	239	566	1
3	239	568	1
3	239	572	1
3	239	577	1
3	239	580	1
3	239	587	1
3	239	589	1
3	239	591	1
3	239	592	1
3	239	595	1
3	239	596	1
3	239	598	1
3	239	603	1
3	239	606	1
3	239	607	1
3	239	624	1
3	239	625	1
3	239	626	1
3	239	627	1
3	239	636	1
3	239	637	1
3	239	644	1
3	239	651	1
3	239	652	1
3	239	653	1
3	239	658	1
3	239	659	1
3	239	676	1
3	239	679	1
3	239	680	1
3	239	682	1
3	239	688	1
3	239	689	1
3	239	692	1
3	240	510	1
3	240	515	1
3	240	516	1
3	240	518	1
3	240	520	1
3	240	523	1
3	240	529	1
3	240	530	1
3	240	533	1
3	240	547	1
3	240	553	1
3	240	560	1
3	240	562	1
3	240	565	1
3	240	566	1
3	240	581	1
3	240	590	1
3	240	591	1
3	240	621	1
3	240	625	1
3	240	627	1
3	240	632	1
3	240	636	1
3	240	650	1
3	240	651	1
3	240	680	1
3	240	686	1
3	240	688	1
3	241	510	1
3	241	511	1
3	241	516	1
3	241	519	1
3	241	520	1
3	241	529	1
3	241	530	1
3	241	533	1
3	241	537	1
3	241	538	1
3	241	540	1
3	241	547	1
3	241	553	1
3	241	554	1
3	241	555	1
3	241	558	1
3	241	559	1
3	241	560	1
3	241	566	1
3	241	568	1
3	241	571	1
3	241	572	1
3	241	577	1
3	241	590	1
3	241	603	1
3	241	606	1
3	241	607	1
3	241	624	1
3	241	625	1
3	241	627	1
3	241	637	1
3	241	644	1
3	241	645	1
3	241	651	1
3	241	653	1
3	241	658	1
3	241	659	1
3	241	669	1
3	241	676	1
3	241	679	1
3	241	680	1
3	241	688	1
3	241	692	1
3	242	507	1
3	242	510	1
3	242	515	1
3	242	516	1
3	242	518	1
3	242	530	1
3	242	544	1
3	242	545	1
3	242	547	1
3	242	548	1
3	242	552	1
3	242	553	1
3	242	555	1
3	242	562	1
3	242	566	1
3	242	572	1
3	242	576	1
3	242	577	1
3	242	595	1
3	242	603	1
3	242	621	1
3	242	632	1
3	242	645	1
3	242	648	1
3	242	653	1
3	242	669	1
3	242	670	1
3	242	679	1
3	242	680	1
3	242	686	1
3	242	688	1
3	242	692	1
3	243	507	1
3	243	516	1
3	243	547	1
3	243	552	1
3	243	553	1
3	243	555	1
3	243	602	1
3	243	627	1
3	243	632	1
3	243	651	1
3	243	653	1
3	243	679	1
3	244	500	1
3	244	507	1
3	244	511	1
3	244	515	1
3	244	518	1
3	244	519	1
3	244	520	1
3	244	526	1
3	244	529	1
3	244	530	1
3	244	537	1
3	244	540	1
3	244	544	1
3	244	547	1
3	244	553	1
3	244	554	1
3	244	555	1
3	244	560	1
3	244	562	1
3	244	565	1
3	244	566	1
3	244	567	1
3	244	568	1
3	244	572	1
3	244	577	1
3	244	590	1
3	244	591	1
3	244	595	1
3	244	602	1
3	244	606	1
3	244	607	1
3	244	615	1
3	244	625	1
3	244	631	1
3	244	632	1
3	244	637	1
3	244	644	1
3	244	645	1
3	244	652	1
3	244	653	1
3	244	659	1
3	244	669	1
3	244	670	1
3	244	672	1
3	244	676	1
3	244	679	1
3	244	680	1
3	244	682	1
3	244	686	1
3	244	688	1
3	244	692	1
3	245	547	1
3	245	562	1
3	245	572	1
3	245	599	1
3	245	668	1
3	245	682	1
3	246	507	1
3	246	510	1
3	246	511	1
3	246	515	1
3	246	519	1
3	246	520	1
3	246	526	1
3	246	529	1
3	246	530	1
3	246	533	1
3	246	537	1
3	246	538	1
3	246	540	1
3	246	544	1
3	246	547	1
3	246	552	1
3	246	553	1
3	246	554	1
3	246	555	1
3	246	558	1
3	246	559	1
3	246	562	1
3	246	565	1
3	246	566	1
3	246	568	1
3	246	572	1
3	246	577	1
3	246	591	1
3	246	595	1
3	246	602	1
3	246	603	1
3	246	606	1
3	246	607	1
3	246	615	1
3	246	621	1
3	246	625	1
3	246	626	1
3	246	627	1
3	246	631	1
3	246	632	1
3	246	636	1
3	246	644	1
3	246	645	1
3	246	651	1
3	246	652	1
3	246	653	1
3	246	658	1
3	246	659	1
3	246	669	1
3	246	676	1
3	246	682	1
3	246	686	1
3	246	688	1
3	246	692	1
3	247	515	1
3	247	530	1
3	247	533	1
3	247	562	1
3	247	566	1
3	247	572	1
3	247	602	1
3	247	615	1
3	247	651	1
3	247	682	1
3	247	686	1
3	247	688	1
3	248	553	1
3	248	560	1
3	248	599	1
3	248	627	1
3	248	639	1
3	248	666	1
3	248	667	1
3	248	668	1
3	248	669	1
3	248	680	1
3	248	682	1
3	249	507	1
3	249	510	1
3	249	511	1
3	249	513	1
3	249	514	1
3	249	515	1
3	249	518	1
3	249	519	1
3	249	520	1
3	249	522	1
3	249	526	1
3	249	528	1
3	249	529	1
3	249	530	1
3	249	533	1
3	249	537	1
3	249	538	1
3	249	540	1
3	249	544	1
3	249	547	1
3	249	548	1
3	249	552	1
3	249	553	1
3	249	554	1
3	249	555	1
3	249	558	1
3	249	559	1
3	249	560	1
3	249	562	1
3	249	565	1
3	249	566	1
3	249	568	1
3	249	569	1
3	249	571	1
3	249	572	1
3	249	577	1
3	249	590	1
3	249	592	1
3	249	603	1
3	249	606	1
3	249	607	1
3	249	622	1
3	249	625	1
3	249	631	1
3	249	632	1
3	249	636	1
3	249	637	1
3	249	644	1
3	249	645	1
3	249	648	1
3	249	651	1
3	249	652	1
3	249	653	1
3	249	659	1
3	249	664	1
3	249	669	1
3	249	670	1
3	249	674	1
3	249	675	1
3	249	676	1
3	249	679	1
3	249	680	1
3	249	686	1
3	249	688	1
3	249	690	1
3	249	691	1
3	249	692	1
3	250	510	1
3	250	515	1
3	250	516	1
3	250	518	1
3	250	530	1
3	250	533	1
3	250	544	1
3	250	547	1
3	250	552	1
3	250	553	1
3	250	555	1
3	250	572	1
3	250	602	1
3	250	621	1
3	250	627	1
3	250	632	1
3	250	645	1
3	250	651	1
3	250	653	1
3	250	680	1
3	250	682	1
3	250	686	1
3	250	688	1
3	250	692	1
3	251	510	1
3	251	516	1
3	251	530	1
3	251	555	1
3	251	567	1
3	251	571	1
3	251	577	1
3	251	631	1
3	251	651	1
3	251	653	1
3	251	665	1
3	251	669	1
3	251	680	1
3	251	692	1
3	252	500	1
3	252	507	1
3	252	510	1
3	252	516	1
3	252	518	1
3	252	530	1
3	252	533	1
3	252	540	1
3	252	547	1
3	252	553	1
3	252	555	1
3	252	559	1
3	252	560	1
3	252	562	1
3	252	566	1
3	252	570	1
3	252	572	1
3	252	577	1
3	252	597	1
3	252	602	1
3	252	615	1
3	252	622	1
3	252	626	1
3	252	631	1
3	252	632	1
3	252	645	1
3	252	651	1
3	252	653	1
3	252	658	1
3	252	659	1
3	252	669	1
3	252	670	1
3	252	672	1
3	252	680	1
3	252	682	1
3	252	686	1
3	252	688	1
3	252	692	1
3	253	515	1
3	253	516	1
3	253	518	1
3	253	544	1
3	253	547	1
3	253	562	1
3	253	566	1
3	253	615	1
3	253	621	1
3	253	632	1
3	253	651	1
3	253	682	1
3	253	686	1
3	253	688	1
3	254	515	1
3	254	518	1
3	254	530	1
3	254	533	1
3	254	544	1
3	254	572	1
3	254	602	1
3	254	615	1
3	254	621	1
3	254	651	1
3	254	686	1
3	254	688	1
3	255	515	1
3	255	518	1
3	255	530	1
3	255	533	1
3	255	544	1
3	255	547	1
3	255	562	1
3	255	602	1
3	255	651	1
3	255	682	1
3	255	686	1
3	255	688	1
3	256	515	1
3	256	516	1
3	256	518	1
3	256	530	1
3	256	544	1
3	256	547	1
3	256	572	1
3	256	615	1
3	256	621	1
3	256	632	1
3	256	682	1
3	256	686	1
3	257	529	1
3	257	533	1
3	257	562	1
3	257	627	1
3	257	644	1
3	258	553	1
3	258	560	1
3	258	572	1
3	258	599	1
3	258	627	1
3	258	639	1
3	258	641	1
3	258	666	1
3	258	668	1
3	258	669	1
3	258	680	1
3	258	682	1
3	259	499	1
3	259	500	1
3	259	510	1
3	259	540	1
3	259	547	1
3	259	553	1
3	259	559	1
3	259	570	1
3	259	572	1
3	259	574	1
3	259	595	1
3	259	642	1
3	259	644	1
3	259	645	1
3	259	651	1
3	259	653	1
3	259	665	1
3	259	669	1
3	259	680	1
3	259	682	1
3	260	507	1
3	260	510	1
3	260	515	1
3	260	516	1
3	260	518	1
3	260	533	1
3	260	540	1
3	260	547	1
3	260	552	1
3	260	553	1
3	260	560	1
3	260	562	1
3	260	566	1
3	260	577	1
3	260	595	1
3	260	602	1
3	260	615	1
3	260	621	1
3	260	627	1
3	260	631	1
3	260	632	1
3	260	645	1
3	260	651	1
3	260	653	1
3	260	658	1
3	260	659	1
3	260	669	1
3	260	679	1
3	260	680	1
3	260	682	1
3	260	686	1
3	260	692	1
3	261	507	1
3	261	510	1
3	261	516	1
3	261	520	1
3	261	529	1
3	261	530	1
3	261	538	1
3	261	547	1
3	261	552	1
3	261	553	1
3	261	554	1
3	261	555	1
3	261	558	1
3	261	565	1
3	261	568	1
3	261	580	1
3	261	581	1
3	261	590	1
3	261	606	1
3	261	607	1
3	261	625	1
3	261	636	1
3	261	650	1
3	261	652	1
3	261	669	1
3	261	679	1
3	261	691	1
3	261	692	1
3	262	507	1
3	262	510	1
3	262	515	1
3	262	516	1
3	262	518	1
3	262	530	1
3	262	533	1
3	262	544	1
3	262	552	1
3	262	553	1
3	262	562	1
3	262	566	1
3	262	572	1
3	262	577	1
3	262	602	1
3	262	615	1
3	262	621	1
3	262	627	1
3	262	632	1
3	262	651	1
3	262	653	1
3	262	669	1
3	262	679	1
3	262	680	1
3	262	686	1
3	262	688	1
3	262	692	1
3	263	507	1
3	263	516	1
3	263	547	1
3	263	553	1
3	263	567	1
3	263	572	1
3	263	577	1
3	263	599	1
3	263	626	1
3	263	627	1
3	263	631	1
3	263	645	1
3	263	651	1
3	263	668	1
3	263	669	1
3	264	500	1
3	264	507	1
3	264	510	1
3	264	515	1
3	264	516	1
3	264	518	1
3	264	544	1
3	264	547	1
3	264	552	1
3	264	553	1
3	264	555	1
3	264	562	1
3	264	572	1
3	264	577	1
3	264	595	1
3	264	597	1
3	264	602	1
3	264	603	1
3	264	615	1
3	264	621	1
3	264	626	1
3	264	631	1
3	264	632	1
3	264	645	1
3	264	648	1
3	264	651	1
3	264	652	1
3	264	653	1
3	264	659	1
3	264	669	1
3	264	670	1
3	264	672	1
3	264	676	1
3	264	679	1
3	264	680	1
3	264	682	1
3	264	692	1
3	265	507	1
3	265	515	1
3	265	516	1
3	265	530	1
3	265	533	1
3	265	544	1
3	265	547	1
3	265	553	1
3	265	562	1
3	265	567	1
3	265	572	1
3	265	577	1
3	265	602	1
3	265	615	1
3	265	626	1
3	265	631	1
3	265	645	1
3	265	651	1
3	265	669	1
3	265	682	1
3	265	686	1
3	266	507	1
3	266	510	1
3	266	515	1
3	266	516	1
3	266	518	1
3	266	530	1
3	266	533	1
3	266	544	1
3	266	547	1
3	266	553	1
3	266	555	1
3	266	562	1
3	266	566	1
3	266	572	1
3	266	577	1
3	266	595	1
3	266	602	1
3	266	615	1
3	266	621	1
3	266	622	1
3	266	626	1
3	266	627	1
3	266	631	1
3	266	632	1
3	266	648	1
3	266	651	1
3	266	653	1
3	266	658	1
3	266	659	1
3	266	670	1
3	266	686	1
3	266	692	1
3	267	507	1
3	267	520	1
3	267	523	1
3	267	529	1
3	267	547	1
3	267	552	1
3	267	553	1
3	267	569	1
3	267	580	1
3	267	581	1
3	267	627	1
3	267	632	1
3	267	658	1
3	267	659	1
3	267	669	1
3	267	679	1
3	267	680	1
3	267	691	1
3	267	692	1
3	268	499	1
3	268	507	1
3	268	515	1
3	268	518	1
3	268	520	1
3	268	528	1
3	268	529	1
3	268	530	1
3	268	533	1
3	268	537	1
3	268	544	1
3	268	547	1
3	268	555	1
3	268	558	1
3	268	560	1
3	268	562	1
3	268	565	1
3	268	569	1
3	268	572	1
3	268	591	1
3	268	597	1
3	268	602	1
3	268	606	1
3	268	615	1
3	268	621	1
3	268	625	1
3	268	631	1
3	268	632	1
3	268	634	1
3	268	636	1
3	268	638	1
3	268	645	1
3	268	648	1
3	268	651	1
3	268	658	1
3	268	659	1
3	268	669	1
3	268	670	1
3	268	674	1
3	268	676	1
3	268	679	1
3	268	680	1
3	268	682	1
3	268	686	1
3	268	692	1
3	269	507	1
3	269	530	1
3	269	533	1
3	269	547	1
3	269	560	1
3	269	567	1
3	269	572	1
3	269	577	1
3	269	599	1
3	269	626	1
3	269	627	1
3	269	645	1
3	269	651	1
3	269	669	1
3	269	682	1
3	270	602	1
3	270	632	1
3	271	507	1
3	271	510	1
3	271	515	1
3	271	516	1
3	271	518	1
3	271	530	1
3	271	533	1
3	271	544	1
3	271	547	1
3	271	553	1
3	271	555	1
3	271	562	1
3	271	566	1
3	271	572	1
3	271	577	1
3	271	595	1
3	271	602	1
3	271	621	1
3	271	627	1
3	271	645	1
3	271	651	1
3	271	653	1
3	271	658	1
3	271	659	1
3	271	669	1
3	271	670	1
3	271	688	1
3	271	692	1
3	272	507	1
3	272	510	1
3	272	515	1
3	272	516	1
3	272	533	1
3	272	544	1
3	272	547	1
3	272	552	1
3	272	555	1
3	272	562	1
3	272	566	1
3	272	567	1
3	272	572	1
3	272	577	1
3	272	595	1
3	272	597	1
3	272	602	1
3	272	615	1
3	272	621	1
3	272	622	1
3	272	626	1
3	272	627	1
3	272	631	1
3	272	632	1
3	272	645	1
3	272	648	1
3	272	651	1
3	272	653	1
3	272	658	1
3	272	659	1
3	272	669	1
3	272	672	1
3	272	676	1
3	272	679	1
3	272	680	1
3	272	682	1
3	272	686	1
3	272	688	1
3	272	692	1
3	273	507	1
3	273	510	1
3	273	515	1
3	273	516	1
3	273	518	1
3	273	520	1
3	273	530	1
3	273	533	1
3	273	540	1
3	273	544	1
3	273	547	1
3	273	548	1
3	273	553	1
3	273	555	1
3	273	560	1
3	273	562	1
3	273	566	1
3	273	572	1
3	273	577	1
3	273	595	1
3	273	603	1
3	273	615	1
3	273	621	1
3	273	627	1
3	273	631	1
3	273	645	1
3	273	648	1
3	273	651	1
3	273	653	1
3	273	658	1
3	273	669	1
3	273	676	1
3	273	679	1
3	273	680	1
3	273	682	1
3	273	686	1
3	273	688	1
3	274	496	1
3	274	500	1
3	274	507	1
3	274	510	1
3	274	511	1
3	274	514	1
3	274	515	1
3	274	522	1
3	274	523	1
3	274	526	1
3	274	528	1
3	274	529	1
3	274	533	1
3	274	538	1
3	274	540	1
3	274	544	1
3	274	547	1
3	274	548	1
3	274	552	1
3	274	558	1
3	274	559	1
3	274	560	1
3	274	562	1
3	274	565	1
3	274	568	1
3	274	569	1
3	274	572	1
3	274	577	1
3	274	580	1
3	274	581	1
3	274	590	1
3	274	592	1
3	274	594	1
3	274	595	1
3	274	605	1
3	274	606	1
3	274	622	1
3	274	624	1
3	274	625	1
3	274	627	1
3	274	631	1
3	274	632	1
3	274	636	1
3	274	637	1
3	274	639	1
3	274	641	1
3	274	644	1
3	274	645	1
3	274	651	1
3	274	652	1
3	274	653	1
3	274	659	1
3	274	669	1
3	274	670	1
3	274	676	1
3	274	679	1
3	274	680	1
3	274	688	1
3	274	689	1
3	274	690	1
3	274	692	1
3	275	507	1
3	275	510	1
3	275	515	1
3	275	516	1
3	275	518	1
3	275	530	1
3	275	533	1
3	275	544	1
3	275	552	1
3	275	555	1
3	275	562	1
3	275	566	1
3	275	577	1
3	275	595	1
3	275	597	1
3	275	602	1
3	275	621	1
3	275	622	1
3	275	626	1
3	275	631	1
3	275	632	1
3	275	645	1
3	275	648	1
3	275	651	1
3	275	653	1
3	275	658	1
3	275	659	1
3	275	669	1
3	275	670	1
3	275	677	1
3	275	679	1
3	275	680	1
3	275	682	1
3	275	686	1
3	275	688	1
3	275	692	1
3	276	500	1
3	276	507	1
3	276	510	1
3	276	515	1
3	276	516	1
3	276	518	1
3	276	530	1
3	276	533	1
3	276	540	1
3	276	544	1
3	276	547	1
3	276	555	1
3	276	559	1
3	276	560	1
3	276	562	1
3	276	566	1
3	276	570	1
3	276	572	1
3	276	602	1
3	276	603	1
3	276	615	1
3	276	621	1
3	276	622	1
3	276	627	1
3	276	631	1
3	276	632	1
3	276	645	1
3	276	651	1
3	276	652	1
3	276	653	1
3	276	658	1
3	276	659	1
3	276	670	1
3	276	672	1
3	276	677	1
3	276	679	1
3	276	680	1
3	276	682	1
3	276	692	1
3	277	496	1
3	277	500	1
3	277	507	1
3	277	511	1
3	277	513	1
3	277	514	1
3	277	515	1
3	277	520	1
3	277	522	1
3	277	526	1
3	277	528	1
3	277	529	1
3	277	533	1
3	277	538	1
3	277	540	1
3	277	544	1
3	277	547	1
3	277	552	1
3	277	553	1
3	277	554	1
3	277	555	1
3	277	558	1
3	277	559	1
3	277	560	1
3	277	562	1
3	277	565	1
3	277	566	1
3	277	568	1
3	277	569	1
3	277	572	1
3	277	577	1
3	277	581	1
3	277	590	1
3	277	591	1
3	277	592	1
3	277	595	1
3	277	603	1
3	277	605	1
3	277	606	1
3	277	607	1
3	277	621	1
3	277	624	1
3	277	625	1
3	277	627	1
3	277	631	1
3	277	636	1
3	277	637	1
3	277	639	1
3	277	641	1
3	277	644	1
3	277	645	1
3	277	651	1
3	277	652	1
3	277	653	1
3	277	658	1
3	277	659	1
3	277	669	1
3	277	670	1
3	277	675	1
3	277	680	1
3	277	682	1
3	277	689	1
3	277	690	1
3	277	691	1
3	277	692	1
3	278	500	1
3	278	507	1
3	278	510	1
3	278	516	1
3	278	518	1
3	278	520	1
3	278	529	1
3	278	530	1
3	278	533	1
3	278	537	1
3	278	540	1
3	278	545	1
3	278	548	1
3	278	553	1
3	278	554	1
3	278	558	1
3	278	559	1
3	278	565	1
3	278	571	1
3	278	576	1
3	278	577	1
3	278	590	1
3	278	591	1
3	278	594	1
3	278	595	1
3	278	597	1
3	278	602	1
3	278	603	1
3	278	607	1
3	278	615	1
3	278	621	1
3	278	622	1
3	278	625	1
3	278	626	1
3	278	631	1
3	278	634	1
3	278	636	1
3	278	638	1
3	278	645	1
3	278	648	1
3	278	651	1
3	278	652	1
3	278	653	1
3	278	655	1
3	278	658	1
3	278	659	1
3	278	669	1
3	278	670	1
3	278	672	1
3	278	674	1
3	278	682	1
3	278	686	1
3	278	688	1
3	278	691	1
3	279	507	1
3	279	510	1
3	279	515	1
3	279	518	1
3	279	530	1
3	279	533	1
3	279	544	1
3	279	552	1
3	279	553	1
3	279	555	1
3	279	562	1
3	279	566	1
3	279	567	1
3	279	572	1
3	279	577	1
3	279	595	1
3	279	615	1
3	279	621	1
3	279	626	1
3	279	627	1
3	279	631	1
3	279	632	1
3	279	645	1
3	279	648	1
3	279	653	1
3	279	658	1
3	279	669	1
3	279	670	1
3	279	676	1
3	279	677	1
3	279	686	1
3	279	692	1
3	280	507	1
3	280	544	1
3	280	547	1
3	280	553	1
3	280	555	1
3	280	602	1
3	280	627	1
3	280	632	1
3	280	651	1
3	280	653	1
3	280	669	1
3	280	679	1
3	280	680	1
3	281	507	1
3	281	516	1
3	281	544	1
3	281	547	1
3	281	552	1
3	281	553	1
3	281	632	1
3	281	651	1
3	281	653	1
3	281	679	1
3	281	680	1
3	282	507	1
3	282	510	1
3	282	511	1
3	282	515	1
3	282	516	1
3	282	519	1
3	282	520	1
3	282	526	1
3	282	529	1
3	282	530	1
3	282	533	1
3	282	537	1
3	282	540	1
3	282	542	1
3	282	552	1
3	282	553	1
3	282	554	1
3	282	555	1
3	282	559	1
3	282	560	1
3	282	562	1
3	282	565	1
3	282	566	1
3	282	568	1
3	282	569	1
3	282	571	1
3	282	590	1
3	282	591	1
3	282	594	1
3	282	603	1
3	282	607	1
3	282	625	1
3	282	627	1
3	282	636	1
3	282	637	1
3	282	644	1
3	282	645	1
3	282	651	1
3	282	653	1
3	282	658	1
3	282	659	1
3	282	669	1
3	282	679	1
3	282	680	1
3	282	682	1
3	282	692	1
3	283	553	1
3	283	560	1
3	283	572	1
3	283	639	1
3	283	667	1
3	283	668	1
3	283	669	1
3	283	680	1
3	283	682	1
3	284	500	1
3	284	507	1
3	284	510	1
3	284	515	1
3	284	516	1
3	284	518	1
3	284	533	1
3	284	544	1
3	284	547	1
3	284	553	1
3	284	566	1
3	284	595	1
3	284	602	1
3	284	603	1
3	284	615	1
3	284	621	1
3	284	622	1
3	284	626	1
3	284	627	1
3	284	631	1
3	284	632	1
3	284	645	1
3	284	648	1
3	284	652	1
3	284	653	1
3	284	658	1
3	284	659	1
3	284	669	1
3	284	670	1
3	284	672	1
3	284	676	1
3	284	679	1
3	284	680	1
3	284	682	1
3	284	686	1
3	284	688	1
3	284	692	1
3	285	507	1
3	285	510	1
3	285	516	1
3	285	520	1
3	285	529	1
3	285	530	1
3	285	547	1
3	285	553	1
3	285	555	1
3	285	558	1
3	285	560	1
3	285	565	1
3	285	572	1
3	285	580	1
3	285	581	1
3	285	591	1
3	285	636	1
3	285	650	1
3	285	692	1
3	286	507	1
3	286	513	1
3	286	514	1
3	286	516	1
3	286	533	1
3	286	547	1
3	286	548	1
3	286	552	1
3	286	572	1
3	286	576	1
3	286	602	1
3	286	615	1
3	286	627	1
3	286	632	1
3	286	639	1
3	286	641	1
3	286	648	1
3	286	651	1
3	286	653	1
3	286	669	1
3	286	673	1
3	286	679	1
3	286	680	1
3	286	686	1
3	287	507	1
3	287	515	1
3	287	516	1
3	287	518	1
3	287	520	1
3	287	530	1
3	287	533	1
3	287	544	1
3	287	545	1
3	287	547	1
3	287	552	1
3	287	553	1
3	287	555	1
3	287	560	1
3	287	562	1
3	287	572	1
3	287	595	1
3	287	602	1
3	287	603	1
3	287	615	1
3	287	621	1
3	287	627	1
3	287	631	1
3	287	632	1
3	287	648	1
3	287	651	1
3	287	653	1
3	287	658	1
3	287	659	1
3	287	669	1
3	287	676	1
3	287	679	1
3	287	682	1
3	287	686	1
3	287	688	1
3	287	692	1
3	290	496	1
3	290	500	1
3	290	507	1
3	290	510	1
3	290	511	1
3	290	513	1
3	290	514	1
3	290	516	1
3	290	519	1
3	290	520	1
3	290	523	1
3	290	529	1
3	290	530	1
3	290	533	1
3	290	537	1
3	290	538	1
3	290	540	1
3	290	544	1
3	290	547	1
3	290	548	1
3	290	552	1
3	290	553	1
3	290	554	1
3	290	555	1
3	290	558	1
3	290	559	1
3	290	560	1
3	290	565	1
3	290	566	1
3	290	568	1
3	290	569	1
3	290	572	1
3	290	580	1
3	290	581	1
3	290	590	1
3	290	592	1
3	290	594	1
3	290	605	1
3	290	606	1
3	290	607	1
3	290	621	1
3	290	622	1
3	290	624	1
3	290	625	1
3	290	627	1
3	290	632	1
3	290	636	1
3	290	637	1
3	290	639	1
3	290	641	1
3	290	644	1
3	290	645	1
3	290	651	1
3	290	652	1
3	290	653	1
3	290	658	1
3	290	659	1
3	290	670	1
3	290	676	1
3	290	682	1
3	290	688	1
3	290	689	1
3	290	690	1
3	290	691	1
3	291	500	1
3	291	507	1
3	291	511	1
3	291	513	1
3	291	515	1
3	291	516	1
3	291	518	1
3	291	520	1
3	291	522	1
3	291	526	1
3	291	528	1
3	291	530	1
3	291	538	1
3	291	540	1
3	291	541	1
3	291	547	1
3	291	548	1
3	291	552	1
3	291	554	1
3	291	555	1
3	291	558	1
3	291	559	1
3	291	560	1
3	291	562	1
3	291	565	1
3	291	568	1
3	291	570	1
3	291	571	1
3	291	580	1
3	291	581	1
3	291	590	1
3	291	592	1
3	291	594	1
3	291	596	1
3	291	598	1
3	291	603	1
3	291	605	1
3	291	607	1
3	291	624	1
3	291	625	1
3	291	627	1
3	291	636	1
3	291	637	1
3	291	644	1
3	291	645	1
3	291	648	1
3	291	650	1
3	291	652	1
3	291	653	1
3	291	658	1
3	291	659	1
3	291	669	1
3	291	670	1
3	291	676	1
3	291	679	1
3	291	688	1
3	291	689	1
3	291	690	1
3	291	691	1
3	291	692	1
3	292	500	1
3	292	507	1
3	292	516	1
3	292	529	1
3	292	530	1
3	292	533	1
3	292	540	1
3	292	547	1
3	292	552	1
3	292	553	1
3	292	554	1
3	292	555	1
3	292	558	1
3	292	560	1
3	292	565	1
3	292	572	1
3	292	622	1
3	292	632	1
3	292	636	1
3	292	645	1
3	292	648	1
3	292	651	1
3	292	652	1
3	292	653	1
3	292	658	1
3	292	659	1
3	292	669	1
3	292	670	1
3	292	672	1
3	292	676	1
3	292	677	1
3	292	679	1
3	292	680	1
3	292	682	1
3	292	692	1
3	293	507	1
3	293	516	1
3	293	518	1
3	293	530	1
3	293	533	1
3	293	544	1
3	293	553	1
3	293	555	1
3	293	560	1
3	293	562	1
3	293	572	1
3	293	602	1
3	293	615	1
3	293	621	1
3	293	627	1
3	293	632	1
3	293	645	1
3	293	651	1
3	293	653	1
3	293	675	1
3	293	676	1
3	293	680	1
3	293	682	1
3	293	686	1
3	293	692	1
3	294	510	1
3	294	515	1
3	294	530	1
3	294	533	1
3	294	540	1
3	294	544	1
3	294	547	1
3	294	552	1
3	294	553	1
3	294	555	1
3	294	560	1
3	294	572	1
3	294	577	1
3	294	595	1
3	294	602	1
3	294	615	1
3	294	621	1
3	294	631	1
3	294	632	1
3	294	645	1
3	294	651	1
3	294	653	1
3	294	658	1
3	294	659	1
3	294	669	1
3	294	670	1
3	294	679	1
3	294	680	1
3	294	682	1
3	294	686	1
3	294	688	1
3	294	692	1
3	295	507	1
3	295	510	1
3	295	515	1
3	295	516	1
3	295	520	1
3	295	530	1
3	295	533	1
3	295	540	1
3	295	544	1
3	295	545	1
3	295	547	1
3	295	548	1
3	295	552	1
3	295	555	1
3	295	558	1
3	295	560	1
3	295	562	1
3	295	566	1
3	295	567	1
3	295	572	1
3	295	595	1
3	295	602	1
3	295	603	1
3	295	606	1
3	295	615	1
3	295	626	1
3	295	627	1
3	295	632	1
3	295	645	1
3	295	648	1
3	295	651	1
3	295	653	1
3	295	658	1
3	295	659	1
3	295	669	1
3	295	670	1
3	295	676	1
3	295	679	1
3	295	680	1
3	295	682	1
3	295	686	1
3	295	688	1
3	296	507	1
3	296	515	1
3	296	516	1
3	296	518	1
3	296	520	1
3	296	529	1
3	296	530	1
3	296	544	1
3	296	545	1
3	296	547	1
3	296	548	1
3	296	553	1
3	296	555	1
3	296	558	1
3	296	562	1
3	296	566	1
3	296	572	1
3	296	576	1
3	296	580	1
3	296	581	1
3	296	583	1
3	296	585	1
3	296	595	1
3	296	603	1
3	296	615	1
3	296	621	1
3	296	627	1
3	296	631	1
3	296	632	1
3	296	645	1
3	296	648	1
3	296	653	1
3	296	658	1
3	296	659	1
3	296	669	1
3	296	670	1
3	296	679	1
3	296	682	1
3	296	686	1
3	296	688	1
3	297	499	1
3	297	500	1
3	297	507	1
3	297	510	1
3	297	516	1
3	297	519	1
3	297	520	1
3	297	526	1
3	297	528	1
3	297	529	1
3	297	530	1
3	297	538	1
3	297	540	1
3	297	541	1
3	297	542	1
3	297	547	1
3	297	548	1
3	297	552	1
3	297	553	1
3	297	554	1
3	297	558	1
3	297	560	1
3	297	562	1
3	297	566	1
3	297	569	1
3	297	572	1
3	297	577	1
3	297	580	1
3	297	587	1
3	297	589	1
3	297	591	1
3	297	592	1
3	297	596	1
3	297	598	1
3	297	606	1
3	297	607	1
3	297	624	1
3	297	625	1
3	297	626	1
3	297	632	1
3	297	636	1
3	297	637	1
3	297	643	1
3	297	644	1
3	297	645	1
3	297	648	1
3	297	650	1
3	297	651	1
3	297	652	1
3	297	653	1
3	297	658	1
3	297	659	1
3	297	665	1
3	297	669	1
3	297	676	1
3	297	679	1
3	297	680	1
3	297	682	1
3	297	688	1
3	297	689	1
3	297	692	1
3	298	507	1
3	298	515	1
3	298	516	1
3	298	518	1
3	298	530	1
3	298	533	1
3	298	547	1
3	298	552	1
3	298	553	1
3	298	555	1
3	298	562	1
3	298	572	1
3	298	577	1
3	298	602	1
3	298	615	1
3	298	621	1
3	298	627	1
3	298	648	1
3	298	669	1
3	298	679	1
3	298	680	1
3	298	682	1
3	298	686	1
3	298	688	1
3	298	692	1
3	299	499	1
3	299	507	1
3	299	510	1
3	299	515	1
3	299	516	1
3	299	528	1
3	299	540	1
3	299	547	1
3	299	548	1
3	299	552	1
3	299	553	1
3	299	555	1
3	299	559	1
3	299	560	1
3	299	562	1
3	299	566	1
3	299	567	1
3	299	570	1
3	299	571	1
3	299	572	1
3	299	577	1
3	299	590	1
3	299	591	1
3	299	602	1
3	299	615	1
3	299	621	1
3	299	622	1
3	299	625	1
3	299	626	1
3	299	627	1
3	299	631	1
3	299	634	1
3	299	638	1
3	299	645	1
3	299	651	1
3	299	652	1
3	299	653	1
3	299	658	1
3	299	659	1
3	299	669	1
3	299	670	1
3	299	672	1
3	299	677	1
3	299	680	1
3	299	682	1
3	299	686	1
3	299	688	1
3	300	510	1
3	300	514	1
3	300	519	1
3	300	520	1
3	300	522	1
3	300	526	1
3	300	537	1
3	300	552	1
3	300	553	1
3	300	555	1
3	300	558	1
3	300	572	1
3	300	592	1
3	300	607	1
3	300	627	1
3	300	658	1
3	300	659	1
3	300	667	1
3	300	676	1
3	300	689	1
3	300	690	1
3	300	692	1
3	301	500	1
3	301	502	1
3	301	507	1
3	301	510	1
3	301	511	1
3	301	515	1
3	301	516	1
3	301	519	1
3	301	520	1
3	301	526	1
3	301	528	1
3	301	530	1
3	301	533	1
3	301	540	1
3	301	541	1
3	301	542	1
3	301	547	1
3	301	552	1
3	301	554	1
3	301	555	1
3	301	558	1
3	301	559	1
3	301	562	1
3	301	565	1
3	301	566	1
3	301	569	1
3	301	572	1
3	301	574	1
3	301	577	1
3	301	580	1
3	301	581	1
3	301	587	1
3	301	589	1
3	301	590	1
3	301	591	1
3	301	592	1
3	301	595	1
3	301	596	1
3	301	598	1
3	301	603	1
3	301	606	1
3	301	607	1
3	301	624	1
3	301	625	1
3	301	626	1
3	301	627	1
3	301	631	1
3	301	632	1
3	301	636	1
3	301	637	1
3	301	642	1
3	301	643	1
3	301	644	1
3	301	648	1
3	301	650	1
3	301	651	1
3	301	652	1
3	301	653	1
3	301	658	1
3	301	659	1
3	301	665	1
3	301	669	1
3	301	676	1
3	301	679	1
3	301	680	1
3	301	682	1
3	301	688	1
3	301	689	1
3	303	507	1
3	303	510	1
3	303	515	1
3	303	516	1
3	303	518	1
3	303	520	1
3	303	528	1
3	303	529	1
3	303	530	1
3	303	540	1
3	303	544	1
3	303	545	1
3	303	547	1
3	303	548	1
3	303	552	1
3	303	553	1
3	303	554	1
3	303	555	1
3	303	558	1
3	303	565	1
3	303	566	1
3	303	568	1
3	303	569	1
3	303	571	1
3	303	572	1
3	303	576	1
3	303	577	1
3	303	590	1
3	303	591	1
3	303	594	1
3	303	595	1
3	303	602	1
3	303	603	1
3	303	606	1
3	303	615	1
3	303	621	1
3	303	625	1
3	303	627	1
3	303	631	1
3	303	636	1
3	303	645	1
3	303	648	1
3	303	652	1
3	303	653	1
3	303	659	1
3	303	680	1
3	303	682	1
3	303	686	1
3	303	688	1
3	303	692	1
3	304	515	1
3	304	530	1
3	304	651	1
3	304	653	1
3	304	669	1
3	304	682	1
3	305	553	1
3	305	560	1
3	305	572	1
3	305	627	1
3	305	639	1
3	305	641	1
3	305	667	1
3	305	668	1
3	305	669	1
3	305	680	1
3	305	682	1
3	306	507	1
3	306	510	1
3	306	515	1
3	306	516	1
3	306	530	1
3	306	533	1
3	306	547	1
3	306	552	1
3	306	553	1
3	306	555	1
3	306	562	1
3	306	566	1
3	306	572	1
3	306	602	1
3	306	615	1
3	306	621	1
3	306	627	1
3	306	632	1
3	306	645	1
3	306	651	1
3	306	686	1
3	306	688	1
3	307	507	1
3	307	515	1
3	307	516	1
3	307	518	1
3	307	530	1
3	307	533	1
3	307	544	1
3	307	547	1
3	307	553	1
3	307	566	1
3	307	572	1
3	307	577	1
3	307	615	1
3	307	621	1
3	307	627	1
3	307	632	1
3	307	645	1
3	307	651	1
3	307	653	1
3	307	658	1
3	307	659	1
3	307	669	1
3	307	670	1
3	307	680	1
3	307	682	1
3	307	686	1
3	307	688	1
3	308	496	1
3	308	500	1
3	308	510	1
3	308	511	1
3	308	513	1
3	308	514	1
3	308	515	1
3	308	516	1
3	308	518	1
3	308	519	1
3	308	520	1
3	308	522	1
3	308	523	1
3	308	526	1
3	308	528	1
3	308	530	1
3	308	533	1
3	308	537	1
3	308	538	1
3	308	540	1
3	308	541	1
3	308	542	1
3	308	544	1
3	308	547	1
3	308	548	1
3	308	552	1
3	308	553	1
3	308	555	1
3	308	558	1
3	308	559	1
3	308	560	1
3	308	562	1
3	308	565	1
3	308	566	1
3	308	568	1
3	308	569	1
3	308	571	1
3	308	572	1
3	308	577	1
3	308	580	1
3	308	590	1
3	308	591	1
3	308	592	1
3	308	594	1
3	308	595	1
3	308	596	1
3	308	597	1
3	308	598	1
3	308	602	1
3	308	603	1
3	308	606	1
3	308	607	1
3	308	621	1
3	308	622	1
3	308	624	1
3	308	625	1
3	308	627	1
3	308	631	1
3	308	632	1
3	308	634	1
3	308	636	1
3	308	637	1
3	308	638	1
3	308	644	1
3	308	645	1
3	308	648	1
3	308	649	1
3	308	650	1
3	308	651	1
3	308	652	1
3	308	653	1
3	308	656	1
3	308	658	1
3	308	659	1
3	308	664	1
3	308	670	1
3	308	674	1
3	308	675	1
3	308	676	1
3	308	680	1
3	308	686	1
3	308	688	1
3	308	690	1
3	308	691	1
3	309	507	1
3	309	510	1
3	309	519	1
3	309	526	1
3	309	537	1
3	309	540	1
3	309	552	1
3	309	558	1
3	309	572	1
3	309	577	1
3	309	592	1
3	309	595	1
3	309	607	1
3	309	627	1
3	309	659	1
3	309	666	1
3	309	667	1
3	309	676	1
3	309	679	1
3	309	689	1
3	309	690	1
3	309	692	1
3	310	515	1
3	310	516	1
3	310	518	1
3	310	530	1
3	310	533	1
3	310	544	1
3	310	572	1
3	310	615	1
3	310	632	1
3	310	688	1
3	311	515	1
3	311	516	1
3	311	530	1
3	311	533	1
3	311	544	1
3	311	562	1
3	311	566	1
3	311	572	1
3	311	602	1
3	311	615	1
3	311	621	1
3	311	686	1
3	313	507	1
3	313	516	1
3	313	544	1
3	313	545	1
3	313	547	1
3	313	548	1
3	313	552	1
3	313	553	1
3	313	555	1
3	313	572	1
3	313	576	1
3	313	603	1
3	313	615	1
3	313	627	1
3	313	648	1
3	313	651	1
3	313	669	1
3	313	679	1
3	313	686	1
3	314	507	1
3	314	510	1
3	314	515	1
3	314	516	1
3	314	518	1
3	314	520	1
3	314	529	1
3	314	530	1
3	314	545	1
3	314	547	1
3	314	548	1
3	314	552	1
3	314	553	1
3	314	555	1
3	314	558	1
3	314	560	1
3	314	562	1
3	314	572	1
3	314	576	1
3	314	577	1
3	314	581	1
3	314	583	1
3	314	585	1
3	314	595	1
3	314	602	1
3	314	603	1
3	314	615	1
3	314	631	1
3	314	632	1
3	314	645	1
3	314	648	1
3	314	651	1
3	314	653	1
3	314	669	1
3	314	676	1
3	314	680	1
3	314	682	1
3	314	686	1
3	314	688	1
3	314	692	1
3	315	500	1
3	315	510	1
3	315	515	1
3	315	516	1
3	315	530	1
3	315	547	1
3	315	555	1
3	315	565	1
3	315	568	1
3	315	572	1
3	315	577	1
3	315	651	1
3	315	652	1
3	315	653	1
3	315	669	1
3	315	677	1
3	315	692	1
3	316	500	1
3	316	507	1
3	316	510	1
3	316	516	1
3	316	529	1
3	316	530	1
3	316	547	1
3	316	553	1
3	316	554	1
3	316	555	1
3	316	565	1
3	316	569	1
3	316	572	1
3	316	577	1
3	316	636	1
3	316	651	1
3	316	652	1
3	316	653	1
3	316	669	1
3	316	672	1
3	316	677	1
3	316	682	1
3	316	692	1
3	317	507	1
3	317	510	1
3	317	547	1
3	317	552	1
3	317	553	1
3	317	555	1
3	317	560	1
3	317	577	1
3	317	591	1
3	317	597	1
3	317	625	1
3	317	634	1
3	317	638	1
3	317	651	1
3	317	669	1
3	317	679	1
3	317	692	1
3	318	499	1
3	318	507	1
3	318	510	1
3	318	515	1
3	318	518	1
3	318	529	1
3	318	530	1
3	318	533	1
3	318	540	1
3	318	544	1
3	318	552	1
3	318	553	1
3	318	555	1
3	318	558	1
3	318	560	1
3	318	562	1
3	318	566	1
3	318	567	1
3	318	571	1
3	318	572	1
3	318	590	1
3	318	591	1
3	318	597	1
3	318	602	1
3	318	606	1
3	318	615	1
3	318	621	1
3	318	625	1
3	318	627	1
3	318	631	1
3	318	632	1
3	318	636	1
3	318	638	1
3	318	648	1
3	318	651	1
3	318	653	1
3	318	658	1
3	318	659	1
3	318	670	1
3	318	674	1
3	318	676	1
3	318	680	1
3	318	686	1
3	318	688	1
3	318	692	1
3	320	507	1
3	320	510	1
3	320	519	1
3	320	520	1
3	320	526	1
3	320	530	1
3	320	533	1
3	320	537	1
3	320	538	1
3	320	540	1
3	320	547	1
3	320	552	1
3	320	560	1
3	320	566	1
3	320	572	1
3	320	595	1
3	320	606	1
3	320	627	1
3	320	631	1
3	320	637	1
3	320	644	1
3	320	669	1
3	320	680	1
3	320	682	1
3	320	688	1
3	321	500	1
3	321	507	1
3	321	510	1
3	321	511	1
3	321	514	1
3	321	515	1
3	321	518	1
3	321	519	1
3	321	526	1
3	321	528	1
3	321	533	1
3	321	537	1
3	321	538	1
3	321	540	1
3	321	541	1
3	321	542	1
3	321	544	1
3	321	548	1
3	321	554	1
3	321	558	1
3	321	559	1
3	321	565	1
3	321	566	1
3	321	568	1
3	321	569	1
3	321	571	1
3	321	572	1
3	321	577	1
3	321	580	1
3	321	590	1
3	321	591	1
3	321	592	1
3	321	595	1
3	321	603	1
3	321	606	1
3	321	607	1
3	321	625	1
3	321	626	1
3	321	627	1
3	321	631	1
3	321	632	1
3	321	636	1
3	321	637	1
3	321	644	1
3	321	645	1
3	321	648	1
3	321	650	1
3	321	652	1
3	321	653	1
3	321	655	1
3	321	656	1
3	321	658	1
3	321	659	1
3	321	664	1
3	321	669	1
3	321	670	1
3	321	674	1
3	321	679	1
3	321	680	1
3	321	682	1
3	321	686	1
3	321	688	1
3	321	689	1
3	321	691	1
3	321	692	1
3	322	499	1
3	322	501	1
3	322	544	1
3	322	553	1
3	322	572	1
3	322	597	1
3	322	653	1
3	322	678	1
3	323	500	1
3	323	507	1
3	323	510	1
3	323	515	1
3	323	516	1
3	323	518	1
3	323	519	1
3	323	520	1
3	323	526	1
3	323	529	1
3	323	530	1
3	323	533	1
3	323	537	1
3	323	538	1
3	323	540	1
3	323	544	1
3	323	547	1
3	323	552	1
3	323	553	1
3	323	555	1
3	323	558	1
3	323	559	1
3	323	562	1
3	323	565	1
3	323	566	1
3	323	577	1
3	323	590	1
3	323	591	1
3	323	595	1
3	323	597	1
3	323	602	1
3	323	603	1
3	323	606	1
3	323	607	1
3	323	621	1
3	323	622	1
3	323	625	1
3	323	631	1
3	323	632	1
3	323	636	1
3	323	644	1
3	323	652	1
3	323	653	1
3	323	658	1
3	323	659	1
3	323	670	1
3	323	672	1
3	323	676	1
3	323	679	1
3	323	680	1
3	323	682	1
3	323	688	1
3	323	692	1
3	324	507	1
3	324	510	1
3	324	513	1
3	324	514	1
3	324	520	1
3	324	523	1
3	324	529	1
3	324	538	1
3	324	544	1
3	324	547	1
3	324	552	1
3	324	553	1
3	324	555	1
3	324	558	1
3	324	569	1
3	324	572	1
3	324	576	1
3	324	595	1
3	324	627	1
3	324	631	1
3	324	632	1
3	324	639	1
3	324	651	1
3	324	653	1
3	324	658	1
3	324	659	1
3	324	676	1
3	324	679	1
3	324	680	1
3	324	688	1
3	324	691	1
3	324	692	1
3	325	507	1
3	325	510	1
3	325	552	1
3	325	553	1
3	325	555	1
3	325	560	1
3	325	572	1
3	325	577	1
3	325	591	1
3	325	625	1
3	325	634	1
3	325	638	1
3	325	651	1
3	325	679	1
3	325	680	1
3	325	692	1
3	326	507	1
3	326	516	1
3	326	544	1
3	326	547	1
3	326	552	1
3	326	553	1
3	326	555	1
3	326	627	1
3	326	632	1
3	326	651	1
3	326	679	1
3	326	680	1
3	327	515	1
3	327	516	1
3	327	533	1
3	327	544	1
3	327	547	1
3	327	562	1
3	327	572	1
3	327	615	1
3	327	621	1
3	327	632	1
3	327	651	1
3	327	682	1
3	327	686	1
3	328	507	1
3	328	510	1
3	328	520	1
3	328	529	1
3	328	530	1
3	328	538	1
3	328	547	1
3	328	548	1
3	328	552	1
3	328	553	1
3	328	554	1
3	328	555	1
3	328	558	1
3	328	560	1
3	328	565	1
3	328	568	1
3	328	580	1
3	328	581	1
3	328	590	1
3	328	606	1
3	328	625	1
3	328	669	1
3	328	680	1
3	328	691	1
3	329	510	1
3	329	515	1
3	329	516	1
3	329	518	1
3	329	530	1
3	329	533	1
3	329	544	1
3	329	547	1
3	329	553	1
3	329	555	1
3	329	562	1
3	329	566	1
3	329	567	1
3	329	572	1
3	329	577	1
3	329	595	1
3	329	597	1
3	329	602	1
3	329	621	1
3	329	622	1
3	329	626	1
3	329	631	1
3	329	632	1
3	329	645	1
3	329	648	1
3	329	651	1
3	329	653	1
3	329	658	1
3	329	659	1
3	329	670	1
3	329	672	1
3	329	680	1
3	329	682	1
3	329	686	1
3	329	688	1
3	329	692	1
3	330	496	1
3	330	500	1
3	330	507	1
3	330	508	1
3	330	512	1
3	330	515	1
3	330	516	1
3	330	519	1
3	330	520	1
3	330	523	1
3	330	529	1
3	330	530	1
3	330	533	1
3	330	538	1
3	330	541	1
3	330	545	1
3	330	548	1
3	330	552	1
3	330	553	1
3	330	554	1
3	330	555	1
3	330	559	1
3	330	565	1
3	330	566	1
3	330	568	1
3	330	569	1
3	330	571	1
3	330	577	1
3	330	580	1
3	330	581	1
3	330	585	1
3	330	590	1
3	330	593	1
3	330	594	1
3	330	595	1
3	330	598	1
3	330	605	1
3	330	606	1
3	330	607	1
3	330	624	1
3	330	625	1
3	330	626	1
3	330	627	1
3	330	631	1
3	330	632	1
3	330	637	1
3	330	649	1
3	330	650	1
3	330	651	1
3	330	653	1
3	330	656	1
3	330	659	1
3	330	669	1
3	330	672	1
3	330	675	1
3	330	676	1
3	330	677	1
3	330	679	1
3	330	680	1
3	330	682	1
3	330	688	1
3	330	691	1
3	330	692	1
3	331	500	1
3	331	510	1
3	331	513	1
3	331	514	1
3	331	518	1
3	331	519	1
3	331	520	1
3	331	522	1
3	331	526	1
3	331	528	1
3	331	529	1
3	331	530	1
3	331	533	1
3	331	537	1
3	331	538	1
3	331	540	1
3	331	541	1
3	331	544	1
3	331	547	1
3	331	548	1
3	331	552	1
3	331	553	1
3	331	554	1
3	331	555	1
3	331	559	1
3	331	562	1
3	331	565	1
3	331	568	1
3	331	569	1
3	331	570	1
3	331	571	1
3	331	580	1
3	331	587	1
3	331	589	1
3	331	590	1
3	331	592	1
3	331	595	1
3	331	602	1
3	331	603	1
3	331	606	1
3	331	622	1
3	331	624	1
3	331	626	1
3	331	627	1
3	331	631	1
3	331	632	1
3	331	636	1
3	331	644	1
3	331	645	1
3	331	650	1
3	331	655	1
3	331	656	1
3	331	658	1
3	331	659	1
3	331	664	1
3	331	669	1
3	331	670	1
3	331	672	1
3	331	674	1
3	331	676	1
3	331	677	1
3	331	679	1
3	331	680	1
3	331	682	1
3	331	686	1
3	331	689	1
3	331	690	1
3	331	691	1
3	331	692	1
3	332	560	1
3	332	572	1
3	332	599	1
3	332	627	1
3	332	639	1
3	332	641	1
3	332	668	1
3	332	669	1
3	332	680	1
3	332	682	1
3	333	500	1
3	333	507	1
3	333	520	1
3	333	522	1
3	333	528	1
3	333	529	1
3	333	530	1
3	333	533	1
3	333	540	1
3	333	547	1
3	333	552	1
3	333	553	1
3	333	554	1
3	333	555	1
3	333	558	1
3	333	560	1
3	333	565	1
3	333	566	1
3	333	570	1
3	333	571	1
3	333	572	1
3	333	577	1
3	333	590	1
3	333	591	1
3	333	594	1
3	333	595	1
3	333	603	1
3	333	606	1
3	333	622	1
3	333	624	1
3	333	626	1
3	333	627	1
3	333	631	1
3	333	632	1
3	333	636	1
3	333	644	1
3	333	645	1
3	333	648	1
3	333	651	1
3	333	652	1
3	333	658	1
3	333	659	1
3	333	672	1
3	333	674	1
3	333	676	1
3	333	677	1
3	333	679	1
3	333	680	1
3	333	682	1
3	333	688	1
3	333	692	1
3	334	507	1
3	334	545	1
3	334	547	1
3	334	548	1
3	334	552	1
3	334	553	1
3	334	555	1
3	334	572	1
3	334	602	1
3	334	603	1
3	334	615	1
3	334	632	1
3	334	648	1
3	334	651	1
3	334	653	1
3	334	669	1
3	334	679	1
3	334	680	1
3	334	686	1
3	335	548	1
3	336	507	1
3	336	515	1
3	336	516	1
3	336	518	1
3	336	520	1
3	336	530	1
3	336	533	1
3	336	544	1
3	336	552	1
3	336	553	1
3	336	555	1
3	336	566	1
3	336	567	1
3	336	577	1
3	336	602	1
3	336	606	1
3	336	615	1
3	336	621	1
3	336	626	1
3	336	627	1
3	336	631	1
3	336	645	1
3	336	651	1
3	336	669	1
3	336	679	1
3	336	680	1
3	336	686	1
3	336	688	1
3	336	692	1
3	337	507	1
3	337	510	1
3	337	515	1
3	337	516	1
3	337	533	1
3	337	544	1
3	337	547	1
3	337	552	1
3	337	553	1
3	337	555	1
3	337	562	1
3	337	567	1
3	337	572	1
3	337	577	1
3	337	595	1
3	337	597	1
3	337	602	1
3	337	615	1
3	337	621	1
3	337	622	1
3	337	626	1
3	337	631	1
3	337	632	1
3	337	645	1
3	337	648	1
3	337	652	1
3	337	653	1
3	337	658	1
3	337	659	1
3	337	669	1
3	337	670	1
3	337	672	1
3	337	676	1
3	337	677	1
3	337	679	1
3	337	682	1
3	337	686	1
3	337	688	1
3	337	692	1
3	338	510	1
3	338	519	1
3	338	520	1
3	338	530	1
3	338	533	1
3	338	537	1
3	338	538	1
3	338	547	1
3	338	552	1
3	338	553	1
3	338	558	1
3	338	595	1
3	338	606	1
3	338	631	1
3	338	637	1
3	338	651	1
3	338	669	1
3	338	679	1
3	338	682	1
3	338	688	1
3	338	692	1
3	339	507	1
3	339	510	1
3	339	516	1
3	339	518	1
3	339	520	1
3	339	530	1
3	339	533	1
3	339	544	1
3	339	552	1
3	339	555	1
3	339	558	1
3	339	562	1
3	339	566	1
3	339	572	1
3	339	577	1
3	339	602	1
3	339	606	1
3	339	615	1
3	339	621	1
3	339	627	1
3	339	631	1
3	339	632	1
3	339	645	1
3	339	653	1
3	339	669	1
3	339	680	1
3	339	682	1
3	339	686	1
3	339	688	1
3	339	692	1
3	340	507	1
3	340	510	1
3	340	515	1
3	340	516	1
3	340	518	1
3	340	520	1
3	340	530	1
3	340	533	1
3	340	540	1
3	340	544	1
3	340	547	1
3	340	548	1
3	340	553	1
3	340	555	1
3	340	560	1
3	340	562	1
3	340	566	1
3	340	572	1
3	340	576	1
3	340	595	1
3	340	602	1
3	340	615	1
3	340	631	1
3	340	632	1
3	340	645	1
3	340	648	1
3	340	651	1
3	340	653	1
3	340	658	1
3	340	669	1
3	340	670	1
3	340	676	1
3	340	682	1
3	340	686	1
3	340	688	1
3	340	692	1
3	341	497	1
3	341	597	1
3	341	651	1
3	341	653	1
3	341	669	1
3	342	507	1
3	342	513	1
3	342	516	1
3	342	544	1
3	342	545	1
3	342	548	1
3	342	552	1
3	342	555	1
3	342	602	1
3	342	603	1
3	342	639	1
3	342	641	1
3	342	645	1
3	342	648	1
3	342	653	1
3	342	669	1
3	342	673	1
3	342	680	1
3	342	686	1
3	343	510	1
3	343	515	1
3	343	516	1
3	343	520	1
3	343	522	1
3	343	523	1
3	343	526	1
3	343	529	1
3	343	530	1
3	343	533	1
3	343	537	1
3	343	538	1
3	343	540	1
3	343	541	1
3	343	542	1
3	343	544	1
3	343	545	1
3	343	547	1
3	343	548	1
3	343	552	1
3	343	553	1
3	343	554	1
3	343	555	1
3	343	559	1
3	343	560	1
3	343	565	1
3	343	566	1
3	343	567	1
3	343	568	1
3	343	569	1
3	343	571	1
3	343	572	1
3	343	576	1
3	343	577	1
3	343	580	1
3	343	581	1
3	343	585	1
3	343	590	1
3	343	591	1
3	343	595	1
3	343	598	1
3	343	602	1
3	343	603	1
3	343	605	1
3	343	606	1
3	343	607	1
3	343	615	1
3	343	622	1
3	343	625	1
3	343	626	1
3	343	627	1
3	343	631	1
3	343	632	1
3	343	636	1
3	343	644	1
3	343	648	1
3	343	651	1
3	343	652	1
3	343	653	1
3	343	658	1
3	343	659	1
3	343	669	1
3	343	670	1
3	343	676	1
3	343	679	1
3	343	680	1
3	343	682	1
3	343	688	1
3	343	691	1
3	343	692	1
3	344	507	1
3	344	510	1
3	344	533	1
3	344	544	1
3	344	547	1
3	344	553	1
3	344	555	1
3	344	562	1
3	344	566	1
3	344	572	1
3	344	577	1
3	344	595	1
3	344	597	1
3	344	602	1
3	344	615	1
3	344	621	1
3	344	622	1
3	344	626	1
3	344	627	1
3	344	631	1
3	344	632	1
3	344	645	1
3	344	648	1
3	344	651	1
3	344	653	1
3	344	658	1
3	344	659	1
3	344	669	1
3	344	670	1
3	344	672	1
3	344	680	1
3	344	682	1
3	344	686	1
3	344	688	1
3	344	692	1
3	345	500	1
3	345	507	1
3	345	510	1
3	345	511	1
3	345	514	1
3	345	515	1
3	345	516	1
3	345	518	1
3	345	520	1
3	345	522	1
3	345	526	1
3	345	528	1
3	345	529	1
3	345	530	1
3	345	533	1
3	345	537	1
3	345	538	1
3	345	541	1
3	345	547	1
3	345	548	1
3	345	553	1
3	345	554	1
3	345	555	1
3	345	558	1
3	345	559	1
3	345	560	1
3	345	562	1
3	345	565	1
3	345	569	1
3	345	570	1
3	345	572	1
3	345	580	1
3	345	581	1
3	345	590	1
3	345	591	1
3	345	592	1
3	345	594	1
3	345	595	1
3	345	596	1
3	345	603	1
3	345	605	1
3	345	606	1
3	345	607	1
3	345	624	1
3	345	625	1
3	345	626	1
3	345	627	1
3	345	632	1
3	345	636	1
3	345	637	1
3	345	644	1
3	345	645	1
3	345	648	1
3	345	650	1
3	345	651	1
3	345	652	1
3	345	653	1
3	345	658	1
3	345	659	1
3	345	664	1
3	345	670	1
3	345	676	1
3	345	679	1
3	345	680	1
3	345	682	1
3	345	688	1
3	345	689	1
3	345	690	1
3	345	691	1
3	345	692	1
3	346	560	1
3	346	572	1
3	346	599	1
3	346	627	1
3	346	641	1
3	346	668	1
3	346	669	1
3	346	680	1
3	346	682	1
3	347	507	1
3	347	510	1
3	347	515	1
3	347	516	1
3	347	518	1
3	347	530	1
3	347	544	1
3	347	547	1
3	347	555	1
3	347	566	1
3	347	567	1
3	347	572	1
3	347	602	1
3	347	621	1
3	347	632	1
3	347	645	1
3	347	651	1
3	347	653	1
3	347	669	1
3	347	675	1
3	347	676	1
3	347	680	1
3	347	682	1
3	347	686	1
3	347	688	1
3	348	547	1
3	348	562	1
3	349	500	1
3	349	511	1
3	349	513	1
3	349	514	1
3	349	515	1
3	349	516	1
3	349	519	1
3	349	520	1
3	349	522	1
3	349	526	1
3	349	528	1
3	349	530	1
3	349	533	1
3	349	538	1
3	349	540	1
3	349	547	1
3	349	548	1
3	349	552	1
3	349	553	1
3	349	554	1
3	349	558	1
3	349	559	1
3	349	560	1
3	349	562	1
3	349	565	1
3	349	566	1
3	349	568	1
3	349	569	1
3	349	572	1
3	349	577	1
3	349	589	1
3	349	590	1
3	349	591	1
3	349	592	1
3	349	602	1
3	349	603	1
3	349	607	1
3	349	624	1
3	349	625	1
3	349	626	1
3	349	627	1
3	349	632	1
3	349	636	1
3	349	637	1
3	349	644	1
3	349	652	1
3	349	653	1
3	349	658	1
3	349	669	1
3	349	670	1
3	349	679	1
3	349	682	1
3	349	689	1
3	349	690	1
3	349	691	1
3	350	507	1
3	350	510	1
3	350	511	1
3	350	513	1
3	350	514	1
3	350	515	1
3	350	518	1
3	350	519	1
3	350	522	1
3	350	523	1
3	350	526	1
3	350	528	1
3	350	529	1
3	350	530	1
3	350	533	1
3	350	537	1
3	350	538	1
3	350	540	1
3	350	547	1
3	350	548	1
3	350	552	1
3	350	553	1
3	350	554	1
3	350	558	1
3	350	559	1
3	350	562	1
3	350	565	1
3	350	566	1
3	350	568	1
3	350	569	1
3	350	571	1
3	350	577	1
3	350	580	1
3	350	581	1
3	350	589	1
3	350	590	1
3	350	591	1
3	350	594	1
3	350	603	1
3	350	606	1
3	350	607	1
3	350	624	1
3	350	626	1
3	350	627	1
3	350	632	1
3	350	636	1
3	350	637	1
3	350	644	1
3	350	645	1
3	350	648	1
3	350	651	1
3	350	652	1
3	350	653	1
3	350	658	1
3	350	659	1
3	350	664	1
3	350	669	1
3	350	674	1
3	350	679	1
3	350	680	1
3	350	682	1
3	350	686	1
3	350	689	1
3	350	690	1
3	350	691	1
3	350	692	1
3	351	507	1
3	351	516	1
3	351	544	1
3	351	547	1
3	351	552	1
3	351	555	1
3	351	627	1
3	351	632	1
3	351	651	1
3	351	653	1
3	351	679	1
3	351	680	1
3	352	507	1
3	352	515	1
3	352	516	1
3	352	518	1
3	352	530	1
3	352	533	1
3	352	544	1
3	352	547	1
3	352	555	1
3	352	562	1
3	352	566	1
3	352	572	1
3	352	602	1
3	352	615	1
3	352	621	1
3	352	627	1
3	352	632	1
3	352	645	1
3	352	651	1
3	352	653	1
3	352	669	1
3	352	679	1
3	352	680	1
3	352	682	1
3	352	688	1
3	352	692	1
3	353	507	1
3	353	510	1
3	353	515	1
3	353	516	1
3	353	520	1
3	353	537	1
3	353	538	1
3	353	541	1
3	353	542	1
3	353	544	1
3	353	548	1
3	353	552	1
3	353	553	1
3	353	555	1
3	353	558	1
3	353	559	1
3	353	560	1
3	353	566	1
3	353	567	1
3	353	571	1
3	353	572	1
3	353	577	1
3	353	592	1
3	353	595	1
3	353	599	1
3	353	621	1
3	353	627	1
3	353	631	1
3	353	632	1
3	353	644	1
3	353	645	1
3	353	651	1
3	353	653	1
3	353	658	1
3	353	659	1
3	353	668	1
3	353	669	1
3	353	670	1
3	353	679	1
3	353	680	1
3	353	686	1
3	353	688	1
3	353	692	1
3	354	507	1
3	354	510	1
3	354	515	1
3	354	516	1
3	354	518	1
3	354	520	1
3	354	529	1
3	354	530	1
3	354	533	1
3	354	540	1
3	354	544	1
3	354	545	1
3	354	547	1
3	354	548	1
3	354	552	1
3	354	553	1
3	354	555	1
3	354	558	1
3	354	560	1
3	354	562	1
3	354	572	1
3	354	576	1
3	354	580	1
3	354	581	1
3	354	583	1
3	354	585	1
3	354	602	1
3	354	603	1
3	354	615	1
3	354	621	1
3	354	627	1
3	354	631	1
3	354	645	1
3	354	648	1
3	354	651	1
3	354	659	1
3	354	676	1
3	354	679	1
3	354	680	1
3	354	682	1
3	354	686	1
3	354	688	1
3	354	692	1
3	355	545	1
3	355	547	1
3	355	548	1
3	355	555	1
3	355	572	1
3	355	576	1
3	355	602	1
3	355	632	1
3	355	651	1
3	355	653	1
3	355	669	1
3	355	679	1
3	355	680	1
3	355	686	1
3	356	507	1
3	356	516	1
3	356	544	1
3	356	545	1
3	356	547	1
3	356	548	1
3	356	553	1
3	356	572	1
3	356	576	1
3	356	602	1
3	356	603	1
3	356	615	1
3	356	627	1
3	356	648	1
3	356	669	1
3	356	679	1
3	356	680	1
3	356	686	1
3	357	507	1
3	357	510	1
3	357	544	1
3	357	553	1
3	357	555	1
3	357	572	1
3	357	631	1
3	357	651	1
3	357	680	1
3	357	692	1
3	358	507	1
3	358	516	1
3	358	547	1
3	358	552	1
3	358	553	1
3	358	555	1
3	358	602	1
3	358	627	1
3	358	632	1
3	358	651	1
3	358	653	1
3	358	669	1
3	358	679	1
3	358	680	1
3	359	500	1
3	359	507	1
3	359	510	1
3	359	515	1
3	359	518	1
3	359	520	1
3	359	529	1
3	359	533	1
3	359	537	1
3	359	538	1
3	359	540	1
3	359	544	1
3	359	545	1
3	359	547	1
3	359	548	1
3	359	553	1
3	359	554	1
3	359	555	1
3	359	558	1
3	359	560	1
3	359	565	1
3	359	567	1
3	359	572	1
3	359	576	1
3	359	577	1
3	359	590	1
3	359	591	1
3	359	594	1
3	359	595	1
3	359	602	1
3	359	603	1
3	359	606	1
3	359	607	1
3	359	615	1
3	359	622	1
3	359	625	1
3	359	626	1
3	359	627	1
3	359	632	1
3	359	634	1
3	359	636	1
3	359	638	1
3	359	645	1
3	359	648	1
3	359	651	1
3	359	652	1
3	359	653	1
3	359	655	1
3	359	656	1
3	359	658	1
3	359	659	1
3	359	669	1
3	359	672	1
3	359	677	1
3	359	682	1
3	359	686	1
3	359	688	1
3	359	692	1
3	361	507	1
3	361	510	1
3	361	515	1
3	361	516	1
3	361	518	1
3	361	520	1
3	361	530	1
3	361	544	1
3	361	545	1
3	361	547	1
3	361	548	1
3	361	552	1
3	361	555	1
3	361	560	1
3	361	562	1
3	361	566	1
3	361	572	1
3	361	576	1
3	361	577	1
3	361	615	1
3	361	627	1
3	361	631	1
3	361	632	1
3	361	645	1
3	361	648	1
3	361	651	1
3	361	653	1
3	361	658	1
3	361	659	1
3	361	669	1
3	361	670	1
3	361	676	1
3	361	679	1
3	361	680	1
3	361	682	1
3	361	686	1
3	361	688	1
3	361	692	1
3	362	560	1
3	362	572	1
3	362	668	1
3	362	682	1
3	363	632	1
3	364	499	1
3	364	500	1
3	364	510	1
3	364	540	1
3	364	547	1
3	364	553	1
3	364	555	1
3	364	559	1
3	364	572	1
3	364	574	1
3	364	595	1
3	364	643	1
3	364	644	1
3	364	645	1
3	364	653	1
3	364	665	1
3	364	682	1
3	364	692	1
3	365	515	1
3	365	516	1
3	365	518	1
3	365	533	1
3	365	544	1
3	365	547	1
3	365	566	1
3	365	572	1
3	365	602	1
3	365	615	1
3	365	621	1
3	365	632	1
3	365	651	1
3	365	682	1
3	365	688	1
3	366	500	1
3	366	510	1
3	366	515	1
3	366	516	1
3	366	529	1
3	366	530	1
3	366	547	1
3	366	553	1
3	366	554	1
3	366	555	1
3	366	565	1
3	366	568	1
3	366	569	1
3	366	577	1
3	366	622	1
3	366	636	1
3	366	651	1
3	366	652	1
3	366	653	1
3	366	669	1
3	366	672	1
3	366	677	1
3	366	680	1
3	366	682	1
3	366	692	1
3	367	499	1
3	367	507	1
3	367	510	1
3	367	515	1
3	367	516	1
3	367	520	1
3	367	528	1
3	367	529	1
3	367	530	1
3	367	533	1
3	367	537	1
3	367	540	1
3	367	544	1
3	367	547	1
3	367	552	1
3	367	553	1
3	367	555	1
3	367	558	1
3	367	560	1
3	367	562	1
3	367	565	1
3	367	566	1
3	367	567	1
3	367	569	1
3	367	571	1
3	367	572	1
3	367	577	1
3	367	590	1
3	367	591	1
3	367	595	1
3	367	597	1
3	367	602	1
3	367	615	1
3	367	625	1
3	367	631	1
3	367	632	1
3	367	634	1
3	367	636	1
3	367	638	1
3	367	645	1
3	367	648	1
3	367	651	1
3	367	659	1
3	367	670	1
3	367	676	1
3	367	679	1
3	367	680	1
3	367	686	1
3	367	688	1
3	368	507	1
3	368	516	1
3	368	544	1
3	368	545	1
3	368	547	1
3	368	548	1
3	368	552	1
3	368	553	1
3	368	555	1
3	368	572	1
3	368	576	1
3	368	602	1
3	368	603	1
3	368	615	1
3	368	627	1
3	368	651	1
3	368	669	1
3	368	679	1
3	368	680	1
3	369	499	1
3	369	500	1
3	369	507	1
3	369	510	1
3	369	515	1
3	369	519	1
3	369	520	1
3	369	526	1
3	369	528	1
3	369	529	1
3	369	530	1
3	369	533	1
3	369	537	1
3	369	538	1
3	369	540	1
3	369	542	1
3	369	545	1
3	369	547	1
3	369	553	1
3	369	554	1
3	369	559	1
3	369	560	1
3	369	565	1
3	369	567	1
3	369	571	1
3	369	572	1
3	369	574	1
3	369	576	1
3	369	577	1
3	369	594	1
3	369	595	1
3	369	597	1
3	369	603	1
3	369	606	1
3	369	607	1
3	369	619	1
3	369	621	1
3	369	625	1
3	369	626	1
3	369	627	1
3	369	631	1
3	369	632	1
3	369	634	1
3	369	636	1
3	369	642	1
3	369	643	1
3	369	645	1
3	369	648	1
3	369	651	1
3	369	652	1
3	369	653	1
3	369	655	1
3	369	658	1
3	369	659	1
3	369	665	1
3	369	669	1
3	369	674	1
3	369	676	1
3	369	677	1
3	369	680	1
3	369	682	1
3	369	686	1
3	369	688	1
3	369	692	1
3	370	515	1
3	370	518	1
3	370	530	1
3	370	544	1
3	370	547	1
3	370	552	1
3	370	555	1
3	370	562	1
3	370	566	1
3	370	572	1
3	370	577	1
3	370	595	1
3	370	602	1
3	370	615	1
3	370	621	1
3	370	622	1
3	370	626	1
3	370	631	1
3	370	632	1
3	370	645	1
3	370	651	1
3	370	652	1
3	370	653	1
3	370	658	1
3	370	659	1
3	370	670	1
3	370	672	1
3	370	677	1
3	370	680	1
3	370	682	1
3	370	688	1
3	370	692	1
3	371	496	1
3	371	500	1
3	371	507	1
3	371	510	1
3	371	511	1
3	371	514	1
3	371	515	1
3	371	516	1
3	371	519	1
3	371	522	1
3	371	526	1
3	371	529	1
3	371	530	1
3	371	537	1
3	371	540	1
3	371	547	1
3	371	552	1
3	371	553	1
3	371	558	1
3	371	559	1
3	371	560	1
3	371	562	1
3	371	566	1
3	371	568	1
3	371	569	1
3	371	572	1
3	371	580	1
3	371	581	1
3	371	591	1
3	371	592	1
3	371	594	1
3	371	595	1
3	371	605	1
3	371	607	1
3	371	621	1
3	371	622	1
3	371	624	1
3	371	625	1
3	371	627	1
3	371	631	1
3	371	632	1
3	371	636	1
3	371	637	1
3	371	639	1
3	371	641	1
3	371	644	1
3	371	645	1
3	371	651	1
3	371	652	1
3	371	658	1
3	371	659	1
3	371	669	1
3	371	670	1
3	371	679	1
3	371	680	1
3	371	682	1
3	371	688	1
3	371	689	1
3	371	690	1
3	371	692	1
3	372	507	1
3	372	510	1
3	372	518	1
3	372	530	1
3	372	533	1
3	372	544	1
3	372	553	1
3	372	555	1
3	372	562	1
3	372	577	1
3	372	595	1
3	372	615	1
3	372	621	1
3	372	627	1
3	372	632	1
3	372	645	1
3	372	651	1
3	372	653	1
3	372	658	1
3	372	659	1
3	372	669	1
3	372	670	1
3	372	680	1
3	372	682	1
3	372	686	1
3	372	688	1
3	372	692	1
3	373	507	1
3	373	516	1
3	373	544	1
3	373	547	1
3	373	553	1
3	373	572	1
3	373	576	1
3	373	577	1
3	373	597	1
3	373	602	1
3	373	615	1
3	373	622	1
3	373	651	1
3	373	653	1
3	373	672	1
3	373	682	1
3	373	686	1
3	374	507	1
3	374	545	1
3	374	547	1
3	374	548	1
3	374	552	1
3	374	555	1
3	374	572	1
3	374	576	1
3	374	602	1
3	374	603	1
3	374	615	1
3	374	632	1
3	374	648	1
3	374	653	1
3	374	669	1
3	374	680	1
3	374	686	1
3	375	515	1
3	375	516	1
3	375	520	1
3	375	530	1
3	375	540	1
3	375	545	1
3	375	552	1
3	375	553	1
3	375	555	1
3	375	560	1
3	375	562	1
3	375	572	1
3	375	576	1
3	375	577	1
3	375	615	1
3	375	621	1
3	375	627	1
3	375	631	1
3	375	632	1
3	375	648	1
3	375	651	1
3	375	653	1
3	375	658	1
3	375	659	1
3	375	669	1
3	375	676	1
3	375	679	1
3	375	680	1
3	375	682	1
3	375	686	1
3	375	692	1
3	376	500	1
3	376	507	1
3	376	510	1
3	376	515	1
3	376	516	1
3	376	518	1
3	376	530	1
3	376	533	1
3	376	547	1
3	376	552	1
3	376	553	1
3	376	555	1
3	376	562	1
3	376	566	1
3	376	567	1
3	376	572	1
3	376	577	1
3	376	597	1
3	376	602	1
3	376	615	1
3	376	621	1
3	376	622	1
3	376	626	1
3	376	627	1
3	376	631	1
3	376	632	1
3	376	645	1
3	376	651	1
3	376	652	1
3	376	653	1
3	376	658	1
3	376	659	1
3	376	669	1
3	376	670	1
3	376	676	1
3	376	677	1
3	376	679	1
3	376	680	1
3	376	686	1
3	376	688	1
3	376	692	1
3	377	507	1
3	377	544	1
3	377	547	1
3	377	552	1
3	377	553	1
3	377	555	1
3	377	602	1
3	377	627	1
3	377	632	1
3	377	651	1
3	377	653	1
3	377	669	1
3	377	680	1
3	378	515	1
3	378	516	1
3	378	530	1
3	378	533	1
3	378	544	1
3	378	547	1
3	378	562	1
3	378	566	1
3	378	572	1
3	378	602	1
3	378	615	1
3	378	621	1
3	378	632	1
3	378	651	1
3	378	682	1
3	378	686	1
3	378	688	1
3	379	507	1
3	379	510	1
3	379	515	1
3	379	516	1
3	379	518	1
3	379	530	1
3	379	533	1
3	379	544	1
3	379	547	1
3	379	553	1
3	379	566	1
3	379	572	1
3	379	577	1
3	379	615	1
3	379	621	1
3	379	627	1
3	379	651	1
3	379	653	1
3	379	658	1
3	379	659	1
3	379	670	1
3	379	680	1
3	379	686	1
3	379	688	1
3	379	692	1
3	381	507	1
3	381	544	1
3	381	547	1
3	381	552	1
3	381	553	1
3	381	555	1
3	381	627	1
3	381	651	1
3	381	653	1
3	381	679	1
3	382	507	1
3	382	510	1
3	382	515	1
3	382	516	1
3	382	518	1
3	382	530	1
3	382	533	1
3	382	544	1
3	382	552	1
3	382	553	1
3	382	555	1
3	382	562	1
3	382	566	1
3	382	572	1
3	382	602	1
3	382	615	1
3	382	621	1
3	382	627	1
3	382	632	1
3	382	645	1
3	382	651	1
3	382	679	1
3	382	680	1
3	382	682	1
3	382	686	1
3	382	688	1
3	382	692	1
3	383	496	1
3	383	500	1
3	383	510	1
3	383	511	1
3	383	513	1
3	383	514	1
3	383	515	1
3	383	516	1
3	383	519	1
3	383	520	1
3	383	522	1
3	383	523	1
3	383	529	1
3	383	530	1
3	383	533	1
3	383	538	1
3	383	540	1
3	383	544	1
3	383	547	1
3	383	548	1
3	383	552	1
3	383	553	1
3	383	554	1
3	383	555	1
3	383	558	1
3	383	559	1
3	383	560	1
3	383	562	1
3	383	565	1
3	383	566	1
3	383	569	1
3	383	572	1
3	383	577	1
3	383	580	1
3	383	581	1
3	383	590	1
3	383	591	1
3	383	594	1
3	383	595	1
3	383	603	1
3	383	605	1
3	383	606	1
3	383	607	1
3	383	621	1
3	383	624	1
3	383	625	1
3	383	627	1
3	383	631	1
3	383	636	1
3	383	645	1
3	383	652	1
3	383	653	1
3	383	658	1
3	383	659	1
3	383	669	1
3	383	670	1
3	383	675	1
3	383	676	1
3	383	679	1
3	383	680	1
3	383	682	1
3	383	689	1
3	383	691	1
3	384	499	1
3	384	510	1
3	384	515	1
3	384	516	1
3	384	518	1
3	384	520	1
3	384	529	1
3	384	530	1
3	384	533	1
3	384	537	1
3	384	540	1
3	384	544	1
3	384	547	1
3	384	552	1
3	384	553	1
3	384	555	1
3	384	558	1
3	384	560	1
3	384	562	1
3	384	567	1
3	384	569	1
3	384	571	1
3	384	572	1
3	384	577	1
3	384	590	1
3	384	591	1
3	384	595	1
3	384	597	1
3	384	602	1
3	384	606	1
3	384	615	1
3	384	621	1
3	384	625	1
3	384	631	1
3	384	632	1
3	384	634	1
3	384	636	1
3	384	638	1
3	384	645	1
3	384	651	1
3	384	659	1
3	384	670	1
3	384	674	1
3	384	676	1
3	384	679	1
3	384	680	1
3	384	686	1
3	384	688	1
3	384	692	1
3	385	507	1
3	385	510	1
3	385	516	1
3	385	518	1
3	385	530	1
3	385	533	1
3	385	544	1
3	385	547	1
3	385	552	1
3	385	553	1
3	385	555	1
3	385	562	1
3	385	572	1
3	385	577	1
3	385	602	1
3	385	615	1
3	385	621	1
3	385	627	1
3	385	648	1
3	385	651	1
3	385	669	1
3	385	679	1
3	385	682	1
3	385	686	1
3	385	688	1
3	385	692	1
3	386	500	1
3	386	507	1
3	386	510	1
3	386	515	1
3	386	518	1
3	386	520	1
3	386	529	1
3	386	533	1
3	386	537	1
3	386	538	1
3	386	540	1
3	386	544	1
3	386	545	1
3	386	547	1
3	386	548	1
3	386	552	1
3	386	553	1
3	386	554	1
3	386	555	1
3	386	558	1
3	386	559	1
3	386	560	1
3	386	571	1
3	386	576	1
3	386	590	1
3	386	591	1
3	386	594	1
3	386	595	1
3	386	597	1
3	386	606	1
3	386	607	1
3	386	615	1
3	386	625	1
3	386	626	1
3	386	627	1
3	386	631	1
3	386	632	1
3	386	636	1
3	386	638	1
3	386	645	1
3	386	648	1
3	386	651	1
3	386	653	1
3	386	655	1
3	386	656	1
3	386	658	1
3	386	669	1
3	386	670	1
3	386	674	1
3	386	676	1
3	386	679	1
3	386	680	1
3	386	682	1
3	386	686	1
3	386	688	1
3	386	691	1
3	386	692	1
3	387	507	1
3	387	544	1
3	387	547	1
3	387	553	1
3	387	555	1
3	387	627	1
3	387	651	1
3	387	653	1
3	387	669	1
3	387	679	1
3	387	680	1
3	388	507	1
3	388	515	1
3	388	516	1
3	388	518	1
3	388	520	1
3	388	530	1
3	388	533	1
3	388	540	1
3	388	544	1
3	388	545	1
3	388	547	1
3	388	548	1
3	388	552	1
3	388	555	1
3	388	560	1
3	388	562	1
3	388	566	1
3	388	572	1
3	388	576	1
3	388	577	1
3	388	595	1
3	388	602	1
3	388	603	1
3	388	615	1
3	388	621	1
3	388	627	1
3	388	631	1
3	388	632	1
3	388	651	1
3	388	653	1
3	388	659	1
3	388	669	1
3	388	670	1
3	388	676	1
3	388	679	1
3	388	680	1
3	388	682	1
3	388	686	1
3	389	497	1
3	389	499	1
3	389	550	1
3	389	553	1
3	389	574	1
3	389	597	1
3	389	642	1
3	389	643	1
3	389	644	1
3	389	645	1
3	389	653	1
3	389	682	1
3	390	507	1
3	390	510	1
3	390	518	1
3	390	530	1
3	390	540	1
3	390	544	1
3	390	547	1
3	390	553	1
3	390	559	1
3	390	560	1
3	390	566	1
3	390	567	1
3	390	570	1
3	390	595	1
3	390	597	1
3	390	602	1
3	390	615	1
3	390	621	1
3	390	622	1
3	390	626	1
3	390	631	1
3	390	645	1
3	390	651	1
3	390	653	1
3	390	658	1
3	390	659	1
3	390	669	1
3	390	670	1
3	390	672	1
3	390	680	1
3	390	682	1
3	390	686	1
3	390	688	1
3	390	692	1
3	391	515	1
3	391	516	1
3	391	518	1
3	391	530	1
3	391	533	1
3	391	547	1
3	391	552	1
3	391	553	1
3	391	562	1
3	391	566	1
3	391	572	1
3	391	577	1
3	391	595	1
3	391	602	1
3	391	621	1
3	391	627	1
3	391	645	1
3	391	651	1
3	391	653	1
3	391	658	1
3	391	669	1
3	391	670	1
3	391	679	1
3	391	680	1
3	391	682	1
3	391	688	1
3	391	692	1
3	392	500	1
3	392	510	1
3	392	516	1
3	392	529	1
3	392	530	1
3	392	547	1
3	392	554	1
3	392	555	1
3	392	565	1
3	392	568	1
3	392	572	1
3	392	577	1
3	392	622	1
3	392	636	1
3	392	651	1
3	392	652	1
3	392	653	1
3	392	669	1
3	392	672	1
3	392	676	1
3	392	677	1
3	392	680	1
3	392	692	1
3	393	507	1
3	393	516	1
3	393	544	1
3	393	553	1
3	393	572	1
3	393	576	1
3	393	597	1
3	393	602	1
3	393	615	1
3	393	622	1
3	393	651	1
3	393	672	1
3	393	680	1
3	393	686	1
3	395	500	1
3	395	507	1
3	395	510	1
3	395	515	1
3	395	516	1
3	395	518	1
3	395	530	1
3	395	533	1
3	395	540	1
3	395	544	1
3	395	547	1
3	395	553	1
3	395	555	1
3	395	559	1
3	395	560	1
3	395	562	1
3	395	566	1
3	395	567	1
3	395	570	1
3	395	572	1
3	395	577	1
3	395	595	1
3	395	597	1
3	395	602	1
3	395	621	1
3	395	622	1
3	395	626	1
3	395	631	1
3	395	632	1
3	395	645	1
3	395	651	1
3	395	653	1
3	395	658	1
3	395	670	1
3	395	672	1
3	395	680	1
3	395	686	1
3	395	688	1
3	396	500	1
3	396	507	1
3	396	510	1
3	396	513	1
3	396	514	1
3	396	515	1
3	396	518	1
3	396	519	1
3	396	520	1
3	396	526	1
3	396	528	1
3	396	529	1
3	396	530	1
3	396	537	1
3	396	538	1
3	396	540	1
3	396	541	1
3	396	542	1
3	396	544	1
3	396	547	1
3	396	548	1
3	396	552	1
3	396	553	1
3	396	554	1
3	396	555	1
3	396	558	1
3	396	560	1
3	396	562	1
3	396	565	1
3	396	568	1
3	396	569	1
3	396	571	1
3	396	572	1
3	396	577	1
3	396	580	1
3	396	592	1
3	396	595	1
3	396	602	1
3	396	603	1
3	396	606	1
3	396	607	1
3	396	624	1
3	396	627	1
3	396	632	1
3	396	636	1
3	396	637	1
3	396	644	1
3	396	645	1
3	396	648	1
3	396	650	1
3	396	651	1
3	396	652	1
3	396	655	1
3	396	658	1
3	396	659	1
3	396	669	1
3	396	670	1
3	396	679	1
3	396	680	1
3	396	682	1
3	396	686	1
3	396	688	1
3	396	689	1
3	396	690	1
3	396	691	1
3	396	692	1
3	397	507	1
3	397	516	1
3	397	544	1
3	397	547	1
3	397	553	1
3	397	555	1
3	397	602	1
3	397	627	1
3	397	632	1
3	397	651	1
3	397	669	1
3	397	679	1
3	397	680	1
3	398	507	1
3	398	510	1
3	398	515	1
3	398	516	1
3	398	530	1
3	398	533	1
3	398	547	1
3	398	552	1
3	398	553	1
3	398	555	1
3	398	566	1
3	398	567	1
3	398	577	1
3	398	595	1
3	398	597	1
3	398	602	1
3	398	621	1
3	398	622	1
3	398	626	1
3	398	632	1
3	398	645	1
3	398	648	1
3	398	651	1
3	398	653	1
3	398	658	1
3	398	669	1
3	398	670	1
3	398	672	1
3	398	676	1
3	398	677	1
3	398	680	1
3	398	682	1
3	398	686	1
3	398	688	1
3	398	692	1
3	399	497	1
3	399	550	1
3	399	597	1
3	399	651	1
3	399	653	1
3	399	669	1
3	400	500	1
3	400	507	1
3	400	510	1
3	400	515	1
3	400	526	1
3	400	533	1
3	400	538	1
3	400	541	1
3	400	542	1
3	400	547	1
3	400	548	1
3	400	552	1
3	400	553	1
3	400	555	1
3	400	558	1
3	400	566	1
3	400	567	1
3	400	572	1
3	400	577	1
3	400	587	1
3	400	599	1
3	400	607	1
3	400	621	1
3	400	626	1
3	400	627	1
3	400	631	1
3	400	632	1
3	400	644	1
3	400	651	1
3	400	653	1
3	400	655	1
3	400	658	1
3	400	659	1
3	400	669	1
3	400	670	1
3	400	682	1
3	400	688	1
3	400	692	1
3	401	507	1
3	401	516	1
3	401	547	1
3	401	553	1
3	401	572	1
3	401	577	1
3	401	597	1
3	401	602	1
3	401	615	1
3	401	622	1
3	401	651	1
3	401	653	1
3	401	672	1
3	401	680	1
3	401	682	1
3	401	686	1
3	402	507	1
3	402	552	1
3	402	553	1
3	402	555	1
3	402	572	1
3	402	631	1
3	402	651	1
3	402	680	1
3	402	692	1
3	403	507	1
3	403	510	1
3	403	516	1
3	403	520	1
3	403	530	1
3	403	533	1
3	403	540	1
3	403	544	1
3	403	545	1
3	403	552	1
3	403	555	1
3	403	560	1
3	403	562	1
3	403	566	1
3	403	572	1
3	403	577	1
3	403	602	1
3	403	603	1
3	403	621	1
3	403	631	1
3	403	648	1
3	403	651	1
3	403	653	1
3	403	658	1
3	403	659	1
3	403	676	1
3	403	679	1
3	403	680	1
3	403	686	1
3	403	688	1
3	404	507	1
3	404	510	1
3	404	553	1
3	404	555	1
3	404	559	1
3	404	570	1
3	404	572	1
3	404	574	1
3	404	595	1
3	404	631	1
3	404	642	1
3	404	643	1
3	404	645	1
3	404	653	1
3	404	665	1
3	404	669	1
3	404	692	1
3	405	507	1
3	405	516	1
3	405	547	1
3	405	552	1
3	405	553	1
3	405	555	1
3	405	602	1
3	405	627	1
3	405	632	1
3	405	651	1
3	405	653	1
3	405	669	1
3	405	679	1
3	405	680	1
3	406	507	1
3	406	510	1
3	406	515	1
3	406	516	1
3	406	518	1
3	406	544	1
3	406	555	1
3	406	562	1
3	406	566	1
3	406	567	1
3	406	572	1
3	406	577	1
3	406	597	1
3	406	602	1
3	406	615	1
3	406	621	1
3	406	622	1
3	406	626	1
3	406	631	1
3	406	632	1
3	406	645	1
3	406	648	1
3	406	653	1
3	406	658	1
3	406	659	1
3	406	672	1
3	406	680	1
3	406	682	1
3	406	686	1
3	406	692	1
3	407	507	1
3	407	516	1
3	407	544	1
3	407	547	1
3	407	553	1
3	407	576	1
3	407	577	1
3	407	597	1
3	407	602	1
3	407	615	1
3	407	622	1
3	407	651	1
3	407	653	1
3	407	669	1
3	407	672	1
3	407	680	1
3	407	686	1
3	408	507	1
3	408	510	1
3	408	515	1
3	408	516	1
3	408	518	1
3	408	530	1
3	408	533	1
3	408	544	1
3	408	552	1
3	408	553	1
3	408	562	1
3	408	566	1
3	408	577	1
3	408	602	1
3	408	621	1
3	408	627	1
3	408	632	1
3	408	653	1
3	408	669	1
3	408	679	1
3	408	680	1
3	408	682	1
3	408	686	1
3	408	688	1
3	408	692	1
3	409	507	1
3	409	515	1
3	409	516	1
3	409	518	1
3	409	530	1
3	409	533	1
3	409	544	1
3	409	552	1
3	409	553	1
3	409	555	1
3	409	566	1
3	409	572	1
3	409	602	1
3	409	615	1
3	409	621	1
3	409	632	1
3	409	651	1
3	409	653	1
3	409	669	1
3	409	679	1
3	409	680	1
3	409	682	1
3	409	686	1
3	409	688	1
3	410	507	1
3	410	516	1
3	410	518	1
3	410	530	1
3	410	533	1
3	410	544	1
3	410	547	1
3	410	553	1
3	410	566	1
3	410	567	1
3	410	572	1
3	410	577	1
3	410	602	1
3	410	615	1
3	410	621	1
3	410	626	1
3	410	627	1
3	410	645	1
3	410	651	1
3	410	682	1
3	410	688	1
3	411	507	1
3	411	510	1
3	411	515	1
3	411	516	1
3	411	518	1
3	411	530	1
3	411	533	1
3	411	544	1
3	411	547	1
3	411	552	1
3	411	553	1
3	411	555	1
3	411	562	1
3	411	566	1
3	411	572	1
3	411	602	1
3	411	615	1
3	411	621	1
3	411	627	1
3	411	632	1
3	411	645	1
3	411	653	1
3	411	669	1
3	411	680	1
3	411	682	1
3	411	686	1
3	411	692	1
3	412	507	1
3	412	510	1
3	412	516	1
3	412	518	1
3	412	530	1
3	412	533	1
3	412	544	1
3	412	547	1
3	412	552	1
3	412	553	1
3	412	555	1
3	412	562	1
3	412	566	1
3	412	572	1
3	412	602	1
3	412	615	1
3	412	627	1
3	412	645	1
3	412	651	1
3	412	653	1
3	412	669	1
3	412	679	1
3	412	680	1
3	412	682	1
3	412	686	1
3	412	688	1
3	412	692	1
3	413	507	1
3	413	510	1
3	413	516	1
3	413	518	1
3	413	530	1
3	413	533	1
3	413	544	1
3	413	547	1
3	413	553	1
3	413	555	1
3	413	562	1
3	413	566	1
3	413	572	1
3	413	577	1
3	413	602	1
3	413	615	1
3	413	627	1
3	413	632	1
3	413	645	1
3	413	651	1
3	413	653	1
3	413	669	1
3	413	670	1
3	413	680	1
3	413	682	1
3	413	686	1
3	413	688	1
3	413	692	1
3	415	507	1
3	415	516	1
3	415	544	1
3	415	547	1
3	415	555	1
3	415	602	1
3	415	627	1
3	415	632	1
3	415	651	1
3	415	653	1
3	415	669	1
3	415	679	1
3	415	680	1
3	417	507	1
3	417	510	1
3	417	515	1
3	417	516	1
3	417	518	1
3	417	520	1
3	417	530	1
3	417	533	1
3	417	540	1
3	417	544	1
3	417	545	1
3	417	547	1
3	417	548	1
3	417	552	1
3	417	553	1
3	417	555	1
3	417	560	1
3	417	562	1
3	417	566	1
3	417	572	1
3	417	577	1
3	417	580	1
3	417	581	1
3	417	583	1
3	417	585	1
3	417	602	1
3	417	603	1
3	417	615	1
3	417	627	1
3	417	631	1
3	417	632	1
3	417	645	1
3	417	648	1
3	417	651	1
3	417	653	1
3	417	658	1
3	417	659	1
3	417	669	1
3	417	676	1
3	417	679	1
3	417	680	1
3	417	686	1
3	417	692	1
3	418	496	1
3	418	500	1
3	418	507	1
3	418	510	1
3	418	513	1
3	418	515	1
3	418	516	1
3	418	519	1
3	418	520	1
3	418	522	1
3	418	523	1
3	418	526	1
3	418	529	1
3	418	530	1
3	418	533	1
3	418	537	1
3	418	538	1
3	418	540	1
3	418	544	1
3	418	547	1
3	418	548	1
3	418	552	1
3	418	554	1
3	418	555	1
3	418	559	1
3	418	560	1
3	418	565	1
3	418	566	1
3	418	568	1
3	418	569	1
3	418	572	1
3	418	577	1
3	418	580	1
3	418	581	1
3	418	590	1
3	418	591	1
3	418	592	1
3	418	595	1
3	418	603	1
3	418	605	1
3	418	606	1
3	418	607	1
3	418	621	1
3	418	624	1
3	418	625	1
3	418	627	1
3	418	631	1
3	418	632	1
3	418	636	1
3	418	637	1
3	418	639	1
3	418	641	1
3	418	644	1
3	418	651	1
3	418	652	1
3	418	658	1
3	418	659	1
3	418	669	1
3	418	670	1
3	418	675	1
3	418	676	1
3	418	680	1
3	418	682	1
3	418	689	1
3	419	500	1
3	419	507	1
3	419	510	1
3	419	515	1
3	419	516	1
3	419	518	1
3	419	530	1
3	419	533	1
3	419	540	1
3	419	544	1
3	419	547	1
3	419	552	1
3	419	553	1
3	419	555	1
3	419	559	1
3	419	560	1
3	419	566	1
3	419	567	1
3	419	570	1
3	419	572	1
3	419	577	1
3	419	595	1
3	419	597	1
3	419	615	1
3	419	621	1
3	419	622	1
3	419	626	1
3	419	627	1
3	419	631	1
3	419	632	1
3	419	645	1
3	419	648	1
3	419	651	1
3	419	659	1
3	419	669	1
3	419	670	1
3	419	676	1
3	419	677	1
3	419	679	1
3	419	680	1
3	419	688	1
3	419	692	1
3	420	507	1
3	420	515	1
3	420	516	1
3	420	530	1
3	420	533	1
3	420	544	1
3	420	552	1
3	420	553	1
3	420	555	1
3	420	562	1
3	420	566	1
3	420	572	1
3	420	602	1
3	420	621	1
3	420	632	1
3	420	651	1
3	420	653	1
3	420	669	1
3	420	682	1
3	420	686	1
3	421	500	1
3	421	507	1
3	421	510	1
3	421	515	1
3	421	518	1
3	421	533	1
3	421	540	1
3	421	544	1
3	421	547	1
3	421	552	1
3	421	560	1
3	421	566	1
3	421	567	1
3	421	570	1
3	421	572	1
3	421	577	1
3	421	602	1
3	421	603	1
3	421	615	1
3	421	621	1
3	421	626	1
3	421	627	1
3	421	631	1
3	421	632	1
3	421	648	1
3	421	651	1
3	421	653	1
3	421	658	1
3	421	659	1
3	421	669	1
3	421	670	1
3	421	672	1
3	421	676	1
3	421	679	1
3	421	680	1
3	421	682	1
3	421	686	1
3	421	688	1
3	421	692	1
3	422	507	1
3	422	516	1
3	422	544	1
3	422	547	1
3	422	553	1
3	422	576	1
3	422	577	1
3	422	597	1
3	422	602	1
3	422	615	1
3	422	651	1
3	422	669	1
3	422	672	1
3	422	680	1
3	422	682	1
3	423	510	1
3	423	516	1
3	423	518	1
3	423	526	1
3	423	530	1
3	423	533	1
3	423	544	1
3	423	547	1
3	423	552	1
3	423	553	1
3	423	555	1
3	423	559	1
3	423	562	1
3	423	566	1
3	423	572	1
3	423	602	1
3	423	615	1
3	423	632	1
3	423	651	1
3	423	676	1
3	423	680	1
3	423	682	1
3	423	686	1
3	423	688	1
3	423	692	1
3	424	510	1
3	424	515	1
3	424	516	1
3	424	518	1
3	424	519	1
3	424	526	1
3	424	530	1
3	424	533	1
3	424	544	1
3	424	547	1
3	424	552	1
3	424	553	1
3	424	555	1
3	424	558	1
3	424	559	1
3	424	562	1
3	424	566	1
3	424	615	1
3	424	621	1
3	424	632	1
3	424	651	1
3	424	676	1
3	424	679	1
3	424	680	1
3	424	682	1
3	424	688	1
3	424	692	1
3	425	507	1
3	425	545	1
3	425	547	1
3	425	552	1
3	425	553	1
3	425	555	1
3	425	572	1
3	425	576	1
3	425	602	1
3	425	603	1
3	425	632	1
3	425	648	1
3	425	651	1
3	425	679	1
3	425	680	1
3	425	686	1
3	426	500	1
3	426	507	1
3	426	510	1
3	426	516	1
3	426	518	1
3	426	520	1
3	426	526	1
3	426	529	1
3	426	530	1
3	426	533	1
3	426	537	1
3	426	538	1
3	426	540	1
3	426	544	1
3	426	547	1
3	426	553	1
3	426	554	1
3	426	555	1
3	426	558	1
3	426	562	1
3	426	565	1
3	426	566	1
3	426	577	1
3	426	590	1
3	426	591	1
3	426	597	1
3	426	602	1
3	426	603	1
3	426	606	1
3	426	607	1
3	426	615	1
3	426	621	1
3	426	622	1
3	426	624	1
3	426	625	1
3	426	626	1
3	426	632	1
3	426	636	1
3	426	644	1
3	426	651	1
3	426	652	1
3	426	653	1
3	426	655	1
3	426	659	1
3	426	669	1
3	426	672	1
3	426	676	1
3	426	679	1
3	426	680	1
3	426	682	1
3	426	688	1
3	426	692	1
3	427	507	1
3	427	510	1
3	427	515	1
3	427	516	1
3	427	518	1
3	427	520	1
3	427	529	1
3	427	530	1
3	427	540	1
3	427	544	1
3	427	545	1
3	427	547	1
3	427	548	1
3	427	552	1
3	427	555	1
3	427	558	1
3	427	560	1
3	427	562	1
3	427	566	1
3	427	572	1
3	427	576	1
3	427	577	1
3	427	580	1
3	427	581	1
3	427	583	1
3	427	595	1
3	427	602	1
3	427	621	1
3	427	627	1
3	427	632	1
3	427	645	1
3	427	648	1
3	427	651	1
3	427	653	1
3	427	658	1
3	427	669	1
3	427	670	1
3	427	679	1
3	427	682	1
3	427	686	1
3	427	688	1
3	427	692	1
3	428	507	1
3	428	544	1
3	428	545	1
3	428	548	1
3	428	552	1
3	428	553	1
3	428	555	1
3	428	572	1
3	428	615	1
3	428	627	1
3	428	632	1
3	428	651	1
3	428	653	1
3	428	669	1
3	428	679	1
3	428	680	1
3	429	507	1
3	429	510	1
3	429	515	1
3	429	516	1
3	429	518	1
3	429	520	1
3	429	529	1
3	429	530	1
3	429	533	1
3	429	540	1
3	429	544	1
3	429	545	1
3	429	548	1
3	429	552	1
3	429	553	1
3	429	558	1
3	429	560	1
3	429	572	1
3	429	576	1
3	429	577	1
3	429	583	1
3	429	595	1
3	429	602	1
3	429	603	1
3	429	615	1
3	429	621	1
3	429	627	1
3	429	631	1
3	429	645	1
3	429	648	1
3	429	651	1
3	429	653	1
3	429	658	1
3	429	659	1
3	429	669	1
3	429	670	1
3	429	676	1
3	429	679	1
3	429	680	1
3	429	682	1
3	429	686	1
3	429	688	1
3	429	692	1
3	430	507	1
3	430	515	1
3	430	516	1
3	430	530	1
3	430	533	1
3	430	544	1
3	430	547	1
3	430	562	1
3	430	566	1
3	430	567	1
3	430	572	1
3	430	577	1
3	430	602	1
3	430	615	1
3	430	626	1
3	430	627	1
3	430	631	1
3	430	632	1
3	430	645	1
3	430	651	1
3	430	669	1
3	430	686	1
3	430	688	1
3	431	516	1
3	431	544	1
3	431	547	1
3	431	553	1
3	431	576	1
3	431	577	1
3	431	597	1
3	431	615	1
3	431	622	1
3	431	651	1
3	431	653	1
3	431	669	1
3	431	672	1
3	431	680	1
3	431	682	1
3	431	686	1
3	432	500	1
3	432	507	1
3	432	510	1
3	432	515	1
3	432	516	1
3	432	518	1
3	432	530	1
3	432	533	1
3	432	540	1
3	432	544	1
3	432	547	1
3	432	553	1
3	432	555	1
3	432	559	1
3	432	560	1
3	432	562	1
3	432	566	1
3	432	570	1
3	432	577	1
3	432	595	1
3	432	597	1
3	432	602	1
3	432	615	1
3	432	621	1
3	432	622	1
3	432	627	1
3	432	631	1
3	432	653	1
3	432	658	1
3	432	659	1
3	432	669	1
3	432	670	1
3	432	680	1
3	432	682	1
3	432	686	1
3	432	688	1
3	432	692	1
3	434	500	1
3	434	507	1
3	434	516	1
3	434	529	1
3	434	547	1
3	434	553	1
3	434	554	1
3	434	565	1
3	434	568	1
3	434	569	1
3	434	572	1
3	434	577	1
3	434	622	1
3	434	636	1
3	434	651	1
3	434	652	1
3	434	669	1
3	434	672	1
3	434	676	1
3	434	692	1
3	435	515	1
3	435	516	1
3	435	518	1
3	435	530	1
3	435	533	1
3	435	544	1
3	435	562	1
3	435	566	1
3	435	602	1
3	435	615	1
3	435	621	1
3	435	632	1
3	435	651	1
3	435	682	1
3	435	686	1
3	435	688	1
3	436	515	1
3	436	516	1
3	436	518	1
3	436	533	1
3	436	547	1
3	436	555	1
3	436	562	1
3	436	566	1
3	436	572	1
3	436	577	1
3	436	595	1
3	436	621	1
3	436	627	1
3	436	632	1
3	436	645	1
3	436	651	1
3	436	653	1
3	436	658	1
3	436	659	1
3	436	680	1
3	436	682	1
3	436	688	1
3	437	507	1
3	437	510	1
3	437	515	1
3	437	516	1
3	437	518	1
3	437	520	1
3	437	530	1
3	437	533	1
3	437	544	1
3	437	547	1
3	437	552	1
3	437	553	1
3	437	555	1
3	437	558	1
3	437	562	1
3	437	572	1
3	437	577	1
3	437	606	1
3	437	626	1
3	437	627	1
3	437	631	1
3	437	632	1
3	437	645	1
3	437	651	1
3	437	653	1
3	437	669	1
3	437	679	1
3	437	682	1
3	437	686	1
3	437	688	1
3	437	692	1
3	438	507	1
3	438	510	1
3	438	516	1
3	438	518	1
3	438	530	1
3	438	533	1
3	438	544	1
3	438	547	1
3	438	552	1
3	438	553	1
3	438	555	1
3	438	562	1
3	438	566	1
3	438	572	1
3	438	577	1
3	438	602	1
3	438	615	1
3	438	621	1
3	438	627	1
3	438	651	1
3	438	669	1
3	438	679	1
3	438	680	1
3	438	686	1
3	438	688	1
3	438	692	1
3	439	507	1
3	439	552	1
3	439	553	1
3	439	555	1
3	439	560	1
3	439	572	1
3	439	577	1
3	439	590	1
3	439	597	1
3	439	625	1
3	439	634	1
3	439	638	1
3	439	651	1
3	439	669	1
3	439	679	1
3	439	680	1
3	439	692	1
3	440	500	1
3	440	507	1
3	440	518	1
3	440	520	1
3	440	529	1
3	440	530	1
3	440	537	1
3	440	538	1
3	440	540	1
3	440	544	1
3	440	545	1
3	440	547	1
3	440	548	1
3	440	552	1
3	440	553	1
3	440	554	1
3	440	555	1
3	440	559	1
3	440	560	1
3	440	567	1
3	440	572	1
3	440	576	1
3	440	591	1
3	440	594	1
3	440	595	1
3	440	597	1
3	440	602	1
3	440	603	1
3	440	606	1
3	440	615	1
3	440	621	1
3	440	622	1
3	440	625	1
3	440	627	1
3	440	634	1
3	440	636	1
3	440	638	1
3	440	651	1
3	440	652	1
3	440	656	1
3	440	658	1
3	440	659	1
3	440	670	1
3	440	674	1
3	440	676	1
3	440	677	1
3	440	680	1
3	440	682	1
3	440	686	1
3	440	692	1
3	441	507	1
3	441	544	1
3	441	547	1
3	441	552	1
3	441	553	1
3	441	555	1
3	441	602	1
3	441	627	1
3	441	632	1
3	441	651	1
3	441	679	1
3	441	680	1
3	442	507	1
3	442	510	1
3	442	516	1
3	442	518	1
3	442	520	1
3	442	529	1
3	442	530	1
3	442	533	1
3	442	540	1
3	442	544	1
3	442	547	1
3	442	548	1
3	442	552	1
3	442	553	1
3	442	555	1
3	442	558	1
3	442	560	1
3	442	562	1
3	442	566	1
3	442	572	1
3	442	576	1
3	442	577	1
3	442	581	1
3	442	583	1
3	442	585	1
3	442	595	1
3	442	602	1
3	442	603	1
3	442	615	1
3	442	621	1
3	442	627	1
3	442	631	1
3	442	632	1
3	442	645	1
3	442	648	1
3	442	651	1
3	442	658	1
3	442	659	1
3	442	669	1
3	442	676	1
3	442	679	1
3	442	680	1
3	442	682	1
3	442	686	1
3	443	507	1
3	443	515	1
3	443	516	1
3	443	518	1
3	443	530	1
3	443	533	1
3	443	547	1
3	443	552	1
3	443	553	1
3	443	555	1
3	443	562	1
3	443	566	1
3	443	572	1
3	443	602	1
3	443	615	1
3	443	627	1
3	443	632	1
3	443	645	1
3	443	651	1
3	443	680	1
3	443	682	1
3	443	686	1
3	443	692	1
3	444	507	1
3	444	510	1
3	444	515	1
3	444	516	1
3	444	518	1
3	444	520	1
3	444	530	1
3	444	533	1
3	444	540	1
3	444	544	1
3	444	545	1
3	444	547	1
3	444	548	1
3	444	552	1
3	444	553	1
3	444	555	1
3	444	560	1
3	444	562	1
3	444	566	1
3	444	572	1
3	444	576	1
3	444	577	1
3	444	603	1
3	444	615	1
3	444	621	1
3	444	627	1
3	444	631	1
3	444	632	1
3	444	645	1
3	444	648	1
3	444	653	1
3	444	658	1
3	444	659	1
3	444	669	1
3	444	670	1
3	444	676	1
3	444	679	1
3	444	680	1
3	444	686	1
3	444	688	1
3	444	692	1
3	445	507	1
3	445	510	1
3	445	515	1
3	445	516	1
3	445	530	1
3	445	533	1
3	445	547	1
3	445	552	1
3	445	553	1
3	445	555	1
3	445	562	1
3	445	566	1
3	445	615	1
3	445	621	1
3	445	627	1
3	445	645	1
3	445	651	1
3	445	653	1
3	445	679	1
3	445	680	1
3	445	686	1
3	445	688	1
3	445	692	1
3	446	602	1
3	446	632	1
3	447	500	1
3	447	507	1
3	447	510	1
3	447	515	1
3	447	518	1
3	447	533	1
3	447	544	1
3	447	547	1
3	447	553	1
3	447	555	1
3	447	559	1
3	447	560	1
3	447	562	1
3	447	566	1
3	447	567	1
3	447	577	1
3	447	595	1
3	447	597	1
3	447	602	1
3	447	615	1
3	447	621	1
3	447	627	1
3	447	631	1
3	447	645	1
3	447	651	1
3	447	653	1
3	447	658	1
3	447	659	1
3	447	669	1
3	447	670	1
3	447	672	1
3	447	680	1
3	447	682	1
3	447	686	1
3	447	688	1
3	447	692	1
3	448	500	1
3	448	510	1
3	448	515	1
3	448	530	1
3	448	533	1
3	448	540	1
3	448	544	1
3	448	547	1
3	448	553	1
3	448	555	1
3	448	559	1
3	448	560	1
3	448	562	1
3	448	566	1
3	448	567	1
3	448	572	1
3	448	595	1
3	448	626	1
3	448	627	1
3	448	631	1
3	448	632	1
3	448	653	1
3	448	658	1
3	448	659	1
3	448	669	1
3	448	672	1
3	448	680	1
3	448	682	1
3	448	688	1
3	448	692	1
3	449	500	1
3	449	507	1
3	449	510	1
3	449	515	1
3	449	516	1
3	449	530	1
3	449	533	1
3	449	540	1
3	449	544	1
3	449	547	1
3	449	553	1
3	449	555	1
3	449	559	1
3	449	560	1
3	449	562	1
3	449	566	1
3	449	567	1
3	449	570	1
3	449	572	1
3	449	595	1
3	449	597	1
3	449	615	1
3	449	621	1
3	449	622	1
3	449	626	1
3	449	627	1
3	449	631	1
3	449	645	1
3	449	651	1
3	449	653	1
3	449	658	1
3	449	659	1
3	449	669	1
3	449	670	1
3	449	672	1
3	449	680	1
3	449	682	1
3	449	686	1
3	449	688	1
3	449	692	1
3	450	515	1
3	450	516	1
3	450	530	1
3	450	533	1
3	450	544	1
3	450	547	1
3	450	553	1
3	450	555	1
3	450	559	1
3	450	560	1
3	450	566	1
3	450	570	1
3	450	577	1
3	450	595	1
3	450	597	1
3	450	602	1
3	450	615	1
3	450	621	1
3	450	622	1
3	450	626	1
3	450	631	1
3	450	632	1
3	450	648	1
3	450	652	1
3	450	653	1
3	450	658	1
3	450	659	1
3	450	669	1
3	450	670	1
3	450	672	1
3	450	676	1
3	450	677	1
3	450	679	1
3	450	680	1
3	450	682	1
3	450	686	1
3	450	688	1
3	451	502	1
3	451	507	1
3	451	510	1
3	451	515	1
3	451	516	1
3	451	523	1
3	451	526	1
3	451	529	1
3	451	530	1
3	451	537	1
3	451	538	1
3	451	540	1
3	451	547	1
3	451	548	1
3	451	553	1
3	451	554	1
3	451	555	1
3	451	558	1
3	451	559	1
3	451	560	1
3	451	565	1
3	451	566	1
3	451	568	1
3	451	570	1
3	451	583	1
3	451	589	1
3	451	590	1
3	451	594	1
3	451	595	1
3	451	603	1
3	451	624	1
3	451	625	1
3	451	627	1
3	451	631	1
3	451	632	1
3	451	636	1
3	451	637	1
3	451	644	1
3	451	648	1
3	451	651	1
3	451	652	1
3	451	658	1
3	451	659	1
3	451	669	1
3	451	676	1
3	451	680	1
3	451	682	1
3	451	689	1
3	452	507	1
3	452	510	1
3	452	515	1
3	452	516	1
3	452	530	1
3	452	533	1
3	452	544	1
3	452	547	1
3	452	553	1
3	452	555	1
3	452	562	1
3	452	566	1
3	452	567	1
3	452	577	1
3	452	595	1
3	452	597	1
3	452	602	1
3	452	615	1
3	452	621	1
3	452	622	1
3	452	626	1
3	452	631	1
3	452	632	1
3	452	645	1
3	452	651	1
3	452	653	1
3	452	658	1
3	452	659	1
3	452	669	1
3	452	672	1
3	452	682	1
3	452	686	1
3	452	688	1
3	453	507	1
3	453	515	1
3	453	516	1
3	453	518	1
3	453	533	1
3	453	540	1
3	453	544	1
3	453	553	1
3	453	555	1
3	453	559	1
3	453	560	1
3	453	562	1
3	453	567	1
3	453	570	1
3	453	572	1
3	453	577	1
3	453	595	1
3	453	602	1
3	453	615	1
3	453	622	1
3	453	626	1
3	453	631	1
3	453	632	1
3	453	645	1
3	453	651	1
3	453	653	1
3	453	658	1
3	453	659	1
3	453	669	1
3	453	670	1
3	453	672	1
3	453	682	1
3	453	692	1
3	454	516	1
3	454	544	1
3	454	547	1
3	454	553	1
3	454	572	1
3	454	576	1
3	454	597	1
3	454	602	1
3	454	615	1
3	454	622	1
3	454	651	1
3	454	653	1
3	454	669	1
3	454	680	1
3	454	682	1
3	454	686	1
3	455	507	1
3	455	516	1
3	455	553	1
3	455	572	1
3	455	576	1
3	455	577	1
3	455	597	1
3	455	615	1
3	455	651	1
3	455	653	1
3	455	669	1
3	455	672	1
3	455	680	1
3	455	682	1
3	455	686	1
3	456	507	1
3	456	510	1
3	456	515	1
3	456	516	1
3	456	518	1
3	456	520	1
3	456	528	1
3	456	529	1
3	456	533	1
3	456	544	1
3	456	547	1
3	456	552	1
3	456	553	1
3	456	555	1
3	456	562	1
3	456	565	1
3	456	566	1
3	456	569	1
3	456	571	1
3	456	572	1
3	456	577	1
3	456	590	1
3	456	591	1
3	456	602	1
3	456	606	1
3	456	615	1
3	456	625	1
3	456	631	1
3	456	632	1
3	456	636	1
3	456	638	1
3	456	645	1
3	456	648	1
3	456	651	1
3	456	659	1
3	456	669	1
3	456	670	1
3	456	676	1
3	456	680	1
3	456	682	1
3	456	686	1
3	456	688	1
3	457	507	1
3	457	516	1
3	457	544	1
3	457	547	1
3	457	572	1
3	457	576	1
3	457	577	1
3	457	597	1
3	457	615	1
3	457	622	1
3	457	651	1
3	457	653	1
3	457	669	1
3	457	672	1
3	457	680	1
3	457	682	1
3	458	510	1
3	458	515	1
3	458	518	1
3	458	533	1
3	458	544	1
3	458	552	1
3	458	553	1
3	458	562	1
3	458	566	1
3	458	567	1
3	458	572	1
3	458	577	1
3	458	595	1
3	458	597	1
3	458	602	1
3	458	603	1
3	458	621	1
3	458	626	1
3	458	627	1
3	458	632	1
3	458	645	1
3	458	648	1
3	458	651	1
3	458	652	1
3	458	653	1
3	458	658	1
3	458	659	1
3	458	669	1
3	458	672	1
3	458	677	1
3	458	679	1
3	458	680	1
3	458	682	1
3	458	686	1
3	458	688	1
3	458	692	1
3	459	500	1
3	459	507	1
3	459	510	1
3	459	515	1
3	459	516	1
3	459	533	1
3	459	540	1
3	459	553	1
3	459	555	1
3	459	560	1
3	459	566	1
3	459	567	1
3	459	570	1
3	459	577	1
3	459	595	1
3	459	603	1
3	459	615	1
3	459	621	1
3	459	622	1
3	459	626	1
3	459	627	1
3	459	631	1
3	459	632	1
3	459	645	1
3	459	648	1
3	459	651	1
3	459	653	1
3	459	658	1
3	459	659	1
3	459	670	1
3	459	676	1
3	459	677	1
3	459	679	1
3	459	680	1
3	459	682	1
3	459	686	1
3	459	692	1
3	460	507	1
3	460	510	1
3	460	515	1
3	460	516	1
3	460	518	1
3	460	520	1
3	460	530	1
3	460	533	1
3	460	544	1
3	460	545	1
3	460	547	1
3	460	548	1
3	460	552	1
3	460	555	1
3	460	560	1
3	460	562	1
3	460	566	1
3	460	572	1
3	460	576	1
3	460	577	1
3	460	595	1
3	460	602	1
3	460	603	1
3	460	615	1
3	460	621	1
3	460	627	1
3	460	631	1
3	460	632	1
3	460	645	1
3	460	648	1
3	460	651	1
3	460	653	1
3	460	658	1
3	460	659	1
3	460	669	1
3	460	676	1
3	460	680	1
3	460	682	1
3	460	692	1
3	461	507	1
3	461	544	1
3	461	547	1
3	461	553	1
3	461	572	1
3	461	577	1
3	461	597	1
3	461	602	1
3	461	622	1
3	461	651	1
3	461	653	1
3	461	672	1
3	461	680	1
3	462	597	1
3	462	603	1
3	462	651	1
3	463	507	1
3	463	510	1
3	463	515	1
3	463	516	1
3	463	520	1
3	463	526	1
3	463	529	1
3	463	533	1
3	463	537	1
3	463	540	1
3	463	542	1
3	463	547	1
3	463	552	1
3	463	553	1
3	463	554	1
3	463	555	1
3	463	558	1
3	463	559	1
3	463	560	1
3	463	562	1
3	463	565	1
3	463	566	1
3	463	568	1
3	463	569	1
3	463	571	1
3	463	572	1
3	463	577	1
3	463	590	1
3	463	591	1
3	463	594	1
3	463	595	1
3	463	603	1
3	463	606	1
3	463	607	1
3	463	625	1
3	463	627	1
3	463	631	1
3	463	636	1
3	463	637	1
3	463	644	1
3	463	645	1
3	463	653	1
3	463	659	1
3	463	669	1
3	463	676	1
3	463	679	1
3	463	680	1
3	463	682	1
3	463	688	1
3	463	692	1
3	464	510	1
3	464	516	1
3	464	518	1
3	464	530	1
3	464	547	1
3	464	552	1
3	464	555	1
3	464	562	1
3	464	566	1
3	464	572	1
3	464	621	1
3	464	627	1
3	464	632	1
3	464	669	1
3	464	680	1
3	464	682	1
3	464	686	1
3	464	688	1
3	465	507	1
3	465	510	1
3	465	515	1
3	465	516	1
3	465	518	1
3	465	520	1
3	465	530	1
3	465	533	1
3	465	540	1
3	465	545	1
3	465	547	1
3	465	548	1
3	465	552	1
3	465	553	1
3	465	555	1
3	465	562	1
3	465	566	1
3	465	572	1
3	465	576	1
3	465	577	1
3	465	602	1
3	465	603	1
3	465	615	1
3	465	621	1
3	465	631	1
3	465	632	1
3	465	648	1
3	465	653	1
3	465	658	1
3	465	659	1
3	465	669	1
3	465	679	1
3	465	680	1
3	465	682	1
3	465	686	1
3	465	688	1
3	466	515	1
3	466	516	1
3	466	518	1
3	466	530	1
3	466	533	1
3	466	544	1
3	466	547	1
3	466	572	1
3	466	602	1
3	466	621	1
3	466	632	1
3	466	651	1
3	466	682	1
3	466	686	1
3	466	688	1
3	467	507	1
3	467	516	1
3	467	544	1
3	467	545	1
3	467	547	1
3	467	548	1
3	467	552	1
3	467	553	1
3	467	555	1
3	467	572	1
3	467	576	1
3	467	602	1
3	467	603	1
3	467	615	1
3	467	627	1
3	467	632	1
3	467	648	1
3	467	651	1
3	467	653	1
3	467	669	1
3	467	680	1
3	468	528	1
3	468	566	1
3	468	651	1
3	469	500	1
3	469	507	1
3	469	510	1
3	469	511	1
3	469	513	1
3	469	514	1
3	469	515	1
3	469	516	1
3	469	518	1
3	469	519	1
3	469	520	1
3	469	523	1
3	469	526	1
3	469	529	1
3	469	530	1
3	469	533	1
3	469	538	1
3	469	540	1
3	469	541	1
3	469	542	1
3	469	544	1
3	469	547	1
3	469	548	1
3	469	552	1
3	469	555	1
3	469	558	1
3	469	559	1
3	469	560	1
3	469	565	1
3	469	566	1
3	469	567	1
3	469	569	1
3	469	571	1
3	469	572	1
3	469	580	1
3	469	581	1
3	469	587	1
3	469	589	1
3	469	590	1
3	469	592	1
3	469	594	1
3	469	603	1
3	469	605	1
3	469	606	1
3	469	607	1
3	469	626	1
3	469	632	1
3	469	636	1
3	469	644	1
3	469	645	1
3	469	648	1
3	469	650	1
3	469	651	1
3	469	652	1
3	469	653	1
3	469	656	1
3	469	658	1
3	469	659	1
3	469	664	1
3	469	674	1
3	469	675	1
3	469	676	1
3	469	677	1
3	469	679	1
3	469	680	1
3	469	682	1
3	469	686	1
3	469	688	1
3	469	689	1
3	469	690	1
3	469	691	1
3	469	692	1
3	470	510	1
3	470	515	1
3	470	518	1
3	470	544	1
3	470	552	1
3	470	555	1
3	470	566	1
3	470	567	1
3	470	572	1
3	470	577	1
3	470	595	1
3	470	597	1
3	470	615	1
3	470	621	1
3	470	622	1
3	470	626	1
3	470	627	1
3	470	632	1
3	470	645	1
3	470	648	1
3	470	652	1
3	470	653	1
3	470	669	1
3	470	670	1
3	470	676	1
3	470	679	1
3	470	680	1
3	470	682	1
3	470	686	1
3	470	688	1
3	470	692	1
3	471	507	1
3	471	510	1
3	471	552	1
3	471	553	1
3	471	555	1
3	471	560	1
3	471	572	1
3	471	577	1
3	471	591	1
3	471	597	1
3	471	625	1
3	471	634	1
3	471	638	1
3	471	669	1
3	471	679	1
3	471	680	1
3	471	692	1
3	472	500	1
3	472	507	1
3	472	510	1
3	472	515	1
3	472	516	1
3	472	518	1
3	472	530	1
3	472	533	1
3	472	540	1
3	472	544	1
3	472	553	1
3	472	555	1
3	472	560	1
3	472	570	1
3	472	572	1
3	472	577	1
3	472	597	1
3	472	602	1
3	472	621	1
3	472	626	1
3	472	632	1
3	472	645	1
3	472	651	1
3	472	653	1
3	472	658	1
3	472	659	1
3	472	669	1
3	472	670	1
3	472	672	1
3	472	680	1
3	472	686	1
3	473	500	1
3	473	510	1
3	473	516	1
3	473	518	1
3	473	530	1
3	473	533	1
3	473	540	1
3	473	544	1
3	473	547	1
3	473	555	1
3	473	560	1
3	473	562	1
3	473	566	1
3	473	567	1
3	473	572	1
3	473	577	1
3	473	595	1
3	473	597	1
3	473	602	1
3	473	621	1
3	473	622	1
3	473	626	1
3	473	627	1
3	473	631	1
3	473	632	1
3	473	645	1
3	473	653	1
3	473	658	1
3	473	669	1
3	473	670	1
3	473	672	1
3	473	680	1
3	473	686	1
3	473	688	1
3	473	692	1
3	474	507	1
3	474	510	1
3	474	515	1
3	474	516	1
3	474	530	1
3	474	533	1
3	474	553	1
3	474	555	1
3	474	562	1
3	474	566	1
3	474	567	1
3	474	572	1
3	474	595	1
3	474	597	1
3	474	615	1
3	474	621	1
3	474	622	1
3	474	626	1
3	474	632	1
3	474	645	1
3	474	648	1
3	474	651	1
3	474	653	1
3	474	659	1
3	474	669	1
3	474	670	1
3	474	680	1
3	474	682	1
3	474	686	1
3	474	688	1
3	475	507	1
3	475	516	1
3	475	544	1
3	475	545	1
3	475	547	1
3	475	552	1
3	475	553	1
3	475	555	1
3	475	576	1
3	475	602	1
3	475	603	1
3	475	627	1
3	475	632	1
3	475	651	1
3	475	653	1
3	475	669	1
3	475	679	1
3	475	680	1
3	475	686	1
3	476	602	1
3	476	632	1
3	476	651	1
3	476	669	1
3	477	507	1
3	477	510	1
3	477	533	1
3	477	553	1
3	477	555	1
3	477	560	1
3	477	562	1
3	477	566	1
3	477	572	1
3	477	627	1
3	477	645	1
3	477	651	1
3	477	653	1
3	477	669	1
3	477	675	1
3	477	676	1
3	477	680	1
3	477	692	1
3	478	500	1
3	478	507	1
3	478	510	1
3	478	511	1
3	478	514	1
3	478	515	1
3	478	516	1
3	478	520	1
3	478	522	1
3	478	526	1
3	478	529	1
3	478	530	1
3	478	533	1
3	478	537	1
3	478	538	1
3	478	540	1
3	478	547	1
3	478	552	1
3	478	553	1
3	478	555	1
3	478	558	1
3	478	559	1
3	478	560	1
3	478	562	1
3	478	565	1
3	478	566	1
3	478	568	1
3	478	577	1
3	478	580	1
3	478	590	1
3	478	595	1
3	478	607	1
3	478	622	1
3	478	624	1
3	478	625	1
3	478	626	1
3	478	627	1
3	478	631	1
3	478	632	1
3	478	636	1
3	478	637	1
3	478	644	1
3	478	650	1
3	478	651	1
3	478	652	1
3	478	653	1
3	478	658	1
3	478	669	1
3	478	672	1
3	478	675	1
3	478	676	1
3	478	677	1
3	478	679	1
3	478	680	1
3	478	682	1
3	478	689	1
3	478	690	1
3	478	691	1
3	479	507	1
3	479	515	1
3	479	516	1
3	479	518	1
3	479	533	1
3	479	544	1
3	479	547	1
3	479	553	1
3	479	562	1
3	479	577	1
3	479	615	1
3	479	621	1
3	479	626	1
3	479	627	1
3	479	632	1
3	479	645	1
3	479	669	1
3	479	686	1
3	479	688	1
3	481	507	1
3	481	510	1
3	481	515	1
3	481	516	1
3	481	518	1
3	481	530	1
3	481	533	1
3	481	544	1
3	481	547	1
3	481	552	1
3	481	553	1
3	481	566	1
3	481	572	1
3	481	602	1
3	481	615	1
3	481	621	1
3	481	627	1
3	481	632	1
3	481	645	1
3	481	651	1
3	481	653	1
3	481	679	1
3	481	680	1
3	481	682	1
3	481	688	1
3	482	507	1
3	482	510	1
3	482	515	1
3	482	518	1
3	482	520	1
3	482	530	1
3	482	533	1
3	482	540	1
3	482	544	1
3	482	547	1
3	482	548	1
3	482	555	1
3	482	560	1
3	482	562	1
3	482	572	1
3	482	576	1
3	482	577	1
3	482	602	1
3	482	603	1
3	482	615	1
3	482	621	1
3	482	631	1
3	482	632	1
3	482	648	1
3	482	651	1
3	482	653	1
3	482	658	1
3	482	659	1
3	482	669	1
3	482	676	1
3	482	679	1
3	482	680	1
3	482	682	1
3	482	686	1
3	483	499	1
3	483	507	1
3	483	516	1
3	483	518	1
3	483	520	1
3	483	529	1
3	483	533	1
3	483	540	1
3	483	544	1
3	483	547	1
3	483	552	1
3	483	553	1
3	483	560	1
3	483	562	1
3	483	565	1
3	483	566	1
3	483	567	1
3	483	571	1
3	483	577	1
3	483	591	1
3	483	595	1
3	483	597	1
3	483	606	1
3	483	615	1
3	483	621	1
3	483	625	1
3	483	627	1
3	483	631	1
3	483	632	1
3	483	634	1
3	483	645	1
3	483	648	1
3	483	651	1
3	483	653	1
3	483	658	1
3	483	669	1
3	483	670	1
3	483	674	1
3	483	676	1
3	483	680	1
3	483	682	1
3	483	686	1
3	483	688	1
3	483	692	1
3	484	544	1
3	484	553	1
3	484	627	1
3	484	632	1
3	484	651	1
3	484	653	1
3	484	679	1
3	485	507	1
3	485	516	1
3	485	520	1
3	485	523	1
3	485	529	1
3	485	544	1
3	485	547	1
3	485	552	1
3	485	553	1
3	485	555	1
3	485	581	1
3	485	627	1
3	485	653	1
3	485	658	1
3	485	659	1
3	485	669	1
3	485	676	1
3	485	679	1
3	485	680	1
3	485	691	1
3	485	692	1
3	486	507	1
3	486	520	1
3	486	523	1
3	486	529	1
3	486	544	1
3	486	552	1
3	486	553	1
3	486	555	1
3	486	569	1
3	486	580	1
3	486	581	1
3	486	627	1
3	486	632	1
3	486	653	1
3	486	659	1
3	486	669	1
3	486	679	1
3	486	680	1
3	486	691	1
3	486	692	1
3	487	507	1
3	487	516	1
3	487	523	1
3	487	552	1
3	487	555	1
3	487	569	1
3	487	580	1
3	487	627	1
3	487	632	1
3	487	653	1
3	487	658	1
3	487	676	1
3	487	679	1
3	487	680	1
3	487	692	1
3	488	507	1
3	488	510	1
3	488	511	1
3	488	515	1
3	488	516	1
3	488	519	1
3	488	526	1
3	488	529	1
3	488	533	1
3	488	537	1
3	488	538	1
3	488	547	1
3	488	552	1
3	488	553	1
3	488	554	1
3	488	555	1
3	488	558	1
3	488	559	1
3	488	565	1
3	488	566	1
3	488	568	1
3	488	572	1
3	488	590	1
3	488	591	1
3	488	594	1
3	488	603	1
3	488	606	1
3	488	607	1
3	488	624	1
3	488	626	1
3	488	627	1
3	488	636	1
3	488	637	1
3	488	644	1
3	488	651	1
3	488	652	1
3	488	658	1
3	488	659	1
3	488	676	1
3	488	680	1
3	488	682	1
3	488	688	1
3	488	692	1
3	489	510	1
3	489	515	1
3	489	516	1
3	489	518	1
3	489	520	1
3	489	530	1
3	489	533	1
3	489	544	1
3	489	545	1
3	489	547	1
3	489	548	1
3	489	552	1
3	489	553	1
3	489	555	1
3	489	560	1
3	489	562	1
3	489	572	1
3	489	577	1
3	489	595	1
3	489	602	1
3	489	603	1
3	489	615	1
3	489	627	1
3	489	631	1
3	489	632	1
3	489	645	1
3	489	648	1
3	489	651	1
3	489	653	1
3	489	658	1
3	489	659	1
3	489	670	1
3	489	676	1
3	489	680	1
3	489	686	1
3	489	688	1
3	490	507	1
3	490	510	1
3	490	515	1
3	490	518	1
3	490	530	1
3	490	533	1
3	490	544	1
3	490	552	1
3	490	553	1
3	490	555	1
3	490	560	1
3	490	562	1
3	490	566	1
3	490	572	1
3	490	591	1
3	490	597	1
3	490	615	1
3	490	621	1
3	490	625	1
3	490	638	1
3	490	651	1
3	490	679	1
3	490	680	1
3	490	682	1
3	490	686	1
3	491	499	1
3	491	510	1
3	491	515	1
3	491	518	1
3	491	520	1
3	491	528	1
3	491	530	1
3	491	533	1
3	491	537	1
3	491	540	1
3	491	544	1
3	491	547	1
3	491	552	1
3	491	553	1
3	491	555	1
3	491	558	1
3	491	562	1
3	491	566	1
3	491	567	1
3	491	569	1
3	491	571	1
3	491	591	1
3	491	595	1
3	491	602	1
3	491	606	1
3	491	615	1
3	491	621	1
3	491	627	1
3	491	631	1
3	491	632	1
3	491	634	1
3	491	636	1
3	491	638	1
3	491	648	1
3	491	651	1
3	491	653	1
3	491	658	1
3	491	659	1
3	491	669	1
3	491	674	1
3	491	676	1
3	491	679	1
3	491	680	1
3	491	686	1
3	491	688	1
3	478	649	0
3	38	566	0
3	488	587	0
3	274	646	0
3	288	678	0
3	164	686	0
3	270	504	0
3	461	492	0
3	283	610	0
3	400	546	0
3	105	597	0
3	174	640	0
3	132	501	0
3	314	664	0
3	421	494	0
3	182	539	0
3	478	661	0
3	91	529	0
3	157	600	0
3	353	660	0
3	411	663	0
3	355	499	0
3	6	617	0
3	287	650	0
3	425	691	0
3	9	599	0
3	293	592	0
3	449	549	0
3	104	582	0
3	207	685	0
3	29	665	0
3	91	621	0
3	257	637	0
3	389	561	0
3	177	502	0
3	51	659	0
3	180	571	0
3	163	563	0
3	418	672	0
3	455	558	0
3	153	540	0
3	337	509	0
3	277	561	0
3	148	528	0
3	33	556	0
3	265	540	0
3	428	529	0
3	240	616	0
3	429	524	0
3	392	611	0
3	348	521	0
3	58	672	0
3	388	684	0
3	148	584	0
3	10	619	0
3	417	630	0
3	194	495	0
3	116	559	0
3	363	527	0
3	364	554	0
3	126	667	0
3	86	666	0
3	466	494	0
3	170	618	0
3	309	566	0
3	370	610	0
3	454	557	0
3	406	497	0
3	51	612	0
3	398	664	0
3	366	528	0
3	406	674	0
3	164	661	0
3	209	494	0
3	130	501	0
3	181	541	0
3	344	580	0
3	447	534	0
3	451	580	0
3	67	557	0
3	236	564	0
3	205	592	0
3	187	606	0
3	280	577	0
3	416	658	0
3	107	636	0
3	60	663	0
3	472	630	0
3	343	684	0
3	156	534	0
3	134	514	0
3	451	528	0
3	425	598	0
3	162	503	0
3	471	505	0
3	385	551	0
3	109	605	0
3	168	499	0
3	306	556	0
3	488	576	0
3	313	506	0
3	205	611	0
3	33	655	0
3	138	540	0
3	333	511	0
3	489	635	0
3	332	683	0
3	276	661	0
3	11	613	0
3	173	562	0
3	109	629	0
3	94	557	0
3	208	690	0
3	236	657	0
3	115	591	0
3	138	511	0
3	380	596	0
3	182	661	0
3	296	685	0
3	140	593	0
3	173	564	0
3	313	503	0
3	301	505	0
3	213	604	0
3	260	565	0
3	432	511	0
3	127	632	0
3	137	672	0
3	78	589	0
3	485	606	0
3	155	534	0
3	330	643	0
3	475	675	0
3	475	520	0
3	127	546	0
3	236	593	0
3	410	612	0
3	109	599	0
3	396	557	0
3	476	546	0
3	319	564	0
3	362	598	0
3	385	687	0
3	273	643	0
3	257	598	0
3	76	502	0
3	313	614	0
3	137	649	0
3	312	648	0
3	336	529	0
3	238	547	0
3	54	517	0
3	7	633	0
3	21	564	0
3	197	554	0
3	142	687	0
3	162	568	0
3	16	601	0
3	317	594	0
3	126	539	0
3	402	688	0
3	333	592	0
3	87	615	0
3	185	632	0
3	133	644	0
3	43	509	0
3	85	613	0
3	406	528	0
3	259	495	0
3	42	531	0
3	38	681	0
3	236	538	0
3	405	613	0
3	408	586	0
3	380	633	0
3	291	525	0
3	337	630	0
3	380	668	0
3	54	539	0
3	142	607	0
3	25	666	0
3	101	591	0
3	172	529	0
3	231	689	0
3	228	608	0
3	365	591	0
3	0	557	0
3	210	581	0
3	370	580	0
3	409	523	0
3	350	564	0
3	283	506	0
3	313	671	0
3	371	535	0
3	74	592	0
3	169	600	0
3	376	665	0
3	168	675	0
3	3	509	0
3	104	649	0
3	318	605	0
3	325	498	0
3	45	492	0
3	488	584	0
3	301	588	0
3	37	660	0
3	395	525	0
3	134	627	0
3	461	517	0
3	163	497	0
3	427	599	0
3	261	574	0
3	387	518	0
3	24	602	0
3	241	593	0
3	456	509	0
3	90	536	0
3	201	514	0
3	253	597	0
3	416	682	0
3	92	675	0
3	275	603	0
3	300	630	0
3	125	608	0
3	482	569	0
3	359	650	0
3	109	664	0
3	188	641	0
3	464	517	0
3	387	656	0
3	21	582	0
3	380	658	0
3	74	662	0
3	171	675	0
3	243	551	0
3	342	569	0
3	216	550	0
3	265	579	0
3	122	650	0
3	129	556	0
3	373	551	0
3	308	549	0
3	422	595	0
3	294	598	0
3	97	639	0
3	405	549	0
3	39	532	0
3	195	660	0
3	179	492	0
3	124	612	0
3	137	579	0
3	478	571	0
3	119	584	0
3	126	614	0
3	121	580	0
3	7	548	0
3	29	593	0
3	353	531	0
3	430	578	0
3	187	557	0
3	238	637	0
3	76	656	0
3	230	499	0
3	228	650	0
3	248	577	0
3	102	551	0
3	303	567	0
3	362	612	0
3	438	643	0
3	1	514	0
3	7	671	0
3	490	612	0
3	214	629	0
3	122	549	0
3	224	671	0
3	187	585	0
3	341	664	0
3	143	521	0
3	218	559	0
3	273	506	0
3	234	662	0
3	479	492	0
3	116	628	0
3	244	541	0
3	27	570	0
3	126	666	0
3	261	674	0
3	248	628	0
3	86	640	0
3	308	684	0
3	422	660	0
3	210	647	0
3	410	543	0
3	228	517	0
3	171	514	0
3	24	669	0
3	204	656	0
3	218	667	0
3	137	634	0
3	305	689	0
3	305	643	0
3	232	640	0
3	360	559	0
3	186	593	0
3	269	570	0
3	66	499	0
3	39	585	0
3	248	631	0
3	220	624	0
3	34	556	0
3	152	683	0
3	351	503	0
3	386	665	0
3	129	677	0
3	34	633	0
3	421	565	0
3	308	504	0
3	287	504	0
3	147	495	0
3	9	647	0
3	448	545	0
3	245	644	0
3	455	559	0
3	177	518	0
3	480	681	0
3	283	607	0
3	436	613	0
3	222	564	0
3	146	627	0
3	219	631	0
3	320	671	0
3	230	501	0
3	294	505	0
3	250	663	0
3	245	627	0
3	258	501	0
3	334	641	0
3	239	683	0
3	372	596	0
3	471	668	0
3	473	634	0
3	472	603	0
3	419	593	0
3	375	691	0
3	274	620	0
3	264	685	0
3	320	498	0
3	398	504	0
3	247	629	0
3	351	558	0
3	434	632	0
3	344	617	0
3	283	633	0
3	44	514	0
3	406	526	0
3	110	582	0
3	291	587	0
3	38	643	0
3	427	499	0
3	333	548	0
3	420	497	0
3	219	594	0
3	26	619	0
3	66	640	0
3	57	536	0
3	318	637	0
3	383	633	0
3	362	529	0
3	366	686	0
3	425	664	0
3	296	637	0
3	176	506	0
3	44	551	0
3	437	671	0
3	105	594	0
3	351	649	0
3	19	661	0
3	87	627	0
3	446	641	0
3	468	667	0
3	352	499	0
3	202	532	0
3	174	646	0
3	281	542	0
3	67	692	0
3	84	663	0
3	225	522	0
3	280	572	0
3	472	561	0
3	356	660	0
3	172	684	0
3	156	509	0
3	41	691	0
3	241	534	0
3	211	658	0
3	212	661	0
3	269	540	0
3	213	617	0
3	183	670	0
3	148	594	0
3	450	644	0
3	80	526	0
3	147	601	0
3	85	670	0
3	97	497	0
3	280	639	0
3	141	593	0
3	328	639	0
3	259	596	0
3	169	552	0
3	105	592	0
3	395	608	0
3	19	630	0
3	391	545	0
3	282	573	0
3	179	625	0
3	189	498	0
3	177	633	0
3	299	523	0
3	445	543	0
3	231	638	0
3	306	529	0
3	46	494	0
3	379	532	0
3	215	586	0
3	241	512	0
3	342	539	0
3	94	673	0
3	461	537	0
3	133	570	0
3	306	658	0
3	355	600	0
3	258	583	0
3	420	687	0
3	321	643	0
3	42	500	0
3	295	550	0
3	89	629	0
3	294	672	0
3	329	607	0
3	353	573	0
3	128	568	0
3	424	618	0
3	424	670	0
3	202	522	0
3	311	671	0
3	431	521	0
3	49	497	0
3	315	582	0
3	76	623	0
3	43	658	0
3	467	514	0
3	49	643	0
3	90	683	0
3	64	517	0
3	352	504	0
3	138	551	0
3	309	534	0
3	96	508	0
3	240	674	0
3	109	660	0
3	429	661	0
3	163	677	0
3	207	619	0
3	393	545	0
3	310	683	0
3	40	634	0
3	34	511	0
3	406	506	0
3	487	541	0
3	91	564	0
3	188	528	0
3	114	524	0
3	441	619	0
3	8	496	0
3	99	672	0
3	260	590	0
3	92	555	0
3	221	688	0
3	305	565	0
3	46	493	0
3	209	646	0
3	3	582	0
3	409	629	0
3	230	648	0
3	426	649	0
3	135	514	0
3	159	638	0
3	477	580	0
3	231	528	0
3	194	497	0
3	133	568	0
3	468	601	0
3	181	532	0
3	36	657	0
3	406	596	0
3	162	671	0
3	470	549	0
3	421	643	0
3	205	608	0
3	9	585	0
3	4	517	0
3	325	516	0
3	33	612	0
3	356	631	0
3	119	658	0
3	77	659	0
3	380	630	0
3	291	684	0
3	143	549	0
3	401	515	0
3	87	614	0
3	29	584	0
3	466	676	0
3	18	629	0
3	73	519	0
3	306	549	0
3	413	635	0
3	230	691	0
3	372	598	0
3	372	592	0
3	357	570	0
3	246	496	0
3	73	584	0
3	100	561	0
3	125	561	0
3	119	573	0
3	5	545	0
3	332	676	0
3	28	620	0
3	17	612	0
3	341	662	0
3	160	690	0
3	105	619	0
3	315	561	0
3	79	498	0
3	232	650	0
3	266	592	0
3	175	677	0
3	347	550	0
3	266	655	0
3	112	632	0
3	337	549	0
3	85	646	0
3	422	574	0
3	340	573	0
3	217	604	0
3	121	563	0
3	448	637	0
3	267	592	0
3	395	529	0
3	228	585	0
3	385	640	0
3	428	685	0
3	247	683	0
3	311	658	0
3	146	512	0
3	293	541	0
3	421	549	0
3	354	505	0
3	155	528	0
3	378	514	0
3	437	612	0
3	109	560	0
3	477	658	0
3	41	625	0
3	317	603	0
3	207	542	0
3	122	692	0
3	479	633	0
3	478	587	0
3	150	574	0
3	397	596	0
3	70	691	0
3	296	678	0
3	317	519	0
3	100	643	0
3	425	643	0
3	149	649	0
3	321	588	0
3	63	548	0
3	89	509	0
3	106	614	0
3	144	663	0
3	471	656	0
3	262	620	0
3	385	509	0
3	343	535	0
3	61	621	0
3	112	531	0
3	438	502	0
3	228	503	0
3	104	620	0
3	326	565	0
3	165	587	0
3	471	499	0
3	164	624	0
3	152	590	0
3	403	640	0
3	404	576	0
3	197	570	0
3	228	621	0
3	85	648	0
3	464	593	0
3	370	616	0
3	51	686	0
3	440	582	0
3	187	592	0
3	169	643	0
3	392	597	0
3	94	565	0
3	345	668	0
3	467	677	0
3	170	687	0
3	403	597	0
3	346	543	0
3	312	671	0
3	419	508	0
3	435	654	0
3	460	546	0
3	198	598	0
3	315	560	0
3	39	549	0
3	284	504	0
3	420	586	0
3	414	533	0
3	291	619	0
3	402	535	0
3	127	492	0
3	108	512	0
3	256	673	0
3	264	592	0
3	83	638	0
3	157	517	0
3	241	685	0
3	350	525	0
3	375	601	0
3	51	492	0
3	347	509	0
3	258	517	0
3	47	568	0
3	443	590	0
3	360	496	0
3	272	623	0
3	213	670	0
3	388	597	0
3	180	560	0
3	323	638	0
3	117	570	0
3	257	676	0
3	468	498	0
3	133	506	0
3	126	612	0
3	379	678	0
3	148	692	0
3	148	655	0
3	375	630	0
3	344	588	0
3	362	505	0
3	268	683	0
3	88	629	0
3	377	509	0
3	151	636	0
3	30	614	0
3	38	521	0
3	398	517	0
3	223	603	0
3	413	508	0
3	321	495	0
3	68	645	0
3	455	580	0
3	440	684	0
3	349	617	0
3	462	570	0
3	346	557	0
3	455	510	0
3	168	646	0
3	428	671	0
3	478	599	0
3	305	611	0
3	389	623	0
3	248	658	0
3	108	499	0
3	282	622	0
3	387	676	0
3	68	618	0
3	30	660	0
3	185	674	0
3	342	675	0
3	388	660	0
3	65	634	0
3	318	550	0
3	327	638	0
3	105	588	0
3	148	587	0
3	76	563	0
3	277	512	0
3	265	662	0
3	435	501	0
3	101	522	0
3	165	588	0
3	257	690	0
3	198	682	0
3	174	670	0
3	389	536	0
3	133	583	0
3	368	493	0
3	364	674	0
3	338	574	0
3	322	632	0
3	330	608	0
3	485	506	0
3	217	682	0
3	26	623	0
3	204	650	0
3	288	568	0
3	300	504	0
3	185	622	0
3	311	556	0
3	241	523	0
3	6	557	0
3	221	571	0
3	257	494	0
3	391	667	0
3	85	676	0
3	36	691	0
3	311	592	0
3	463	545	0
3	37	540	0
3	465	642	0
3	389	533	0
3	332	538	0
3	145	665	0
3	130	506	0
3	224	634	0
3	135	517	0
3	484	533	0
3	356	613	0
3	279	496	0
3	120	573	0
3	409	549	0
3	359	549	0
3	156	514	0
3	294	494	0
3	64	580	0
3	408	676	0
3	70	584	0
3	2	671	0
3	119	522	0
3	228	518	0
3	387	580	0
3	247	666	0
3	126	618	0
3	284	563	0
3	71	551	0
3	283	616	0
3	37	658	0
3	73	641	0
3	100	611	0
3	76	535	0
3	439	689	0
3	418	536	0
3	142	556	0
3	157	641	0
3	366	633	0
3	450	517	0
3	180	599	0
3	178	685	0
3	445	601	0
3	445	650	0
3	360	506	0
3	180	493	0
3	262	503	0
3	181	578	0
3	196	587	0
3	142	508	0
3	276	656	0
3	77	638	0
3	83	642	0
3	169	506	0
3	430	638	0
3	414	623	0
3	474	592	0
3	292	498	0
3	293	508	0
3	223	602	0
3	377	600	0
3	266	583	0
3	31	524	0
3	39	662	0
3	32	527	0
3	277	586	0
3	320	677	0
3	243	519	0
3	376	636	0
3	167	562	0
3	231	633	0
3	1	543	0
3	290	683	0
3	380	572	0
3	103	642	0
3	358	536	0
3	168	617	0
3	210	630	0
3	334	575	0
3	7	586	0
3	390	604	0
3	302	549	0
3	380	538	0
3	410	589	0
3	403	571	0
3	230	611	0
3	484	655	0
3	339	609	0
3	188	526	0
3	211	594	0
3	269	566	0
3	6	667	0
3	130	558	0
3	44	629	0
3	263	520	0
3	180	640	0
3	111	575	0
3	221	626	0
3	273	575	0
3	135	612	0
3	54	667	0
3	343	527	0
3	336	663	0
3	275	519	0
3	224	567	0
3	179	564	0
3	476	498	0
3	201	523	0
3	183	536	0
3	112	515	0
3	465	639	0
3	134	691	0
3	342	661	0
3	47	623	0
3	21	610	0
3	226	562	0
3	375	649	0
3	445	664	0
3	130	498	0
3	245	675	0
3	202	506	0
3	415	522	0
3	360	675	0
3	482	599	0
3	183	620	0
3	400	511	0
3	387	689	0
3	137	521	0
3	106	640	0
3	189	633	0
3	200	634	0
3	219	502	0
3	280	604	0
3	278	550	0
3	469	684	0
3	143	611	0
3	220	635	0
3	15	584	0
3	225	647	0
3	351	619	0
3	433	590	0
3	147	576	0
3	296	619	0
3	283	600	0
3	282	545	0
3	65	675	0
3	340	637	0
3	287	636	0
3	327	645	0
3	346	509	0
3	277	587	0
3	144	656	0
3	341	547	0
3	406	604	0
3	145	664	0
3	317	615	0
3	352	622	0
3	366	512	0
3	11	520	0
3	230	660	0
3	216	574	0
3	299	678	0
3	79	552	0
3	467	676	0
3	270	568	0
3	414	563	0
3	487	505	0
3	419	604	0
3	346	661	0
3	245	558	0
3	391	542	0
3	51	503	0
3	354	640	0
3	348	578	0
3	374	508	0
3	410	592	0
3	432	543	0
3	53	519	0
3	243	619	0
3	415	538	0
3	165	591	0
3	231	600	0
3	472	494	0
3	313	659	0
3	304	492	0
3	289	549	0
3	64	558	0
3	189	531	0
3	487	536	0
3	385	528	0
3	172	614	0
3	294	588	0
3	122	492	0
3	271	542	0
3	152	573	0
3	248	692	0
3	134	689	0
3	338	582	0
3	411	541	0
3	187	635	0
3	77	602	0
3	254	683	0
3	224	683	0
3	91	682	0
3	57	614	0
3	345	539	0
3	424	666	0
3	387	583	0
3	58	660	0
3	88	589	0
3	207	508	0
3	485	635	0
3	439	542	0
3	402	588	0
3	69	557	0
3	4	497	0
3	335	612	0
3	224	541	0
3	485	525	0
3	385	670	0
3	204	617	0
3	216	649	0
3	61	628	0
3	276	690	0
3	221	531	0
3	48	636	0
3	158	679	0
3	153	663	0
3	182	541	0
3	9	531	0
3	189	628	0
3	454	692	0
3	299	520	0
3	300	588	0
3	113	573	0
3	300	539	0
3	155	562	0
3	154	689	0
3	351	668	0
3	442	633	0
3	281	670	0
3	169	596	0
3	405	501	0
3	147	647	0
3	140	643	0
3	449	508	0
3	146	538	0
3	315	668	0
3	40	538	0
3	140	532	0
3	324	575	0
3	91	597	0
3	449	569	0
3	67	679	0
3	91	548	0
3	221	561	0
3	69	499	0
3	195	622	0
3	148	538	0
3	412	616	0
3	41	529	0
3	157	595	0
3	54	691	0
3	140	619	0
3	108	646	0
3	21	542	0
3	215	517	0
3	407	631	0
3	301	622	0
3	319	688	0
3	281	511	0
3	177	543	0
3	450	647	0
3	388	512	0
3	326	685	0
3	356	509	0
3	471	631	0
3	334	561	0
3	3	689	0
3	292	611	0
3	180	666	0
3	391	527	0
3	53	523	0
3	153	537	0
3	236	637	0
3	425	556	0
3	222	634	0
3	157	535	0
3	156	505	0
3	124	660	0
3	315	546	0
3	135	531	0
3	142	579	0
3	166	546	0
3	2	666	0
3	235	634	0
3	402	658	0
3	156	559	0
3	332	592	0
3	298	663	0
3	319	573	0
3	386	556	0
3	73	504	0
3	359	525	0
3	408	671	0
3	3	528	0
3	10	667	0
3	162	657	0
3	369	563	0
3	387	667	0
3	138	561	0
3	379	672	0
3	10	643	0
3	9	554	0
3	396	673	0
3	290	638	0
3	268	502	0
3	66	508	0
3	152	641	0
3	210	506	0
3	81	630	0
3	36	552	0
3	352	525	0
3	28	668	0
3	4	509	0
3	380	634	0
3	37	590	0
3	261	509	0
3	304	644	0
3	486	576	0
3	137	628	0
3	77	590	0
3	286	599	0
3	307	667	0
3	324	629	0
3	404	678	0
3	400	663	0
3	324	592	0
3	287	536	0
3	476	645	0
3	397	565	0
3	164	592	0
3	403	506	0
3	24	597	0
3	161	519	0
3	371	508	0
3	403	517	0
3	429	609	0
3	447	568	0
3	232	671	0
3	185	621	0
3	346	647	0
3	79	620	0
3	148	595	0
3	470	628	0
3	362	522	0
3	490	689	0
3	93	510	0
3	119	509	0
3	298	612	0
3	300	644	0
3	169	543	0
3	396	543	0
3	298	585	0
3	393	548	0
3	360	527	0
3	329	534	0
3	262	622	0
3	341	503	0
3	262	578	0
3	36	620	0
3	47	535	0
3	322	536	0
3	139	576	0
3	184	598	0
3	233	588	0
3	270	678	0
3	419	618	0
3	202	550	0
3	235	574	0
3	152	690	0
3	357	554	0
3	346	653	0
3	469	543	0
3	400	540	0
3	85	556	0
3	142	610	0
3	222	567	0
3	336	540	0
3	193	499	0
3	161	677	0
3	128	591	0
3	53	540	0
3	237	682	0
3	357	634	0
3	364	607	0
3	129	656	0
3	182	664	0
3	282	667	0
3	336	676	0
3	53	630	0
3	328	598	0
3	334	681	0
3	94	572	0
3	116	550	0
3	453	629	0
3	429	650	0
3	0	689	0
3	56	665	0
3	360	591	0
3	302	519	0
3	385	614	0
3	154	494	0
3	227	690	0
3	441	539	0
3	101	518	0
3	129	600	0
3	295	614	0
3	401	514	0
3	127	591	0
3	479	598	0
3	204	519	0
3	346	594	0
3	392	670	0
3	65	611	0
3	369	646	0
3	431	536	0
3	296	639	0
3	176	617	0
3	109	528	0
3	269	672	0
3	262	668	0
3	82	591	0
3	259	637	0
3	487	518	0
3	211	511	0
3	286	568	0
3	53	587	0
3	388	501	0
3	331	508	0
3	428	667	0
3	310	679	0
3	216	530	0
3	4	575	0
3	135	519	0
3	327	519	0
3	452	655	0
3	442	582	0
3	97	526	0
3	216	595	0
3	199	670	0
3	51	607	0
3	166	531	0
3	329	612	0
3	349	610	0
3	420	646	0
3	4	544	0
3	479	623	0
3	199	548	0
3	407	559	0
3	123	519	0
3	452	612	0
3	307	554	0
3	463	531	0
3	12	532	0
3	203	687	0
3	322	639	0
3	427	677	0
3	475	690	0
3	284	641	0
3	69	528	0
3	452	600	0
3	239	575	0
3	380	686	0
3	396	666	0
3	102	524	0
3	447	539	0
3	307	683	0
3	255	561	0
3	189	508	0
3	282	522	0
3	395	513	0
3	408	528	0
3	344	590	0
3	278	584	0
3	339	605	0
3	470	650	0
3	186	691	0
3	30	588	0
3	364	538	0
3	220	660	0
3	384	568	0
3	269	683	0
3	339	664	0
3	351	577	0
3	256	670	0
3	389	673	0
3	322	677	0
3	316	621	0
3	289	524	0
3	113	605	0
3	255	690	0
3	54	509	0
3	392	593	0
3	112	545	0
3	174	611	0
3	237	528	0
3	323	604	0
3	266	496	0
3	18	541	0
3	364	646	0
3	75	514	0
3	342	586	0
3	418	583	0
3	243	527	0
3	284	529	0
3	151	663	0
3	406	583	0
3	447	537	0
3	146	580	0
3	252	527	0
3	322	658	0
3	395	624	0
3	115	571	0
3	302	692	0
3	280	583	0
3	180	685	0
3	470	605	0
3	71	646	0
3	350	655	0
3	441	662	0
3	439	643	0
3	333	492	0
3	61	657	0
3	45	608	0
3	366	539	0
3	342	506	0
3	426	633	0
3	196	588	0
3	273	628	0
3	132	492	0
3	439	574	0
3	104	505	0
3	424	643	0
3	459	608	0
3	355	550	0
3	221	498	0
3	60	537	0
3	275	685	0
3	119	501	0
3	171	604	0
3	294	609	0
3	179	505	0
3	253	614	0
3	410	584	0
3	457	555	0
3	313	608	0
3	463	633	0
3	242	608	0
3	309	617	0
3	189	535	0
3	429	673	0
3	122	539	0
3	471	617	0
3	349	549	0
3	409	627	0
3	387	556	0
3	117	633	0
3	29	682	0
3	381	609	0
3	477	614	0
3	124	550	0
3	403	567	0
3	337	606	0
3	383	495	0
3	28	524	0
3	190	494	0
3	168	575	0
3	202	607	0
3	472	667	0
3	291	584	0
3	429	525	0
3	151	623	0
3	93	537	0
3	320	602	0
3	321	654	0
3	221	524	0
3	271	558	0
3	364	678	0
3	48	529	0
3	82	563	0
3	458	542	0
3	47	633	0
3	158	541	0
3	114	639	0
3	489	539	0
3	120	625	0
3	345	638	0
3	168	513	0
3	394	651	0
3	58	688	0
3	276	581	0
3	278	551	0
3	386	575	0
3	157	547	0
3	175	525	0
3	407	534	0
3	341	540	0
3	225	691	0
3	233	518	0
3	173	593	0
3	58	629	0
3	104	684	0
3	243	634	0
3	51	625	0
3	129	531	0
3	47	617	0
3	93	597	0
3	320	586	0
3	84	505	0
3	63	593	0
3	388	568	0
3	265	529	0
3	18	689	0
3	457	586	0
3	363	524	0
3	53	597	0
3	269	556	0
3	407	599	0
3	105	551	0
3	153	583	0
3	378	619	0
3	53	614	0
3	218	538	0
3	293	641	0
3	263	618	0
3	329	606	0
3	86	650	0
3	265	620	0
3	429	610	0
3	65	609	0
3	479	620	0
3	165	543	0
3	28	640	0
3	179	587	0
3	236	612	0
3	118	588	0
3	278	525	0
3	336	677	0
3	87	643	0
3	462	691	0
3	328	542	0
3	243	656	0
3	395	630	0
3	208	566	0
3	348	646	0
3	164	689	0
3	54	666	0
3	341	615	0
3	63	613	0
3	443	521	0
3	207	496	0
3	410	692	0
3	303	505	0
3	208	661	0
3	398	531	0
3	178	505	0
3	108	498	0
3	443	571	0
3	27	672	0
3	263	545	0
3	19	635	0
3	445	652	0
3	212	620	0
3	388	655	0
3	221	623	0
3	148	519	0
3	185	569	0
3	7	648	0
3	253	610	0
3	162	635	0
3	92	494	0
3	354	637	0
3	41	647	0
3	440	664	0
3	137	673	0
3	429	536	0
3	485	675	0
3	353	650	0
3	327	541	0
3	134	496	0
3	174	607	0
3	169	513	0
3	328	660	0
3	436	642	0
3	142	576	0
3	212	619	0
3	273	636	0
3	216	613	0
3	2	551	0
3	195	569	0
3	415	656	0
3	435	505	0
3	302	582	0
3	36	643	0
3	139	569	0
3	445	595	0
3	87	527	0
3	163	538	0
3	25	541	0
3	480	549	0
3	437	595	0
3	449	661	0
3	17	674	0
3	83	534	0
3	110	532	0
3	146	658	0
3	372	614	0
3	49	609	0
3	335	566	0
3	272	492	0
3	284	501	0
3	172	543	0
3	299	650	0
3	477	677	0
3	425	599	0
3	447	691	0
3	348	559	0
3	171	501	0
3	227	497	0
3	324	526	0
3	45	581	0
3	170	540	0
3	444	594	0
3	275	499	0
3	53	628	0
3	183	654	0
3	268	526	0
3	291	674	0
3	153	550	0
3	407	517	0
3	474	519	0
3	116	570	0
3	181	586	0
3	473	646	0
3	15	656	0
3	27	497	0
3	261	493	0
3	379	607	0
3	25	655	0
3	98	667	0
3	220	686	0
3	438	559	0
3	13	634	0
3	284	656	0
3	21	609	0
3	158	520	0
3	99	586	0
3	379	567	0
3	288	527	0
3	372	558	0
3	91	494	0
3	98	539	0
3	262	603	0
3	26	684	0
3	283	677	0
3	464	672	0
3	172	675	0
3	82	670	0
3	410	501	0
3	137	606	0
3	246	549	0
3	347	540	0
3	130	598	0
3	203	589	0
3	459	605	0
3	126	616	0
3	406	687	0
3	264	574	0
3	198	514	0
3	365	618	0
3	341	601	0
3	165	687	0
3	105	503	0
3	289	556	0
3	1	494	0
3	272	657	0
3	103	528	0
3	280	514	0
3	481	526	0
3	339	556	0
3	376	649	0
3	438	661	0
3	390	586	0
3	64	499	0
3	392	503	0
3	189	683	0
3	405	625	0
3	137	528	0
3	74	690	0
3	71	598	0
3	332	534	0
3	428	571	0
3	374	691	0
3	243	575	0
3	467	626	0
3	104	502	0
3	414	647	0
3	188	661	0
3	304	594	0
3	42	664	0
3	63	539	0
3	196	644	0
3	92	533	0
3	241	641	0
3	118	524	0
3	137	691	0
3	451	647	0
3	387	600	0
3	158	597	0
3	196	602	0
3	218	614	0
3	213	536	0
3	476	575	0
3	345	506	0
3	433	586	0
3	343	511	0
3	305	647	0
3	283	526	0
3	142	559	0
3	96	585	0
3	110	508	0
3	192	539	0
3	94	671	0
3	438	520	0
3	316	608	0
3	436	501	0
3	488	580	0
3	114	504	0
3	259	587	0
3	2	518	0
3	401	613	0
3	135	649	0
3	195	653	0
3	312	645	0
3	411	683	0
3	403	691	0
3	154	591	0
3	64	560	0
3	218	663	0
3	72	607	0
3	405	690	0
3	20	524	0
3	50	612	0
3	35	584	0
3	327	546	0
3	182	685	0
3	476	677	0
3	206	662	0
3	164	674	0
3	245	500	0
3	451	675	0
3	68	578	0
3	29	608	0
3	7	627	0
3	207	497	0
3	197	516	0
3	324	630	0
3	350	503	0
3	48	665	0
3	295	607	0
3	224	624	0
3	458	661	0
3	439	609	0
3	37	692	0
3	4	541	0
3	416	677	0
3	306	523	0
3	141	649	0
3	151	506	0
3	325	686	0
3	272	532	0
3	280	606	0
3	327	680	0
3	402	611	0
3	164	509	0
3	197	527	0
3	330	619	0
3	485	557	0
3	376	569	0
3	46	497	0
3	370	493	0
3	163	600	0
3	418	567	0
3	98	656	0
3	96	683	0
3	110	603	0
3	67	676	0
3	32	579	0
3	205	579	0
3	84	632	0
3	166	525	0
3	97	673	0
3	434	686	0
3	395	548	0
3	190	650	0
3	423	671	0
3	151	498	0
3	396	630	0
3	40	568	0
3	411	557	0
3	213	619	0
3	58	678	0
3	65	641	0
3	220	670	0
3	474	524	0
3	293	661	0
3	149	498	0
3	303	668	0
3	304	500	0
3	53	654	0
3	243	561	0
3	328	648	0
3	281	508	0
3	482	588	0
3	373	565	0
3	244	649	0
3	398	579	0
3	170	566	0
3	317	538	0
3	275	639	0
3	115	626	0
3	426	628	0
3	40	664	0
3	446	613	0
3	112	658	0
3	293	496	0
3	302	530	0
3	329	531	0
3	256	513	0
3	125	690	0
3	137	684	0
3	326	501	0
3	268	509	0
3	344	534	0
3	105	575	0
3	306	605	0
3	56	601	0
3	468	628	0
3	407	542	0
3	289	610	0
3	43	524	0
3	380	559	0
3	222	537	0
3	385	514	0
3	210	638	0
3	51	560	0
3	419	620	0
3	456	620	0
3	251	588	0
3	180	506	0
3	77	565	0
3	357	617	0
3	391	590	0
3	176	575	0
3	380	646	0
3	31	514	0
3	298	582	0
3	228	648	0
3	170	570	0
3	98	536	0
3	100	567	0
3	148	610	0
3	55	667	0
3	109	601	0
3	300	547	0
3	422	528	0
3	306	493	0
3	322	613	0
3	162	499	0
3	59	634	0
3	275	589	0
3	207	519	0
3	430	513	0
3	424	525	0
3	228	622	0
3	15	646	0
3	176	628	0
3	306	675	0
3	195	684	0
3	133	600	0
3	298	601	0
3	153	561	0
3	13	643	0
3	320	646	0
3	229	493	0
3	99	505	0
3	442	588	0
3	396	610	0
3	267	503	0
3	13	640	0
3	62	674	0
3	439	539	0
3	81	684	0
3	325	667	0
3	427	650	0
3	291	551	0
3	368	531	0
3	15	503	0
3	9	511	0
3	435	683	0
3	371	582	0
3	251	621	0
3	208	503	0
3	104	685	0
3	302	648	0
3	250	519	0
3	255	567	0
3	285	619	0
3	206	499	0
3	199	519	0
3	80	641	0
3	307	657	0
3	43	584	0
3	76	589	0
3	293	598	0
3	97	657	0
3	304	659	0
3	247	633	0
3	98	660	0
3	24	552	0
3	241	683	0
3	346	505	0
3	358	506	0
3	194	606	0
3	20	646	0
3	140	564	0
3	453	648	0
3	71	538	0
3	479	510	0
3	135	684	0
3	77	598	0
3	464	594	0
3	196	540	0
3	314	525	0
3	100	664	0
3	477	689	0
3	13	509	0
3	148	567	0
3	400	641	0
3	211	673	0
3	203	581	0
3	482	672	0
3	169	646	0
3	322	502	0
3	328	626	0
3	151	667	0
3	326	562	0
3	121	657	0
3	225	527	0
3	249	649	0
3	88	624	0
3	361	579	0
3	119	597	0
3	332	558	0
3	374	678	0
3	422	542	0
3	166	600	0
3	381	616	0
3	437	633	0
3	157	527	0
3	19	569	0
3	436	610	0
3	340	684	0
3	315	608	0
3	364	658	0
3	74	671	0
3	486	591	0
3	368	674	0
3	94	495	0
3	322	550	0
3	400	581	0
3	130	620	0
3	361	605	0
3	445	580	0
3	89	578	0
3	402	526	0
3	35	525	0
3	411	508	0
3	145	554	0
3	322	511	0
3	278	497	0
3	171	587	0
3	473	586	0
3	488	549	0
3	171	686	0
3	195	670	0
3	283	630	0
3	25	677	0
3	194	686	0
3	415	573	0
3	433	585	0
3	369	506	0
3	465	662	0
3	206	527	0
3	222	532	0
3	220	545	0
3	362	638	0
3	202	623	0
3	74	640	0
3	320	502	0
3	270	516	0
3	315	545	0
3	243	684	0
3	242	616	0
3	10	503	0
3	88	613	0
3	297	611	0
3	211	681	0
3	485	583	0
3	239	593	0
3	74	546	0
3	353	641	0
3	450	546	0
3	476	667	0
3	281	626	0
3	402	569	0
3	130	534	0
3	488	670	0
3	255	504	0
3	71	504	0
3	442	554	0
3	405	591	0
3	441	543	0
3	293	538	0
3	449	650	0
3	317	688	0
3	238	663	0
3	329	691	0
3	122	656	0
3	459	514	0
3	106	678	0
3	177	630	0
3	262	655	0
3	111	584	0
3	16	517	0
3	261	599	0
3	312	673	0
3	14	656	0
3	257	626	0
3	480	567	0
3	448	593	0
3	244	614	0
3	70	663	0
3	439	531	0
3	426	610	0
3	258	628	0
3	441	592	0
3	395	517	0
3	111	518	0
3	270	674	0
3	424	570	0
3	330	687	0
3	358	522	0
3	216	652	0
3	35	513	0
3	86	573	0
3	424	678	0
3	118	690	0
3	222	675	0
3	344	642	0
3	97	533	0
3	79	539	0
3	229	576	0
3	280	634	0
3	233	663	0
3	380	661	0
3	256	514	0
3	490	643	0
3	143	557	0
3	249	563	0
3	422	688	0
3	48	604	0
3	72	678	0
3	121	584	0
3	423	586	0
3	269	677	0
3	390	662	0
3	82	541	0
3	439	544	0
3	209	551	0
3	137	687	0
3	241	643	0
3	112	588	0
3	30	513	0
3	275	664	0
3	6	535	0
3	362	544	0
3	382	640	0
3	11	590	0
3	225	578	0
3	334	531	0
3	368	664	0
3	74	646	0
3	477	649	0
3	60	509	0
3	438	519	0
3	275	690	0
3	58	683	0
3	95	600	0
3	143	500	0
3	185	634	0
3	385	508	0
3	297	549	0
3	485	535	0
3	311	578	0
3	199	499	0
3	410	665	0
3	351	603	0
3	127	606	0
3	187	584	0
3	434	649	0
3	34	646	0
3	279	565	0
3	87	517	0
3	432	526	0
3	348	628	0
3	50	570	0
3	6	583	0
3	465	496	0
3	225	515	0
3	156	591	0
3	489	675	0
3	117	590	0
3	258	625	0
3	432	584	0
3	98	627	0
3	264	616	0
3	267	546	0
3	143	505	0
3	88	650	0
3	223	500	0
3	107	654	0
3	378	501	0
3	451	639	0
3	437	643	0
3	197	680	0
3	296	551	0
3	151	655	0
3	125	568	0
3	468	529	0
3	377	687	0
3	368	591	0
3	245	567	0
3	170	633	0
3	102	635	0
3	18	585	0
3	117	536	0
3	148	647	0
3	443	528	0
3	461	536	0
3	6	656	0
3	156	585	0
3	34	654	0
3	0	586	0
3	55	671	0
3	40	548	0
3	333	508	0
3	487	557	0
3	316	527	0
3	379	543	0
3	94	672	0
3	70	585	0
3	206	524	0
3	62	560	0
3	302	552	0
3	311	585	0
3	214	676	0
3	281	659	0
3	442	634	0
3	211	602	0
3	347	644	0
3	191	616	0
3	185	580	0
3	29	520	0
3	48	549	0
3	432	541	0
3	35	554	0
3	93	538	0
3	373	562	0
3	443	583	0
3	476	655	0
3	243	492	0
3	367	662	0
3	102	678	0
3	121	582	0
3	216	630	0
3	314	589	0
3	145	628	0
3	84	594	0
3	409	570	0
3	481	668	0
3	458	641	0
3	17	585	0
3	4	663	0
3	480	618	0
3	241	635	0
3	242	564	0
3	307	497	0
3	466	674	0
3	214	647	0
3	196	529	0
3	54	639	0
3	230	559	0
3	251	585	0
3	412	598	0
3	25	551	0
3	458	573	0
3	199	574	0
3	416	535	0
3	405	568	0
3	252	573	0
3	356	578	0
3	51	661	0
3	35	607	0
3	160	661	0
3	406	608	0
3	238	645	0
3	255	584	0
3	122	661	0
3	115	537	0
3	340	633	0
3	381	584	0
3	273	639	0
3	348	647	0
3	235	506	0
3	387	561	0
3	106	557	0
3	263	584	0
3	34	685	0
3	58	589	0
3	436	508	0
3	152	623	0
3	479	526	0
3	48	579	0
3	98	666	0
3	490	596	0
3	51	517	0
3	157	545	0
3	77	531	0
3	468	538	0
3	264	582	0
3	151	537	0
3	479	676	0
3	18	543	0
3	372	638	0
3	83	497	0
3	226	656	0
3	272	563	0
3	6	578	0
3	47	614	0
3	341	634	0
3	46	687	0
3	306	560	0
3	428	520	0
3	174	538	0
3	293	545	0
3	252	677	0
3	367	656	0
3	379	687	0
3	9	604	0
3	85	510	0
3	392	501	0
3	44	672	0
3	111	637	0
3	57	643	0
3	309	684	0
3	323	662	0
3	289	617	0
3	419	545	0
3	72	633	0
3	266	613	0
3	180	509	0
3	63	571	0
3	105	649	0
3	237	532	0
3	381	595	0
3	36	492	0
3	397	654	0
3	354	601	0
3	98	591	0
3	419	641	0
3	182	605	0
3	66	683	0
3	115	535	0
3	484	639	0
3	108	691	0
3	484	524	0
3	270	581	0
3	408	654	0
3	480	519	0
3	231	680	0
3	472	654	0
3	443	504	0
3	110	621	0
3	324	675	0
3	217	518	0
3	251	688	0
3	179	565	0
3	464	522	0
3	311	493	0
3	429	561	0
3	140	623	0
3	286	691	0
3	452	573	0
3	251	540	0
3	6	642	0
3	90	675	0
3	245	639	0
3	88	664	0
3	19	632	0
3	355	540	0
3	314	677	0
3	200	628	0
3	19	664	0
3	98	686	0
3	234	561	0
3	459	580	0
3	177	650	0
3	160	638	0
3	419	523	0
3	442	519	0
3	357	564	0
3	55	661	0
3	268	586	0
3	388	596	0
3	261	546	0
3	231	569	0
3	79	506	0
3	415	541	0
3	482	613	0
3	490	568	0
3	107	585	0
3	210	623	0
3	91	524	0
3	480	662	0
3	432	568	0
3	122	553	0
3	103	665	0
3	334	571	0
3	164	676	0
3	358	692	0
3	15	570	0
3	466	692	0
3	38	543	0
3	295	655	0
3	60	524	0
3	464	604	0
3	253	502	0
3	266	542	0
3	151	519	0
3	255	673	0
3	137	675	0
3	304	550	0
3	202	609	0
3	148	645	0
3	124	623	0
3	330	502	0
3	34	601	0
3	458	505	0
3	469	657	0
3	382	591	0
3	143	644	0
3	42	691	0
3	322	648	0
3	184	548	0
3	405	649	0
3	137	511	0
3	95	657	0
3	302	590	0
3	324	525	0
3	425	668	0
3	301	492	0
3	373	518	0
3	299	509	0
3	21	663	0
3	327	683	0
3	44	573	0
3	134	626	0
3	348	682	0
3	228	495	0
3	67	560	0
3	475	596	0
3	143	593	0
3	182	629	0
3	144	561	0
3	489	604	0
3	398	575	0
3	446	554	0
3	338	658	0
3	198	684	0
3	300	661	0
3	392	539	0
3	80	657	0
3	424	509	0
3	144	539	0
3	61	524	0
3	314	578	0
3	491	596	0
3	142	588	0
3	39	501	0
3	24	635	0
3	471	524	0
3	309	541	0
3	102	598	0
3	310	545	0
3	126	494	0
3	205	551	0
3	453	580	0
3	109	608	0
3	433	656	0
3	111	675	0
3	290	550	0
3	257	512	0
3	25	647	0
3	50	541	0
3	117	513	0
3	489	683	0
3	283	617	0
3	360	518	0
3	341	672	0
3	69	498	0
3	67	495	0
3	270	569	0
3	247	684	0
3	479	496	0
3	203	620	0
3	357	608	0
3	295	584	0
3	31	684	0
3	427	633	0
3	86	593	0
3	362	588	0
3	101	536	0
3	97	627	0
3	358	658	0
3	357	689	0
3	92	678	0
3	188	665	0
3	324	667	0
3	408	687	0
3	114	499	0
3	182	644	0
3	224	562	0
3	202	633	0
3	133	494	0
3	427	620	0
3	42	507	0
3	87	515	0
3	310	504	0
3	44	628	0
3	443	643	0
3	181	599	0
3	433	574	0
3	317	533	0
3	398	561	0
3	340	546	0
3	310	512	0
3	439	502	0
3	172	506	0
3	408	629	0
3	94	639	0
3	143	574	0
3	186	617	0
3	454	649	0
3	246	612	0
3	489	684	0
3	414	663	0
3	351	522	0
3	322	646	0
3	433	536	0
3	278	573	0
3	103	585	0
3	279	509	0
3	33	661	0
3	423	550	0
3	319	553	0
3	211	574	0
3	230	652	0
3	43	564	0
3	37	626	0
3	82	681	0
3	450	687	0
3	332	620	0
3	213	627	0
3	21	501	0
3	375	647	0
3	171	650	0
3	70	596	0
3	355	647	0
3	475	575	0
3	261	615	0
3	416	683	0
3	169	657	0
3	240	534	0
3	271	613	0
3	426	593	0
3	245	583	0
3	52	537	0
3	20	505	0
3	168	565	0
3	135	640	0
3	294	639	0
3	197	564	0
3	200	684	0
3	356	617	0
3	288	648	0
3	396	667	0
3	396	614	0
3	382	512	0
3	464	667	0
3	335	512	0
3	327	595	0
3	347	498	0
3	145	635	0
3	194	653	0
3	335	688	0
3	435	690	0
3	19	692	0
3	65	505	0
3	461	626	0
3	87	504	0
3	224	603	0
3	386	647	0
3	253	584	0
3	374	589	0
3	358	595	0
3	247	552	0
3	337	592	0
3	463	601	0
3	94	682	0
3	266	546	0
3	161	514	0
3	426	620	0
3	473	535	0
3	223	654	0
3	375	637	0
3	378	643	0
3	215	618	0
3	478	502	0
3	16	597	0
3	38	496	0
3	263	653	0
3	179	646	0
3	265	502	0
3	324	599	0
3	183	621	0
3	425	559	0
3	85	639	0
3	302	496	0
3	240	589	0
3	472	642	0
3	89	521	0
3	158	560	0
3	252	641	0
3	122	551	0
3	115	534	0
3	329	614	0
3	323	587	0
3	306	534	0
3	415	548	0
3	390	583	0
3	85	607	0
3	0	503	0
3	130	579	0
3	225	600	0
3	437	540	0
3	70	569	0
3	103	597	0
3	234	685	0
3	259	598	0
3	193	605	0
3	425	502	0
3	426	549	0
3	360	692	0
3	98	691	0
3	413	664	0
3	4	613	0
3	48	634	0
3	276	584	0
3	481	574	0
3	211	683	0
3	302	492	0
3	59	602	0
3	319	602	0
3	344	646	0
3	404	629	0
3	52	620	0
3	187	668	0
3	201	611	0
3	2	657	0
3	365	590	0
3	292	604	0
3	218	573	0
3	115	566	0
3	400	557	0
3	258	520	0
3	147	506	0
3	488	675	0
3	310	605	0
3	198	548	0
3	279	644	0
3	232	601	0
3	69	683	0
3	171	667	0
3	91	539	0
3	392	681	0
3	297	517	0
3	237	663	0
3	347	597	0
3	270	531	0
3	57	582	0
3	190	519	0
3	337	570	0
3	393	584	0
3	407	548	0
3	82	630	0
3	266	629	0
3	389	530	0
3	207	536	0
3	104	656	0
3	229	616	0
3	6	588	0
3	273	617	0
3	257	601	0
3	442	656	0
3	54	511	0
3	320	554	0
3	39	546	0
3	216	624	0
3	383	524	0
3	427	571	0
3	154	524	0
3	14	494	0
3	155	529	0
3	45	677	0
3	29	624	0
3	417	502	0
3	198	624	0
3	219	565	0
3	317	671	0
3	80	527	0
3	151	579	0
3	423	612	0
3	159	681	0
3	415	504	0
3	241	550	0
3	255	538	0
3	78	609	0
3	264	565	0
3	81	671	0
3	49	623	0
3	29	568	0
3	219	593	0
3	309	511	0
3	488	536	0
3	67	531	0
3	325	645	0
3	197	552	0
3	107	673	0
3	355	527	0
3	488	534	0
3	364	495	0
3	119	656	0
3	288	647	0
3	379	541	0
3	16	541	0
3	59	554	0
3	414	578	0
3	211	631	0
3	5	512	0
3	130	617	0
3	400	562	0
3	393	526	0
3	479	667	0
3	388	496	0
3	93	609	0
3	159	648	0
3	211	519	0
3	77	677	0
3	151	538	0
3	151	599	0
3	427	691	0
3	273	630	0
3	7	529	0
3	198	516	0
3	282	539	0
3	132	652	0
3	183	643	0
3	480	645	0
3	265	534	0
3	486	615	0
3	149	654	0
3	172	571	0
3	197	613	0
3	148	576	0
3	68	683	0
3	182	637	0
3	125	648	0
3	431	624	0
3	222	615	0
3	454	574	0
3	477	671	0
3	352	670	0
3	470	639	0
3	452	513	0
3	389	522	0
3	195	691	0
3	472	517	0
3	429	617	0
3	446	626	0
3	373	619	0
3	157	516	0
3	412	666	0
3	325	535	0
3	488	596	0
3	192	520	0
3	277	687	0
3	326	598	0
3	318	650	0
3	304	630	0
3	267	668	0
3	390	504	0
3	257	587	0
3	359	517	0
3	387	623	0
3	113	506	0
3	13	570	0
3	466	567	0
3	9	575	0
3	392	656	0
3	304	656	0
3	333	518	0
3	195	633	0
3	144	588	0
3	381	587	0
3	235	500	0
3	303	524	0
3	435	586	0
3	274	498	0
3	258	652	0
3	488	611	0
3	343	611	0
3	288	680	0
3	88	667	0
3	317	573	0
3	358	612	0
3	332	610	0
3	257	590	0
3	337	526	0
3	482	573	0
3	319	510	0
3	201	579	0
3	489	556	0
3	25	539	0
3	453	611	0
3	441	687	0
3	12	690	0
3	341	612	0
3	360	644	0
3	127	520	0
3	219	578	0
3	38	622	0
3	48	512	0
3	288	497	0
3	187	492	0
3	251	573	0
3	376	497	0
3	349	605	0
3	224	498	0
3	110	652	0
3	80	630	0
3	230	681	0
3	234	630	0
3	264	649	0
3	89	671	0
3	309	616	0
3	487	589	0
3	397	518	0
3	229	501	0
3	276	497	0
3	181	535	0
3	419	534	0
3	34	618	0
3	192	662	0
3	213	610	0
3	240	571	0
3	69	527	0
3	356	551	0
3	128	563	0
3	188	663	0
3	143	511	0
3	357	668	0
3	48	684	0
3	122	630	0
3	367	519	0
3	249	570	0
3	130	581	0
3	407	617	0
3	58	534	0
3	195	558	0
3	217	623	0
3	206	633	0
3	85	611	0
3	42	581	0
3	142	667	0
3	333	617	0
3	261	690	0
3	80	633	0
3	354	513	0
3	17	584	0
3	263	537	0
3	307	684	0
3	51	640	0
3	381	497	0
3	290	556	0
3	381	626	0
3	10	532	0
3	453	501	0
3	203	617	0
3	400	523	0
3	282	599	0
3	247	503	0
3	246	649	0
3	477	617	0
3	392	691	0
3	137	678	0
3	19	554	0
3	127	630	0
3	391	558	0
3	218	610	0
3	348	661	0
3	287	528	0
3	317	626	0
3	386	662	0
3	322	517	0
3	85	691	0
3	120	494	0
3	118	617	0
3	2	600	0
3	96	610	0
3	133	539	0
3	150	515	0
3	357	494	0
3	460	568	0
3	19	648	0
3	68	641	0
3	41	543	0
3	304	595	0
3	289	569	0
3	452	589	0
3	413	597	0
3	410	500	0
3	299	587	0
3	256	500	0
3	215	563	0
3	411	579	0
3	121	675	0
3	479	523	0
3	116	499	0
3	141	546	0
3	161	630	0
3	373	509	0
3	112	572	0
3	45	661	0
3	409	586	0
3	192	521	0
3	456	504	0
3	367	511	0
3	442	565	0
3	337	539	0
3	256	512	0
3	98	493	0
3	430	590	0
3	356	637	0
3	288	620	0
3	479	505	0
3	234	585	0
3	178	509	0
3	231	678	0
3	202	593	0
3	231	593	0
3	97	690	0
3	262	623	0
3	149	530	0
3	100	569	0
3	340	611	0
3	306	637	0
3	227	614	0
3	274	611	0
3	97	620	0
3	306	502	0
3	348	590	0
3	62	580	0
3	346	564	0
3	310	591	0
3	322	561	0
3	76	557	0
3	12	675	0
3	363	624	0
3	488	583	0
3	195	663	0
3	375	524	0
3	477	610	0
3	212	637	0
3	457	537	0
3	41	642	0
3	454	498	0
3	234	647	0
3	128	687	0
3	289	640	0
3	448	564	0
3	337	654	0
3	312	540	0
3	221	567	0
3	161	641	0
3	175	601	0
3	449	589	0
3	465	593	0
3	335	518	0
3	95	661	0
3	85	667	0
3	235	541	0
3	61	659	0
3	486	635	0
3	182	519	0
3	250	525	0
3	363	692	0
3	85	596	0
3	154	538	0
3	161	526	0
3	79	559	0
3	148	690	0
3	122	689	0
3	133	514	0
3	68	648	0
3	446	525	0
3	177	495	0
3	422	517	0
3	11	578	0
3	375	675	0
3	60	655	0
3	320	668	0
3	152	496	0
3	55	689	0
3	185	547	0
3	344	492	0
3	8	684	0
3	63	608	0
3	47	550	0
3	104	663	0
3	420	564	0
3	225	513	0
3	427	592	0
3	242	678	0
3	175	587	0
3	375	558	0
3	302	591	0
3	384	628	0
3	236	585	0
3	298	662	0
3	390	501	0
3	78	561	0
3	271	690	0
3	468	692	0
3	211	557	0
3	415	665	0
3	265	629	0
3	26	626	0
3	62	536	0
3	468	508	0
3	71	665	0
3	77	514	0
3	148	619	0
3	338	576	0
3	197	580	0
3	124	630	0
3	340	691	0
3	7	587	0
3	124	625	0
3	166	608	0
3	251	655	0
3	134	677	0
3	281	650	0
3	212	525	0
3	194	626	0
3	93	570	0
3	88	628	0
3	168	672	0
3	322	493	0
3	115	608	0
3	340	641	0
3	56	597	0
3	162	501	0
3	130	590	0
3	254	497	0
3	189	599	0
3	17	588	0
3	237	525	0
3	144	662	0
3	475	649	0
3	6	675	0
3	300	548	0
3	275	684	0
3	191	552	0
3	136	623	0
3	142	553	0
3	364	656	0
3	153	661	0
3	168	568	0
3	48	643	0
3	467	496	0
3	381	568	0
3	396	502	0
3	448	499	0
3	124	514	0
3	71	532	0
3	328	559	0
3	229	578	0
3	167	646	0
3	396	549	0
3	456	600	0
3	324	690	0
3	347	616	0
3	246	600	0
3	364	594	0
3	273	525	0
3	223	571	0
3	270	685	0
3	61	622	0
3	279	664	0
3	384	526	0
3	41	513	0
3	440	564	0
3	154	498	0
3	428	556	0
3	152	606	0
3	114	624	0
3	175	538	0
3	279	550	0
3	131	492	0
3	213	632	0
3	259	667	0
3	259	601	0
3	333	583	0
3	252	654	0
3	410	585	0
3	422	580	0
3	283	663	0
3	85	588	0
3	463	509	0
3	358	498	0
3	454	564	0
3	343	613	0
3	326	640	0
3	441	623	0
3	271	617	0
3	217	501	0
3	92	571	0
3	19	568	0
3	270	536	0
3	149	641	0
3	9	656	0
3	201	676	0
3	420	652	0
3	176	597	0
3	89	589	0
3	89	535	0
3	300	628	0
3	90	551	0
3	33	528	0
3	77	681	0
3	229	584	0
3	104	609	0
3	401	521	0
3	133	534	0
3	142	649	0
3	288	689	0
3	198	649	0
3	407	624	0
3	206	574	0
3	394	515	0
3	448	589	0
3	348	502	0
3	459	556	0
3	257	506	0
3	206	589	0
3	421	551	0
3	181	630	0
3	301	667	0
3	160	593	0
3	295	605	0
3	357	501	0
3	397	546	0
3	196	563	0
3	74	501	0
3	126	551	0
3	199	667	0
3	29	561	0
3	133	503	0
3	428	646	0
3	11	542	0
3	222	655	0
3	330	633	0
3	175	504	0
3	436	687	0
3	62	525	0
3	486	682	0
3	281	589	0
3	243	571	0
3	286	601	0
3	132	622	0
3	79	528	0
3	81	550	0
3	347	538	0
3	328	575	0
3	195	628	0
3	140	640	0
3	36	537	0
3	179	614	0
3	37	592	0
3	135	662	0
3	364	514	0
3	142	608	0
3	381	624	0
3	319	574	0
3	250	492	0
3	255	505	0
3	333	502	0
3	83	525	0
3	269	685	0
3	471	534	0
3	412	524	0
3	120	584	0
3	464	503	0
3	247	551	0
3	417	563	0
3	401	642	0
3	154	626	0
3	276	494	0
3	304	568	0
3	169	492	0
3	323	524	0
3	100	515	0
3	80	539	0
3	341	632	0
3	456	609	0
3	192	492	0
3	103	584	0
3	435	539	0
3	188	569	0
3	108	576	0
3	256	555	0
3	451	668	0
3	250	581	0
3	461	687	0
3	481	497	0
3	78	512	0
3	374	506	0
3	357	636	0
3	35	666	0
3	301	578	0
3	306	561	0
3	97	670	0
3	463	587	0
3	327	554	0
3	168	684	0
3	182	493	0
3	106	587	0
3	183	578	0
3	214	588	0
3	117	565	0
3	427	588	0
3	126	634	0
3	380	505	0
3	414	583	0
3	77	629	0
3	224	492	0
3	453	546	0
3	405	622	0
3	256	660	0
3	245	533	0
3	460	532	0
3	280	571	0
3	73	583	0
3	247	561	0
3	445	648	0
3	235	513	0
3	237	677	0
3	351	585	0
3	4	549	0
3	381	551	0
3	487	649	0
3	100	550	0
3	131	623	0
3	216	646	0
3	103	564	0
3	102	673	0
3	237	647	0
3	274	647	0
3	40	531	0
3	431	562	0
3	71	535	0
3	53	578	0
3	233	664	0
3	431	582	0
3	125	564	0
3	207	650	0
3	110	528	0
3	402	640	0
3	14	517	0
3	122	511	0
3	266	550	0
3	357	594	0
3	313	668	0
3	286	646	0
3	131	586	0
3	155	503	0
3	135	599	0
3	159	505	0
3	217	538	0
3	469	687	0
3	295	613	0
3	73	526	0
3	377	643	0
3	288	638	0
3	366	634	0
3	455	688	0
3	369	628	0
3	427	543	0
3	345	494	0
3	308	588	0
3	423	504	0
3	46	527	0
3	86	506	0
3	115	610	0
3	348	681	0
3	471	681	0
3	180	564	0
3	168	580	0
3	87	640	0
3	32	585	0
3	443	505	0
3	332	524	0
3	447	633	0
3	107	533	0
3	312	684	0
3	285	637	0
3	409	569	0
3	397	517	0
3	121	664	0
3	194	502	0
3	451	656	0
3	40	601	0
3	433	665	0
3	309	560	0
3	480	493	0
3	304	582	0
3	179	600	0
3	287	601	0
3	302	666	0
3	174	674	0
3	98	657	0
3	273	642	0
3	72	606	0
3	272	497	0
3	265	532	0
3	6	673	0
3	432	592	0
3	65	650	0
3	185	637	0
3	407	591	0
3	277	663	0
3	389	681	0
3	128	683	0
3	460	523	0
3	347	514	0
3	351	546	0
3	25	635	0
3	241	583	0
3	26	534	0
3	7	583	0
3	380	514	0
3	239	513	0
3	380	581	0
3	328	574	0
3	423	527	0
3	181	544	0
3	285	566	0
3	336	590	0
3	218	609	0
3	200	595	0
3	306	499	0
3	122	570	0
3	66	678	0
3	393	629	0
3	16	586	0
3	322	539	0
3	226	690	0
3	322	660	0
3	380	532	0
3	137	524	0
3	374	536	0
3	428	673	0
3	109	639	0
3	272	593	0
3	143	668	0
3	178	663	0
3	69	605	0
3	397	589	0
3	157	605	0
3	204	643	0
3	270	657	0
3	314	512	0
3	42	657	0
3	213	667	0
3	319	655	0
3	133	616	0
3	41	508	0
3	184	600	0
3	265	543	0
3	188	534	0
3	194	692	0
3	85	568	0
3	364	546	0
3	277	497	0
3	416	550	0
3	248	626	0
3	75	576	0
3	371	534	0
3	281	539	0
3	63	498	0
3	54	518	0
3	139	634	0
3	386	633	0
3	191	655	0
3	199	494	0
3	170	598	0
3	60	650	0
3	246	505	0
3	458	570	0
3	227	655	0
3	232	662	0
3	139	647	0
3	41	612	0
3	402	676	0
3	2	599	0
3	123	682	0
3	440	605	0
3	401	611	0
3	252	513	0
3	448	605	0
3	184	607	0
3	326	648	0
3	310	541	0
3	141	690	0
3	49	565	0
3	474	647	0
3	139	509	0
3	277	524	0
3	177	640	0
3	185	663	0
3	37	667	0
3	171	598	0
3	131	660	0
3	452	671	0
3	408	540	0
3	126	596	0
3	487	602	0
3	338	620	0
3	300	635	0
3	195	596	0
3	440	592	0
3	1	528	0
3	64	513	0
3	64	642	0
3	448	664	0
3	432	554	0
3	225	569	0
3	91	647	0
3	313	523	0
3	376	663	0
3	428	659	0
3	83	579	0
3	413	506	0
3	385	498	0
3	387	529	0
3	491	644	0
3	284	678	0
3	62	630	0
3	153	652	0
3	69	552	0
3	172	604	0
3	31	493	0
3	131	664	0
3	313	499	0
3	170	513	0
3	135	643	0
3	472	684	0
3	104	604	0
3	17	642	0
3	468	594	0
3	218	492	0
3	467	517	0
3	325	492	0
3	373	585	0
3	458	624	0
3	280	588	0
3	292	618	0
3	401	522	0
3	270	527	0
3	101	517	0
3	392	512	0
3	142	683	0
3	4	647	0
3	321	619	0
3	85	526	0
3	135	549	0
3	151	501	0
3	63	601	0
3	25	634	0
3	344	570	0
3	49	586	0
3	310	511	0
3	156	525	0
3	320	621	0
3	3	681	0
3	351	559	0
3	445	550	0
3	19	497	0
3	145	612	0
3	215	677	0
3	182	513	0
3	174	495	0
3	7	616	0
3	37	508	0
3	477	529	0
3	328	556	0
3	325	554	0
3	18	616	0
3	477	611	0
3	144	686	0
3	184	620	0
3	461	629	0
3	255	563	0
3	398	649	0
3	123	613	0
3	432	492	0
3	147	510	0
3	14	673	0
3	293	536	0
3	199	643	0
3	356	656	0
3	50	513	0
3	20	613	0
3	243	533	0
3	412	589	0
3	466	678	0
3	30	596	0
3	62	658	0
3	191	640	0
3	146	677	0
3	4	667	0
3	168	638	0
3	12	575	0
3	399	563	0
3	380	608	0
3	482	649	0
3	391	600	0
3	94	664	0
3	137	494	0
3	481	506	0
3	346	552	0
3	334	592	0
3	324	577	0
3	174	550	0
3	382	594	0
3	482	592	0
3	333	621	0
3	216	686	0
3	221	642	0
3	130	580	0
3	41	506	0
3	214	539	0
3	209	647	0
3	1	546	0
3	303	573	0
3	15	557	0
3	68	636	0
3	144	604	0
3	53	571	0
3	188	539	0
3	313	637	0
3	362	618	0
3	380	563	0
3	326	619	0
3	400	608	0
3	412	614	0
3	218	664	0
3	43	677	0
3	416	577	0
3	486	672	0
3	413	554	0
3	173	558	0
3	289	495	0
3	21	671	0
3	59	627	0
3	118	493	0
3	97	510	0
3	319	611	0
3	210	583	0
3	142	558	0
3	194	664	0
3	298	599	0
3	199	573	0
3	101	544	0
3	129	504	0
3	445	666	0
3	481	624	0
3	462	505	0
3	207	657	0
3	353	523	0
3	53	603	0
3	178	613	0
3	374	662	0
3	302	526	0
3	26	588	0
3	283	580	0
3	214	684	0
3	23	664	0
3	424	579	0
3	332	546	0
3	266	535	0
3	440	641	0
3	384	534	0
3	12	496	0
3	401	619	0
3	255	616	0
3	119	675	0
3	298	521	0
3	465	633	0
3	117	511	0
3	487	609	0
3	409	591	0
3	133	520	0
3	214	661	0
3	9	596	0
3	443	565	0
3	230	587	0
3	29	671	0
3	480	657	0
3	278	570	0
3	327	504	0
3	222	506	0
3	259	652	0
3	52	536	0
3	269	520	0
3	311	600	0
3	253	624	0
3	270	614	0
3	341	496	0
3	389	507	0
3	382	560	0
3	487	587	0
3	204	549	0
3	464	570	0
3	147	565	0
3	489	587	0
3	194	640	0
3	210	542	0
3	319	534	0
3	257	609	0
3	412	626	0
3	385	633	0
3	153	499	0
3	382	599	0
3	357	589	0
3	45	576	0
3	68	590	0
3	296	624	0
3	402	495	0
3	408	624	0
3	272	506	0
3	200	561	0
3	295	586	0
3	362	582	0
3	242	556	0
3	459	612	0
3	484	514	0
3	209	683	0
3	269	671	0
3	289	552	0
3	281	568	0
3	451	542	0
3	129	546	0
3	219	611	0
3	490	503	0
3	240	633	0
3	188	538	0
3	167	671	0
3	377	631	0
3	102	671	0
3	144	618	0
3	442	549	0
3	283	665	0
3	238	640	0
3	270	633	0
3	117	625	0
3	64	650	0
3	78	604	0
3	260	506	0
3	206	494	0
3	477	502	0
3	93	617	0
3	404	615	0
3	173	566	0
3	277	582	0
3	282	662	0
3	161	500	0
3	264	681	0
3	47	506	0
3	357	603	0
3	316	556	0
3	337	525	0
3	149	655	0
3	440	633	0
3	215	531	0
3	68	658	0
3	443	667	0
3	103	637	0
3	391	570	0
3	188	668	0
3	426	641	0
3	243	531	0
3	479	629	0
3	345	671	0
3	443	548	0
3	53	678	0
3	154	658	0
3	203	667	0
3	379	560	0
3	288	565	0
3	466	574	0
3	243	549	0
3	383	493	0
3	41	657	0
3	447	663	0
3	431	631	0
3	369	660	0
3	434	661	0
3	337	580	0
3	343	667	0
3	473	531	0
3	56	619	0
3	65	665	0
3	214	556	0
3	405	594	0
3	118	614	0
3	79	618	0
3	235	657	0
3	317	592	0
3	218	674	0
3	365	542	0
3	363	599	0
3	1	588	0
3	440	563	0
3	308	687	0
3	335	617	0
3	172	687	0
3	373	671	0
3	338	585	0
3	204	505	0
3	261	678	0
3	403	549	0
3	467	633	0
3	395	612	0
3	315	519	0
3	130	509	0
3	464	649	0
3	300	508	0
3	318	675	0
3	146	567	0
3	205	652	0
3	15	587	0
3	348	527	0
3	476	582	0
3	17	684	0
3	112	646	0
3	365	558	0
3	2	577	0
3	386	535	0
3	381	508	0
3	332	601	0
3	176	512	0
3	351	495	0
3	6	551	0
3	8	518	0
3	92	662	0
3	160	608	0
3	189	684	0
3	354	629	0
3	258	564	0
3	364	541	0
3	337	607	0
3	490	664	0
3	118	587	0
3	328	588	0
3	184	499	0
3	115	690	0
3	400	610	0
3	58	558	0
3	333	523	0
3	336	617	0
3	327	684	0
3	53	562	0
3	279	665	0
3	73	517	0
3	67	550	0
3	456	624	0
3	436	513	0
3	85	600	0
3	37	662	0
3	39	672	0
3	48	646	0
3	46	637	0
3	451	664	0
3	68	583	0
3	467	550	0
3	441	620	0
3	395	674	0
3	409	561	0
3	38	610	0
3	139	657	0
3	371	493	0
3	94	620	0
3	488	505	0
3	485	584	0
3	7	523	0
3	286	528	0
3	52	634	0
3	425	636	0
3	162	502	0
3	167	657	0
3	379	691	0
3	454	530	0
3	185	619	0
3	427	519	0
3	83	541	0
3	358	526	0
3	488	604	0
3	450	499	0
3	376	501	0
3	214	634	0
3	122	509	0
3	113	638	0
3	145	618	0
3	390	511	0
3	293	648	0
3	338	622	0
3	484	616	0
3	84	687	0
3	399	528	0
3	84	691	0
3	309	674	0
3	446	498	0
3	459	634	0
3	93	633	0
3	276	604	0
3	390	617	0
3	26	539	0
3	362	548	0
3	5	675	0
3	325	494	0
3	220	630	0
3	62	642	0
3	124	563	0
3	89	674	0
3	201	580	0
3	262	519	0
3	250	573	0
3	477	578	0
3	58	535	0
3	436	588	0
3	120	498	0
3	295	661	0
3	223	535	0
3	166	616	0
3	400	598	0
3	195	566	0
3	157	620	0
3	74	629	0
3	300	587	0
3	19	647	0
3	381	526	0
3	51	572	0
3	400	594	0
3	209	663	0
3	122	620	0
3	252	525	0
3	132	647	0
3	399	640	0
3	53	641	0
3	57	687	0
3	143	562	0
3	247	641	0
3	201	585	0
3	42	541	0
3	204	503	0
3	31	539	0
3	168	640	0
3	409	620	0
3	55	496	0
3	71	552	0
3	29	690	0
3	62	559	0
3	46	542	0
3	142	663	0
3	163	500	0
3	237	670	0
3	395	646	0
3	185	626	0
3	210	635	0
3	265	685	0
3	71	658	0
3	117	584	0
3	349	683	0
3	305	564	0
3	275	662	0
3	425	537	0
3	370	671	0
3	186	586	0
3	376	579	0
3	86	604	0
3	344	556	0
3	24	494	0
3	359	685	0
3	255	543	0
3	390	598	0
3	223	618	0
3	445	527	0
3	191	656	0
3	424	504	0
3	201	598	0
3	49	631	0
3	352	593	0
3	132	689	0
3	460	675	0
3	415	539	0
3	322	570	0
3	228	501	0
3	302	689	0
3	404	565	0
3	148	607	0
3	431	645	0
3	159	635	0
3	460	649	0
3	193	509	0
3	428	619	0
3	276	610	0
3	452	569	0
3	359	616	0
3	446	574	0
3	254	634	0
3	359	541	0
3	180	497	0
3	191	691	0
3	274	649	0
3	135	601	0
3	165	673	0
3	392	557	0
3	98	500	0
3	4	641	0
3	477	575	0
3	427	641	0
3	110	536	0
3	137	559	0
3	282	523	0
3	70	673	0
3	132	688	0
3	289	506	0
3	43	506	0
3	325	569	0
3	33	569	0
3	212	548	0
3	166	664	0
3	211	672	0
3	312	515	0
3	394	534	0
3	416	529	0
3	174	689	0
3	103	636	0
3	148	601	0
3	8	666	0
3	184	592	0
3	66	564	0
3	440	635	0
3	215	654	0
3	99	624	0
3	338	689	0
3	393	521	0
3	136	662	0
3	50	665	0
3	450	527	0
3	415	586	0
3	438	506	0
3	235	551	0
3	117	657	0
3	483	581	0
3	335	691	0
3	458	647	0
3	200	657	0
3	421	502	0
3	342	643	0
3	485	565	0
3	147	652	0
3	43	646	0
3	68	536	0
3	88	567	0
3	243	652	0
3	273	624	0
3	319	518	0
3	453	630	0
3	299	526	0
3	267	530	0
3	374	495	0
3	360	624	0
3	179	504	0
3	387	524	0
3	429	527	0
3	145	624	0
3	127	607	0
3	171	599	0
3	307	563	0
3	146	662	0
3	52	492	0
3	287	673	0
3	359	566	0
3	189	687	0
3	379	580	0
3	121	676	0
3	425	501	0
3	254	655	0
3	31	546	0
3	422	575	0
3	355	496	0
3	365	521	0
3	383	677	0
3	322	621	0
3	162	529	0
3	263	595	0
3	340	673	0
3	195	655	0
3	400	603	0
3	285	533	0
3	470	580	0
3	31	671	0
3	486	678	0
3	160	634	0
3	319	610	0
3	368	551	0
3	237	587	0
3	10	573	0
3	233	521	0
3	288	604	0
3	108	664	0
3	1	612	0
3	20	618	0
3	108	666	0
3	194	564	0
3	119	684	0
3	450	607	0
3	347	636	0
3	6	612	0
3	445	604	0
3	238	542	0
3	85	569	0
3	175	610	0
3	204	633	0
3	220	537	0
3	63	542	0
3	327	551	0
3	259	522	0
3	462	672	0
3	14	605	0
3	63	623	0
3	233	638	0
3	481	551	0
3	159	640	0
3	225	524	0
3	231	644	0
3	327	593	0
3	283	523	0
3	363	640	0
3	155	499	0
3	47	554	0
3	133	527	0
3	41	621	0
3	414	618	0
3	77	611	0
3	410	644	0
3	469	550	0
3	369	586	0
3	299	599	0
3	240	639	0
3	218	642	0
3	387	691	0
3	288	548	0
3	431	510	0
3	150	550	0
3	324	636	0
3	122	527	0
3	38	568	0
3	203	665	0
3	191	584	0
3	120	675	0
3	458	654	0
3	41	565	0
3	438	580	0
3	83	591	0
3	171	500	0
3	230	657	0
3	153	604	0
3	379	605	0
3	96	599	0
3	396	677	0
3	36	659	0
3	58	664	0
3	169	660	0
3	219	674	0
3	447	646	0
3	151	620	0
3	47	691	0
3	207	626	0
3	103	497	0
3	388	584	0
3	390	514	0
3	278	586	0
3	390	552	0
3	288	618	0
3	73	687	0
3	86	657	0
3	120	570	0
3	256	501	0
3	411	674	0
3	489	609	0
3	456	503	0
3	349	502	0
3	241	578	0
3	399	595	0
3	139	511	0
3	2	578	0
3	469	628	0
3	410	514	0
3	470	508	0
3	210	526	0
3	257	572	0
3	366	662	0
3	352	551	0
3	153	673	0
3	100	521	0
3	258	578	0
3	72	511	0
3	379	657	0
3	35	632	0
3	376	671	0
3	47	527	0
3	334	605	0
3	93	563	0
3	255	493	0
3	438	668	0
3	329	559	0
3	137	609	0
3	485	586	0
3	361	503	0
3	483	493	0
3	41	666	0
3	420	539	0
3	264	495	0
3	297	619	0
3	81	618	0
3	452	527	0
3	378	637	0
3	322	688	0
3	410	673	0
3	362	537	0
3	466	514	0
3	198	588	0
3	125	584	0
3	84	677	0
3	332	608	0
3	402	615	0
3	443	652	0
3	202	690	0
3	6	509	0
3	254	631	0
3	274	635	0
3	409	636	0
3	319	504	0
3	233	678	0
3	325	682	0
3	192	589	0
3	227	495	0
3	191	607	0
3	254	561	0
3	233	539	0
3	109	630	0
3	160	539	0
3	266	679	0
3	95	597	0
3	85	557	0
3	139	583	0
3	47	493	0
3	354	634	0
3	111	641	0
3	340	607	0
3	126	687	0
3	252	523	0
3	113	590	0
3	287	606	0
3	187	559	0
3	97	549	0
3	280	520	0
3	58	657	0
3	346	546	0
3	412	649	0
3	386	613	0
3	57	574	0
3	296	588	0
3	64	492	0
3	328	509	0
3	154	520	0
3	313	590	0
3	113	640	0
3	31	508	0
3	182	608	0
3	124	689	0
3	340	492	0
3	382	595	0
3	471	580	0
3	192	534	0
3	277	671	0
3	45	596	0
3	466	543	0
3	237	542	0
3	348	519	0
3	306	577	0
3	459	624	0
3	326	593	0
3	249	527	0
3	248	536	0
3	436	646	0
3	489	519	0
3	346	651	0
3	7	597	0
3	425	503	0
3	377	542	0
3	131	546	0
3	7	642	0
3	230	666	0
3	2	525	0
3	429	589	0
3	344	504	0
3	249	496	0
3	116	525	0
3	281	662	0
3	348	639	0
3	442	666	0
3	67	585	0
3	271	550	0
3	483	531	0
3	202	557	0
3	443	633	0
3	478	518	0
3	411	643	0
3	476	653	0
3	167	677	0
3	482	537	0
3	258	568	0
3	87	610	0
3	193	534	0
3	424	669	0
3	420	635	0
3	101	538	0
3	414	625	0
3	52	520	0
3	175	615	0
3	355	506	0
3	316	580	0
3	409	592	0
3	249	626	0
3	118	616	0
3	136	684	0
3	468	577	0
3	229	564	0
3	109	524	0
3	288	619	0
3	467	625	0
3	396	523	0
3	122	541	0
3	208	531	0
3	3	498	0
3	281	592	0
3	385	608	0
3	403	654	0
3	370	667	0
3	168	524	0
3	48	614	0
3	324	541	0
3	378	503	0
3	254	543	0
3	253	611	0
3	51	650	0
3	391	508	0
3	422	691	0
3	470	492	0
3	171	685	0
3	443	636	0
3	113	533	0
3	102	527	0
3	279	513	0
3	331	685	0
3	199	587	0
3	409	609	0
3	307	503	0
3	196	494	0
3	61	521	0
3	20	588	0
3	329	652	0
3	44	619	0
3	320	673	0
3	31	535	0
3	333	643	0
3	352	524	0
3	354	654	0
3	328	672	0
3	338	492	0
3	85	534	0
3	57	600	0
3	53	608	0
3	145	498	0
3	66	502	0
3	191	683	0
3	307	591	0
3	395	536	0
3	102	519	0
3	381	548	0
3	127	605	0
3	34	675	0
3	337	537	0
3	11	540	0
3	141	587	0
3	336	503	0
3	356	670	0
3	459	614	0
3	366	665	0
3	252	584	0
3	284	546	0
3	346	536	0
3	333	505	0
3	72	500	0
3	252	587	0
3	246	620	0
3	125	512	0
3	344	545	0
3	33	545	0
3	255	635	0
3	301	670	0
3	179	612	0
3	320	506	0
3	13	586	0
3	54	504	0
3	228	633	0
3	16	573	0
3	300	529	0
3	119	606	0
3	490	678	0
3	430	642	0
3	36	531	0
3	254	612	0
3	72	522	0
3	416	596	0
3	351	569	0
3	191	621	0
3	464	496	0
3	208	605	0
3	193	550	0
3	223	601	0
3	235	635	0
3	174	500	0
3	259	649	0
3	192	585	0
3	488	672	0
3	336	683	0
3	491	612	0
3	74	542	0
3	418	576	0
3	480	593	0
3	380	629	0
3	434	662	0
3	161	596	0
3	243	591	0
3	291	535	0
3	378	630	0
3	336	619	0
3	241	632	0
3	25	648	0
3	1	606	0
3	59	659	0
3	384	579	0
3	437	543	0
3	352	492	0
3	271	633	0
3	197	506	0
3	210	661	0
3	477	623	0
3	58	689	0
3	304	504	0
3	79	569	0
3	246	663	0
3	309	651	0
3	139	671	0
3	379	503	0
3	5	523	0
3	365	663	0
3	50	683	0
3	72	611	0
3	6	534	0
3	83	597	0
3	92	660	0
3	422	501	0
3	17	656	0
3	307	610	0
3	170	555	0
3	199	648	0
3	242	558	0
3	383	683	0
3	212	646	0
3	117	683	0
3	229	689	0
3	220	668	0
3	2	543	0
3	107	658	0
3	2	563	0
3	74	532	0
3	110	576	0
3	328	495	0
3	58	609	0
3	107	650	0
3	319	687	0
3	403	558	0
3	465	578	0
3	248	648	0
3	470	689	0
3	228	643	0
3	401	601	0
3	425	499	0
3	109	589	0
3	435	549	0
3	477	523	0
3	37	656	0
3	448	537	0
3	138	685	0
3	323	589	0
3	134	611	0
3	44	675	0
3	74	617	0
3	239	618	0
3	22	609	0
3	65	512	0
3	66	624	0
3	57	585	0
3	281	545	0
3	245	635	0
3	380	564	0
3	273	587	0
3	397	609	0
3	5	683	0
3	416	595	0
3	395	661	0
3	57	672	0
3	464	501	0
3	322	574	0
3	113	642	0
3	134	525	0
3	308	536	0
3	162	665	0
3	46	589	0
3	318	661	0
3	0	665	0
3	128	624	0
3	124	545	0
3	254	564	0
3	358	551	0
3	281	517	0
3	355	573	0
3	446	622	0
3	119	532	0
3	258	521	0
3	413	529	0
3	185	584	0
3	427	591	0
3	69	497	0
3	309	561	0
3	48	641	0
3	127	645	0
3	383	646	0
3	262	675	0
3	416	657	0
3	72	560	0
3	399	582	0
3	36	502	0
3	310	567	0
3	360	510	0
3	124	663	0
3	460	534	0
3	34	681	0
3	97	501	0
3	230	538	0
3	343	629	0
3	420	556	0
3	454	674	0
3	2	591	0
3	58	508	0
3	118	601	0
3	286	498	0
3	409	559	0
3	283	508	0
3	235	633	0
3	294	504	0
3	465	597	0
3	160	630	0
3	179	688	0
3	164	574	0
3	122	585	0
3	417	582	0
3	367	691	0
3	360	533	0
3	50	680	0
3	366	518	0
3	434	575	0
3	299	598	0
3	221	662	0
3	170	501	0
3	198	586	0
3	87	638	0
3	242	529	0
3	406	532	0
3	426	509	0
3	349	597	0
3	483	519	0
3	152	663	0
3	441	621	0
3	17	549	0
3	31	689	0
3	69	567	0
3	52	513	0
3	462	664	0
3	272	591	0
3	255	691	0
3	176	524	0
3	223	682	0
3	329	618	0
3	280	535	0
3	362	495	0
3	40	620	0
3	403	557	0
3	32	605	0
3	473	527	0
3	152	528	0
3	96	650	0
3	41	640	0
3	476	580	0
3	42	540	0
3	480	655	0
3	324	617	0
3	310	656	0
3	182	585	0
3	252	662	0
3	449	586	0
3	89	573	0
3	406	652	0
3	81	509	0
3	63	585	0
3	456	678	0
3	132	500	0
3	313	568	0
3	73	673	0
3	47	683	0
3	263	661	0
3	198	635	0
3	154	607	0
3	384	551	0
3	307	631	0
3	317	612	0
3	191	583	0
3	260	685	0
3	461	583	0
3	100	502	0
3	54	523	0
3	448	495	0
3	266	545	0
3	54	528	0
3	69	574	0
3	16	579	0
3	149	518	0
3	423	641	0
3	311	540	0
3	312	599	0
3	115	509	0
3	348	517	0
3	466	624	0
3	474	684	0
3	110	495	0
3	115	584	0
3	167	635	0
3	431	654	0
3	94	551	0
3	142	518	0
3	358	585	0
3	165	492	0
3	139	674	0
3	342	580	0
3	206	578	0
3	100	578	0
3	105	506	0
3	62	662	0
3	419	492	0
3	479	589	0
3	179	592	0
3	205	648	0
3	464	674	0
3	258	575	0
3	89	604	0
3	182	676	0
3	382	638	0
3	328	678	0
3	264	493	0
3	490	620	0
3	149	624	0
3	446	595	0
3	347	664	0
3	480	606	0
3	62	647	0
3	155	520	0
3	123	593	0
3	433	596	0
3	236	556	0
3	437	592	0
3	357	678	0
3	265	646	0
3	71	676	0
3	76	578	0
3	248	505	0
3	464	609	0
3	162	600	0
3	123	620	0
3	313	571	0
3	358	664	0
3	143	564	0
3	41	501	0
3	333	496	0
3	402	546	0
3	111	501	0
3	53	586	0
3	169	683	0
3	270	692	0
3	303	585	0
3	26	666	0
3	423	581	0
3	291	618	0
3	282	561	0
3	200	594	0
3	325	528	0
3	28	602	0
3	194	643	0
3	88	570	0
3	350	615	0
3	121	537	0
3	121	650	0
3	132	564	0
3	436	596	0
3	300	551	0
3	358	601	0
3	229	678	0
3	229	650	0
3	480	582	0
3	113	532	0
3	178	650	0
3	319	664	0
3	231	553	0
3	307	542	0
3	430	681	0
3	194	670	0
3	149	630	0
3	81	520	0
3	134	666	0
3	399	574	0
3	443	557	0
3	413	657	0
3	444	685	0
3	16	635	0
3	175	618	0
3	432	498	0
3	407	636	0
3	196	548	0
3	432	504	0
3	51	570	0
3	482	660	0
3	178	667	0
3	26	598	0
3	222	608	0
3	208	624	0
3	325	635	0
3	243	494	0
3	259	612	0
3	430	532	0
3	149	604	0
3	77	658	0
3	327	510	0
3	231	598	0
3	87	590	0
3	358	581	0
3	417	647	0
3	95	586	0
3	219	599	0
3	252	561	0
3	91	591	0
3	259	677	0
3	336	580	0
3	286	531	0
3	75	564	0
3	255	649	0
3	461	535	0
3	213	524	0
3	380	625	0
3	216	568	0
3	201	525	0
3	469	620	0
3	466	689	0
3	212	593	0
3	341	670	0
3	448	610	0
3	420	667	0
3	227	608	0
3	213	579	0
3	154	527	0
3	258	562	0
3	139	648	0
3	256	564	0
3	450	541	0
3	242	532	0
3	14	644	0
3	476	646	0
3	386	525	0
3	319	571	0
3	202	503	0
3	20	686	0
3	108	597	0
3	332	613	0
3	36	673	0
3	200	500	0
3	273	610	0
3	429	622	0
3	402	549	0
3	363	592	0
3	409	539	0
3	488	508	0
3	183	534	0
3	419	601	0
3	149	575	0
3	326	531	0
3	46	609	0
3	97	632	0
3	88	663	0
3	10	498	0
3	18	668	0
3	36	649	0
3	416	692	0
3	408	636	0
3	136	673	0
3	287	689	0
3	243	690	0
3	255	512	0
3	365	691	0
3	461	564	0
3	155	571	0
3	203	684	0
3	221	615	0
3	319	612	0
3	132	643	0
3	369	640	0
3	144	564	0
3	366	581	0
3	4	550	0
3	335	673	0
3	250	665	0
3	198	627	0
3	364	561	0
3	298	622	0
3	287	664	0
3	112	612	0
3	275	574	0
3	414	613	0
3	201	578	0
3	236	643	0
3	217	615	0
3	393	583	0
3	261	559	0
3	335	594	0
3	89	655	0
3	212	628	0
3	275	633	0
3	247	644	0
3	229	628	0
3	231	556	0
3	482	684	0
3	6	666	0
3	72	613	0
3	179	596	0
3	99	591	0
3	234	539	0
3	364	637	0
3	372	582	0
3	423	532	0
3	388	613	0
3	452	636	0
3	2	667	0
3	209	567	0
3	334	504	0
3	465	644	0
3	374	623	0
3	394	564	0
3	378	653	0
3	474	565	0
3	409	495	0
3	419	654	0
3	146	503	0
3	136	667	0
3	445	534	0
3	212	614	0
3	11	691	0
3	481	498	0
3	292	505	0
3	354	503	0
3	63	598	0
3	203	525	0
3	30	574	0
3	62	523	0
3	52	655	0
3	145	598	0
3	84	675	0
3	413	528	0
3	69	649	0
3	374	580	0
3	114	619	0
3	175	616	0
3	448	528	0
3	388	546	0
3	93	608	0
3	100	641	0
3	287	637	0
3	294	509	0
3	326	625	0
3	258	675	0
3	123	564	0
3	135	667	0
3	38	602	0
3	100	527	0
3	22	618	0
3	428	542	0
3	259	567	0
3	484	509	0
3	464	691	0
3	437	502	0
3	89	678	0
3	152	539	0
3	189	635	0
3	383	539	0
3	5	609	0
3	263	556	0
3	133	531	0
3	301	599	0
3	117	666	0
3	296	536	0
3	231	677	0
3	416	606	0
3	103	495	0
3	54	588	0
3	261	532	0
3	473	689	0
3	253	499	0
3	487	660	0
3	375	668	0
3	347	605	0
3	65	543	0
3	91	522	0
3	272	673	0
3	91	546	0
3	293	603	0
3	82	638	0
3	353	619	0
3	454	567	0
3	229	687	0
3	411	526	0
3	474	591	0
3	18	511	0
3	269	663	0
3	325	691	0
3	177	541	0
3	64	497	0
3	452	606	0
3	169	647	0
3	413	519	0
3	463	628	0
3	462	599	0
3	466	597	0
3	52	689	0
3	428	554	0
3	66	492	0
3	409	634	0
3	385	662	0
3	79	543	0
3	179	609	0
3	468	599	0
3	266	664	0
3	112	517	0
3	282	639	0
3	286	613	0
3	137	625	0
3	82	564	0
3	374	513	0
3	185	599	0
3	454	552	0
3	444	683	0
3	198	507	0
3	240	498	0
3	151	606	0
3	456	612	0
3	134	524	0
3	64	578	0
3	308	556	0
3	377	557	0
3	321	505	0
3	114	586	0
3	227	637	0
3	119	631	0
3	231	501	0
3	235	691	0
3	471	519	0
3	110	649	0
3	191	598	0
3	480	644	0
3	218	608	0
3	189	532	0
3	16	521	0
3	115	565	0
3	67	622	0
3	234	556	0
3	340	569	0
3	173	598	0
3	76	657	0
3	60	565	0
3	32	670	0
3	60	585	0
3	175	520	0
3	151	584	0
3	435	617	0
3	66	606	0
3	331	604	0
3	420	647	0
3	326	591	0
3	461	675	0
3	220	524	0
3	487	690	0
3	261	587	0
3	203	579	0
3	370	504	0
3	393	683	0
3	85	642	0
3	243	624	0
3	189	663	0
3	416	589	0
3	320	503	0
3	134	652	0
3	83	561	0
3	11	574	0
3	457	691	0
3	27	534	0
3	417	514	0
3	226	557	0
3	380	580	0
3	227	648	0
3	109	492	0
3	258	579	0
3	442	613	0
3	348	545	0
3	421	607	0
3	217	640	0
3	270	549	0
3	21	630	0
3	189	497	0
3	472	586	0
3	225	664	0
3	161	616	0
3	424	687	0
3	226	673	0
3	425	600	0
3	51	664	0
3	180	498	0
3	106	633	0
3	334	582	0
3	119	518	0
3	117	619	0
3	290	596	0
3	464	529	0
3	73	620	0
3	465	656	0
3	479	513	0
3	136	564	0
3	105	665	0
3	179	515	0
3	303	607	0
3	415	532	0
3	338	527	0
3	201	647	0
3	395	666	0
3	36	524	0
3	119	560	0
3	172	677	0
3	482	607	0
3	214	623	0
3	410	647	0
3	169	592	0
3	69	531	0
3	239	536	0
3	425	661	0
3	36	513	0
3	276	519	0
3	147	691	0
3	314	606	0
3	377	554	0
3	362	523	0
3	172	625	0
3	367	611	0
3	44	580	0
3	343	501	0
3	459	656	0
3	202	556	0
3	112	598	0
3	352	542	0
3	347	640	0
3	365	497	0
3	450	524	0
3	234	664	0
3	434	600	0
3	358	681	0
3	165	650	0
3	239	504	0
3	421	662	0
3	241	649	0
3	113	615	0
3	442	606	0
3	93	590	0
3	367	657	0
3	53	691	0
3	118	492	0
3	45	579	0
3	264	545	0
3	398	536	0
3	96	664	0
3	286	537	0
3	232	633	0
3	276	535	0
3	183	508	0
3	300	612	0
3	108	623	0
3	485	517	0
3	379	599	0
3	141	650	0
3	461	613	0
3	481	644	0
3	406	628	0
3	68	634	0
3	422	596	0
3	72	552	0
3	252	665	0
3	35	522	0
3	241	628	0
3	266	677	0
3	105	492	0
3	149	525	0
3	41	495	0
3	359	589	0
3	185	514	0
3	10	557	0
3	355	655	0
3	286	687	0
3	238	544	0
3	414	547	0
3	101	605	0
3	59	624	0
3	305	556	0
3	440	506	0
3	92	592	0
3	414	682	0
3	475	568	0
3	242	565	0
3	379	495	0
3	159	687	0
3	397	506	0
3	42	517	0
3	422	667	0
3	124	495	0
3	404	566	0
3	135	619	0
3	162	557	0
3	76	492	0
3	436	620	0
3	37	631	0
3	288	636	0
3	272	636	0
3	232	674	0
3	214	505	0
3	366	509	0
3	289	674	0
3	188	517	0
3	459	596	0
3	73	608	0
3	376	668	0
3	489	678	0
3	478	501	0
3	3	665	0
3	217	673	0
3	453	624	0
3	46	559	0
3	406	643	0
3	207	689	0
3	219	508	0
3	315	690	0
3	287	584	0
3	370	569	0
3	3	549	0
3	363	542	0
3	363	574	0
3	226	504	0
3	371	655	0
3	291	611	0
3	474	611	0
3	490	529	0
3	198	556	0
3	485	646	0
3	393	614	0
3	134	533	0
3	266	614	0
3	128	542	0
3	453	646	0
3	283	661	0
3	88	562	0
3	90	627	0
3	259	504	0
3	80	617	0
3	159	646	0
3	246	500	0
3	91	558	0
3	75	664	0
3	425	593	0
3	424	610	0
3	27	690	0
3	47	630	0
3	104	657	0
3	33	602	0
3	360	652	0
3	333	596	0
3	165	541	0
3	323	573	0
3	123	503	0
3	178	527	0
3	419	583	0
3	210	649	0
3	349	512	0
3	423	594	0
3	408	548	0
3	226	649	0
3	267	528	0
3	142	632	0
3	61	623	0
3	327	565	0
3	285	541	0
3	451	494	0
3	14	496	0
3	191	626	0
3	31	581	0
3	388	599	0
3	160	662	0
3	24	574	0
3	395	539	0
3	272	493	0
3	474	624	0
3	261	562	0
3	117	629	0
3	444	600	0
3	63	574	0
3	476	633	0
3	307	606	0
3	64	570	0
3	6	655	0
3	143	543	0
3	473	600	0
3	26	618	0
3	83	655	0
3	290	657	0
3	200	578	0
3	468	561	0
3	72	641	0
3	147	661	0
3	227	579	0
3	210	612	0
3	18	545	0
3	102	638	0
3	327	528	0
3	246	583	0
3	132	498	0
3	92	599	0
3	353	623	0
3	349	594	0
3	373	660	0
3	302	629	0
3	127	587	0
3	457	665	0
3	49	663	0
3	460	526	0
3	348	619	0
3	474	556	0
3	478	579	0
3	124	595	0
3	361	522	0
3	259	548	0
3	187	646	0
3	430	522	0
3	227	687	0
3	95	577	0
3	29	645	0
3	441	505	0
3	144	497	0
3	27	524	0
3	455	690	0
3	98	628	0
3	443	635	0
3	358	661	0
3	209	513	0
3	55	603	0
3	376	618	0
3	31	575	0
3	41	535	0
3	439	670	0
3	398	549	0
3	298	678	0
3	91	598	0
3	365	607	0
3	204	675	0
3	176	573	0
3	478	666	0
3	243	564	0
3	299	588	0
3	67	492	0
3	451	598	0
3	162	643	0
3	443	656	0
3	24	653	0
3	225	619	0
3	28	517	0
3	11	550	0
3	219	586	0
3	181	629	0
3	276	585	0
3	85	500	0
3	364	558	0
3	29	617	0
3	472	641	0
3	59	690	0
3	329	638	0
3	330	518	0
3	171	615	0
3	339	523	0
3	293	589	0
3	432	636	0
3	56	570	0
3	430	591	0
3	51	509	0
3	482	645	0
3	103	670	0
3	164	657	0
3	2	534	0
3	172	637	0
3	375	512	0
3	121	690	0
3	157	510	0
3	260	606	0
3	7	552	0
3	232	616	0
3	388	573	0
3	404	522	0
3	93	654	0
3	44	652	0
3	463	655	0
3	418	551	0
3	191	526	0
3	441	626	0
3	222	616	0
3	446	542	0
3	411	512	0
3	166	609	0
3	484	629	0
3	418	647	0
3	138	598	0
3	365	653	0
3	19	501	0
3	271	619	0
3	46	604	0
3	424	592	0
3	51	608	0
3	92	666	0
3	379	539	0
3	256	497	0
3	143	687	0
3	105	513	0
3	338	594	0
3	208	594	0
3	342	683	0
3	37	536	0
3	341	573	0
3	288	692	0
3	296	587	0
3	259	614	0
3	89	684	0
3	379	570	0
3	93	552	0
3	65	522	0
3	95	534	0
3	89	614	0
3	276	671	0
3	420	599	0
3	454	560	0
3	178	499	0
3	311	606	0
3	302	559	0
3	117	576	0
3	455	552	0
3	401	674	0
3	404	580	0
3	302	535	0
3	410	513	0
3	446	617	0
3	312	524	0
3	298	596	0
3	95	638	0
3	430	495	0
3	260	532	0
3	370	565	0
3	415	595	0
3	114	628	0
3	59	683	0
3	417	642	0
3	56	636	0
3	471	635	0
3	69	578	0
3	360	560	0
3	464	600	0
3	324	565	0
3	387	549	0
3	99	604	0
3	223	549	0
3	386	600	0
3	13	615	0
3	384	654	0
3	148	665	0
3	470	625	0
3	317	580	0
3	382	608	0
3	185	591	0
3	384	667	0
3	380	621	0
3	64	587	0
3	122	507	0
3	297	685	0
3	387	686	0
3	300	618	0
3	50	672	0
3	70	545	0
3	31	632	0
3	207	677	0
3	427	605	0
3	370	638	0
3	335	649	0
3	44	666	0
3	384	538	0
3	409	635	0
3	93	547	0
3	374	510	0
3	61	579	0
3	325	663	0
3	240	554	0
3	367	604	0
3	246	605	0
3	409	506	0
3	326	557	0
3	347	589	0
3	56	671	0
3	268	665	0
3	446	509	0
3	120	583	0
3	62	678	0
3	277	677	0
3	207	559	0
3	456	639	0
3	101	497	0
3	251	608	0
3	8	600	0
3	446	611	0
3	71	582	0
3	270	609	0
3	64	508	0
3	127	592	0
3	357	524	0
3	76	506	0
3	378	555	0
3	245	636	0
3	333	587	0
3	250	629	0
3	206	495	0
3	267	499	0
3	77	652	0
3	256	495	0
3	429	551	0
3	84	642	0
3	406	593	0
3	284	497	0
3	136	562	0
3	319	541	0
3	415	599	0
3	164	641	0
3	194	526	0
3	412	646	0
3	363	508	0
3	61	563	0
3	344	585	0
3	421	647	0
3	293	671	0
3	93	683	0
3	434	601	0
3	394	649	0
3	136	609	0
3	451	557	0
3	411	535	0
3	227	554	0
3	467	526	0
3	161	587	0
3	258	546	0
3	48	601	0
3	105	570	0
3	418	597	0
3	403	607	0
3	281	599	0
3	467	598	0
3	260	549	0
3	449	535	0
3	70	610	0
3	54	636	0
3	421	527	0
3	224	625	0
3	401	630	0
3	123	511	0
3	259	594	0
3	104	633	0
3	388	683	0
3	13	668	0
3	283	570	0
3	489	589	0
3	264	671	0
3	149	603	0
3	342	605	0
3	419	590	0
3	179	495	0
3	423	681	0
3	126	556	0
3	140	535	0
3	311	620	0
3	94	532	0
3	399	554	0
3	143	612	0
3	386	614	0
3	457	612	0
3	112	565	0
3	307	541	0
3	262	612	0
3	120	505	0
3	443	599	0
3	143	588	0
3	476	539	0
3	93	610	0
3	194	651	0
3	38	591	0
3	176	675	0
3	13	589	0
3	292	549	0
3	93	614	0
3	57	526	0
3	20	521	0
3	317	640	0
3	142	642	0
3	295	563	0
3	87	690	0
3	454	596	0
3	57	554	0
3	157	661	0
3	49	611	0
3	178	601	0
3	72	586	0
3	164	584	0
3	105	585	0
3	190	557	0
3	47	634	0
3	59	587	0
3	73	562	0
3	344	677	0
3	263	688	0
3	411	509	0
3	72	581	0
3	316	684	0
3	194	587	0
3	40	521	0
3	301	497	0
3	175	624	0
3	437	593	0
3	297	534	0
3	150	566	0
3	255	570	0
3	357	587	0
3	460	640	0
3	219	511	0
3	18	647	0
3	56	534	0
3	218	583	0
3	384	650	0
3	394	665	0
3	286	520	0
3	342	558	0
3	271	520	0
3	99	501	0
3	431	650	0
3	331	639	0
3	445	548	0
3	20	549	0
3	369	550	0
3	205	590	0
3	108	663	0
3	356	523	0
3	428	499	0
3	209	674	0
3	484	594	0
3	10	522	0
3	10	609	0
3	375	636	0
3	249	504	0
3	22	535	0
3	99	661	0
3	128	499	0
3	274	582	0
3	444	678	0
3	454	665	0
3	322	551	0
3	439	588	0
3	392	524	0
3	168	674	0
3	402	522	0
3	87	654	0
3	74	610	0
3	49	563	0
3	450	521	0
3	471	671	0
3	65	690	0
3	247	654	0
3	258	495	0
3	282	574	0
3	237	540	0
3	346	605	0
3	238	499	0
3	42	603	0
3	344	647	0
3	301	567	0
3	22	522	0
3	208	533	0
3	394	524	0
3	251	532	0
3	262	676	0
3	458	638	0
3	47	499	0
3	90	648	0
3	415	546	0
3	410	594	0
3	310	540	0
3	194	687	0
3	323	532	0
3	369	681	0
3	462	508	0
3	107	652	0
3	184	618	0
3	186	599	0
3	47	603	0
3	478	521	0
3	380	576	0
3	441	519	0
3	110	626	0
3	6	522	0
3	90	527	0
3	423	683	0
3	375	579	0
3	462	506	0
3	97	574	0
3	88	643	0
3	153	564	0
3	112	576	0
3	404	687	0
3	360	617	0
3	292	685	0
3	268	628	0
3	454	499	0
3	405	597	0
3	16	655	0
3	277	613	0
3	82	671	0
3	352	592	0
3	42	595	0
3	138	591	0
3	201	643	0
3	154	671	0
3	362	583	0
3	250	526	0
3	329	594	0
3	472	594	0
3	30	543	0
3	426	594	0
3	334	513	0
3	194	520	0
3	75	512	0
3	203	531	0
3	243	670	0
3	217	513	0
3	202	502	0
3	114	589	0
3	118	674	0
3	189	618	0
3	251	609	0
3	27	600	0
3	161	617	0
3	432	575	0
3	365	580	0
3	336	642	0
3	200	620	0
3	356	549	0
3	249	495	0
3	163	625	0
3	383	503	0
3	179	578	0
3	226	585	0
3	304	625	0
3	328	504	0
3	172	509	0
3	489	502	0
3	10	549	0
3	220	550	0
3	475	502	0
3	126	672	0
3	222	601	0
3	259	629	0
3	134	537	0
3	480	624	0
3	94	690	0
3	125	569	0
3	455	582	0
3	24	643	0
3	389	532	0
3	312	496	0
3	208	666	0
3	340	588	0
3	485	609	0
3	312	504	0
3	442	531	0
3	280	670	0
3	289	628	0
3	106	662	0
3	423	539	0
3	22	612	0
3	87	619	0
3	80	568	0
3	320	517	0
3	16	667	0
3	172	573	0
3	174	506	0
3	85	551	0
3	25	668	0
3	361	549	0
3	21	493	0
3	240	512	0
3	89	492	0
3	166	599	0
3	366	594	0
3	186	605	0
3	97	529	0
3	40	582	0
3	237	631	0
3	449	585	0
3	77	610	0
3	422	504	0
3	142	503	0
3	292	537	0
3	1	685	0
3	466	549	0
3	417	635	0
3	249	666	0
3	281	579	0
3	391	503	0
3	482	563	0
3	111	497	0
3	242	571	0
3	214	688	0
3	312	604	0
3	307	587	0
3	249	506	0
3	450	641	0
3	137	607	0
3	301	570	0
3	331	536	0
3	224	611	0
3	441	616	0
3	351	575	0
3	81	660	0
3	467	537	0
3	157	544	0
3	176	594	0
3	261	651	0
3	420	513	0
3	384	585	0
3	267	605	0
3	319	607	0
3	441	573	0
3	380	622	0
3	374	642	0
3	379	629	0
3	59	666	0
3	1	534	0
3	55	575	0
3	326	610	0
3	262	534	0
3	424	660	0
3	355	524	0
3	196	531	0
3	75	502	0
3	79	575	0
3	360	541	0
3	264	612	0
3	101	530	0
3	249	618	0
3	312	537	0
3	180	563	0
3	158	649	0
3	143	606	0
3	490	569	0
3	107	630	0
3	405	623	0
3	471	528	0
3	167	690	0
3	27	541	0
3	214	559	0
3	282	646	0
3	37	492	0
3	489	605	0
3	131	615	0
3	160	614	0
3	127	640	0
3	220	561	0
3	229	506	0
3	64	613	0
3	298	606	0
3	486	621	0
3	15	644	0
3	223	513	0
3	211	643	0
3	258	535	0
3	300	639	0
3	476	684	0
3	159	557	0
3	110	515	0
3	360	602	0
3	149	687	0
3	465	586	0
3	380	504	0
3	130	666	0
3	184	691	0
3	283	628	0
3	125	499	0
3	236	667	0
3	212	664	0
3	378	540	0
3	408	570	0
3	491	493	0
3	298	629	0
3	22	499	0
3	373	667	0
3	459	587	0
3	283	583	0
3	379	681	0
3	354	656	0
3	170	619	0
3	219	534	0
3	378	520	0
3	61	499	0
3	94	523	0
3	366	560	0
3	384	619	0
3	294	593	0
3	249	600	0
3	34	521	0
3	66	666	0
3	420	684	0
3	137	668	0
3	268	542	0
3	324	656	0
3	157	692	0
3	293	619	0
3	324	519	0
3	226	567	0
3	57	511	0
3	259	609	0
3	19	615	0
3	323	512	0
3	63	690	0
3	41	557	0
3	99	545	0
3	128	565	0
3	240	635	0
3	238	621	0
3	277	684	0
3	22	604	0
3	458	589	0
3	6	569	0
3	480	504	0
3	439	525	0
3	161	678	0
3	328	623	0
3	450	629	0
3	488	569	0
3	465	569	0
3	371	615	0
3	80	665	0
3	407	546	0
3	325	619	0
3	209	678	0
3	242	649	0
3	7	624	0
3	473	575	0
3	172	628	0
3	172	546	0
3	69	610	0
3	491	498	0
3	62	554	0
3	95	656	0
3	269	664	0
3	228	506	0
3	468	527	0
3	125	656	0
3	158	633	0
3	50	608	0
3	120	645	0
3	180	601	0
3	76	635	0
3	431	542	0
3	84	686	0
3	35	667	0
3	386	557	0
3	79	603	0
3	299	675	0
3	262	528	0
3	79	604	0
3	381	654	0
3	101	586	0
3	326	570	0
3	146	542	0
3	286	550	0
3	414	653	0
3	70	556	0
3	24	663	0
3	307	570	0
3	354	578	0
3	74	657	0
3	1	504	0
3	374	635	0
3	130	687	0
3	242	622	0
3	91	606	0
3	93	635	0
3	14	618	0
3	336	671	0
3	50	648	0
3	385	667	0
3	302	604	0
3	367	661	0
3	44	539	0
3	385	593	0
3	81	641	0
3	348	641	0
3	216	521	0
3	275	614	0
3	51	546	0
3	232	575	0
3	276	520	0
3	388	582	0
3	478	646	0
3	369	608	0
3	297	601	0
3	98	542	0
3	28	633	0
3	373	636	0
3	287	531	0
3	378	560	0
3	282	657	0
3	436	553	0
3	409	608	0
3	106	599	0
3	130	522	0
3	463	596	0
3	73	512	0
3	397	492	0
3	137	573	0
3	456	550	0
3	308	628	0
3	445	537	0
3	284	667	0
3	157	562	0
3	87	668	0
3	446	560	0
3	86	684	0
3	445	499	0
3	297	677	0
3	6	614	0
3	49	549	0
3	366	552	0
3	78	498	0
3	436	494	0
3	211	546	0
3	197	590	0
3	87	577	0
3	382	558	0
3	240	539	0
3	39	551	0
3	365	583	0
3	261	641	0
3	410	636	0
3	24	668	0
3	286	654	0
3	198	551	0
3	471	530	0
3	269	549	0
3	362	675	0
3	102	674	0
3	392	618	0
3	139	691	0
3	340	584	0
3	404	593	0
3	348	689	0
3	196	626	0
3	30	673	0
3	413	690	0
3	319	495	0
3	159	671	0
3	256	570	0
3	477	570	0
3	331	517	0
3	329	662	0
3	413	646	0
3	118	523	0
3	49	521	0
3	167	636	0
3	32	622	0
3	165	551	0
3	37	638	0
3	387	571	0
3	54	569	0
3	460	594	0
3	394	563	0
3	27	611	0
3	351	519	0
3	250	658	0
3	21	539	0
3	315	576	0
3	203	558	0
3	151	618	0
3	76	673	0
3	461	522	0
3	26	687	0
3	364	563	0
3	175	661	0
3	282	638	0
3	391	537	0
3	257	603	0
3	68	654	0
3	290	503	0
3	424	604	0
3	125	676	0
3	294	604	0
3	51	600	0
3	157	537	0
3	159	504	0
3	271	532	0
3	148	549	0
3	41	636	0
3	368	691	0
3	42	673	0
3	390	689	0
3	472	671	0
3	215	584	0
3	63	500	0
3	112	645	0
3	419	506	0
3	9	542	0
3	74	537	0
3	359	612	0
3	405	620	0
3	59	675	0
3	246	551	0
3	131	512	0
3	130	593	0
3	243	621	0
3	335	579	0
3	348	549	0
3	68	561	0
3	239	638	0
3	235	626	0
3	436	618	0
3	385	539	0
3	254	627	0
3	148	541	0
3	351	626	0
3	443	660	0
3	204	493	0
3	276	578	0
3	478	550	0
3	466	677	0
3	324	579	0
3	19	588	0
3	210	495	0
3	344	575	0
3	125	624	0
3	149	512	0
3	73	559	0
3	386	563	0
3	169	690	0
3	62	542	0
3	334	624	0
3	483	629	0
3	427	623	0
3	131	643	0
3	212	592	0
3	50	642	0
3	434	660	0
3	40	662	0
3	218	689	0
3	160	580	0
3	282	502	0
3	74	687	0
3	255	613	0
3	112	528	0
3	465	570	0
3	170	642	0
3	245	619	0
3	364	584	0
3	335	550	0
3	213	540	0
3	373	595	0
3	433	564	0
3	477	548	0
3	173	664	0
3	399	592	0
3	156	503	0
3	336	511	0
3	4	494	0
3	339	687	0
3	368	505	0
3	63	560	0
3	127	533	0
3	50	567	0
3	163	678	0
3	328	666	0
3	398	569	0
3	453	596	0
3	404	575	0
3	141	502	0
3	407	519	0
3	267	595	0
3	106	543	0
3	55	642	0
3	332	640	0
3	369	605	0
3	58	633	0
3	56	564	0
3	197	498	0
3	266	681	0
3	140	537	0
3	437	522	0
3	486	662	0
3	12	588	0
3	262	546	0
3	388	668	0
3	136	523	0
3	176	664	0
3	278	495	0
3	309	649	0
3	360	572	0
3	97	626	0
3	427	644	0
3	216	573	0
3	391	569	0
3	319	588	0
3	206	517	0
3	176	522	0
3	1	662	0
3	228	616	0
3	226	636	0
3	446	683	0
3	332	598	0
3	256	618	0
3	440	578	0
3	149	686	0
3	93	618	0
3	90	599	0
3	217	650	0
3	54	501	0
3	180	531	0
3	182	571	0
3	254	542	0
3	459	661	0
3	272	573	0
3	6	579	0
3	285	551	0
3	308	668	0
3	430	652	0
3	138	671	0
3	109	685	0
3	404	528	0
3	217	532	0
3	66	580	0
3	21	635	0
3	206	511	0
3	374	542	0
3	173	671	0
3	394	673	0
3	407	684	0
3	370	539	0
3	457	666	0
3	215	521	0
3	419	581	0
3	138	610	0
3	252	495	0
3	226	633	0
3	489	672	0
3	308	655	0
3	300	518	0
3	4	583	0
3	216	628	0
3	273	591	0
3	80	509	0
3	447	648	0
3	240	575	0
3	124	587	0
3	470	579	0
3	8	667	0
3	354	690	0
3	469	611	0
3	11	668	0
3	385	684	0
3	59	607	0
3	387	597	0
3	491	672	0
3	202	665	0
3	317	611	0
3	274	662	0
3	354	519	0
3	275	678	0
3	287	498	0
3	125	565	0
3	219	592	0
3	229	641	0
3	288	549	0
3	377	515	0
3	184	576	0
3	224	513	0
3	182	656	0
3	474	559	0
3	69	511	0
3	62	557	0
3	334	506	0
3	349	663	0
3	175	596	0
3	223	644	0
3	487	657	0
3	295	546	0
3	422	679	0
3	173	608	0
3	248	549	0
3	33	677	0
3	381	520	0
3	271	495	0
3	335	535	0
3	364	585	0
3	9	551	0
3	41	671	0
3	286	618	0
3	324	614	0
3	65	660	0
3	294	641	0
3	238	595	0
3	358	546	0
3	404	542	0
3	227	638	0
3	62	513	0
3	441	582	0
3	352	605	0
3	189	582	0
3	175	593	0
3	70	604	0
3	99	685	0
3	321	640	0
3	353	585	0
3	441	682	0
3	170	689	0
3	272	505	0
3	381	570	0
3	148	608	0
3	344	495	0
3	285	663	0
3	141	654	0
3	123	607	0
3	183	574	0
3	110	620	0
3	68	622	0
3	231	599	0
3	119	563	0
3	424	537	0
3	373	687	0
3	47	576	0
3	229	543	0
3	212	568	0
3	436	623	0
3	341	682	0
3	439	545	0
3	283	575	0
3	196	527	0
3	231	580	0
3	81	549	0
3	322	637	0
3	33	562	0
3	277	541	0
3	128	585	0
3	447	613	0
3	231	655	0
3	147	684	0
3	286	616	0
3	136	494	0
3	406	571	0
3	324	546	0
3	97	542	0
3	446	559	0
3	446	500	0
3	359	512	0
3	311	673	0
3	473	594	0
3	301	544	0
3	271	594	0
3	202	514	0
3	215	492	0
3	419	538	0
3	190	663	0
3	394	624	0
3	170	657	0
3	33	546	0
3	296	573	0
3	229	612	0
3	140	592	0
3	159	665	0
3	165	590	0
3	293	644	0
3	438	667	0
3	137	604	0
3	432	684	0
3	178	604	0
3	148	649	0
3	68	559	0
3	259	506	0
3	91	544	0
3	289	518	0
3	115	541	0
3	211	642	0
3	363	544	0
3	394	584	0
3	279	590	0
3	115	629	0
3	436	668	0
3	134	614	0
3	248	582	0
3	207	513	0
3	372	559	0
3	325	588	0
3	389	583	0
3	475	509	0
3	163	565	0
3	121	692	0
3	195	541	0
3	14	535	0
3	338	684	0
3	141	532	0
3	424	626	0
3	68	592	0
3	51	549	0
3	269	591	0
3	480	653	0
3	232	681	0
3	403	513	0
3	472	590	0
3	188	546	0
3	320	657	0
3	86	498	0
3	450	600	0
3	127	595	0
3	105	604	0
3	346	690	0
3	464	684	0
3	37	676	0
3	97	541	0
3	452	534	0
3	195	556	0
3	221	672	0
3	286	575	0
3	207	567	0
3	254	643	0
3	67	656	0
3	52	579	0
3	100	523	0
3	411	670	0
3	472	657	0
3	102	550	0
3	29	543	0
3	65	613	0
3	292	657	0
3	417	674	0
3	59	581	0
3	450	667	0
3	30	646	0
3	197	686	0
3	76	607	0
3	248	675	0
3	7	527	0
3	338	554	0
3	183	496	0
3	460	513	0
3	393	626	0
3	80	575	0
3	97	537	0
3	323	598	0
3	226	543	0
3	247	571	0
3	78	588	0
3	121	494	0
3	58	493	0
3	270	691	0
3	387	606	0
3	409	538	0
3	207	635	0
3	156	499	0
3	47	684	0
3	275	617	0
3	206	637	0
3	363	657	0
3	140	522	0
3	244	557	0
3	309	536	0
3	399	575	0
3	486	572	0
3	35	514	0
3	244	539	0
3	247	650	0
3	84	569	0
3	176	567	0
3	92	497	0
3	167	661	0
3	274	502	0
3	180	543	0
3	265	681	0
3	91	495	0
3	449	687	0
3	77	536	0
3	379	647	0
3	8	508	0
3	477	638	0
3	458	656	0
3	257	621	0
3	379	509	0
3	316	578	0
3	267	543	0
3	102	576	0
3	50	605	0
3	361	556	0
3	170	497	0
3	412	681	0
3	307	600	0
3	27	639	0
3	43	540	0
3	154	673	0
3	375	677	0
3	363	655	0
3	107	584	0
3	393	603	0
3	105	633	0
3	362	494	0
3	152	575	0
3	130	646	0
3	48	504	0
3	310	642	0
3	20	578	0
3	29	654	0
3	4	664	0
3	241	630	0
3	236	579	0
3	26	691	0
3	207	596	0
3	267	684	0
3	259	551	0
3	213	564	0
3	88	665	0
3	22	599	0
3	449	664	0
3	141	494	0
3	338	495	0
3	93	497	0
3	486	639	0
3	461	549	0
3	238	634	0
3	272	499	0
3	185	638	0
3	454	600	0
3	315	614	0
3	225	562	0
3	431	636	0
3	145	677	0
3	482	590	0
3	250	522	0
3	268	654	0
3	434	509	0
3	39	615	0
3	467	638	0
3	226	611	0
3	161	618	0
3	397	513	0
3	158	604	0
3	283	637	0
3	186	664	0
3	204	590	0
3	347	685	0
3	22	629	0
3	150	579	0
3	48	617	0
3	425	654	0
3	296	597	0
3	365	538	0
3	244	588	0
3	481	661	0
3	315	604	0
3	421	541	0
3	350	505	0
3	4	670	0
3	428	586	0
3	54	535	0
3	402	655	0
3	242	611	0
3	353	575	0
3	259	535	0
3	270	502	0
3	291	661	0
3	458	528	0
3	466	539	0
3	247	534	0
3	172	601	0
3	253	511	0
3	100	548	0
3	391	671	0
3	205	549	0
3	89	689	0
3	408	684	0
3	58	623	0
3	196	565	0
3	227	606	0
3	53	658	0
3	348	583	0
3	355	673	0
3	386	503	0
3	16	616	0
3	107	619	0
3	22	650	0
3	131	596	0
3	171	502	0
3	447	660	0
3	358	590	0
3	368	492	0
3	143	496	0
3	472	618	0
3	306	657	0
3	319	670	0
3	265	636	0
3	175	536	0
3	124	513	0
3	334	514	0
3	433	559	0
3	383	661	0
3	159	564	0
3	54	510	0
3	451	588	0
3	49	691	0
3	123	637	0
3	49	672	0
3	161	522	0
3	58	501	0
3	217	655	0
3	486	687	0
3	488	648	0
3	243	600	0
3	339	613	0
3	337	513	0
3	198	651	0
3	139	609	0
3	474	492	0
3	270	564	0
3	468	522	0
3	427	559	0
3	70	650	0
3	389	621	0
3	313	536	0
3	315	628	0
3	367	616	0
3	459	532	0
3	100	494	0
3	113	552	0
3	360	565	0
3	280	631	0
3	133	574	0
3	475	581	0
3	248	651	0
3	272	590	0
3	276	542	0
3	70	531	0
3	360	679	0
3	396	561	0
3	414	659	0
3	23	499	0
3	281	673	0
3	118	550	0
3	230	665	0
3	259	558	0
3	60	649	0
3	108	648	0
3	247	645	0
3	10	504	0
3	24	497	0
3	275	608	0
3	430	514	0
3	167	606	0
3	458	531	0
3	228	582	0
3	394	540	0
3	111	671	0
3	477	534	0
3	410	558	0
3	114	622	0
3	382	636	0
3	50	495	0
3	254	668	0
3	391	521	0
3	457	596	0
3	326	535	0
3	363	593	0
3	357	640	0
3	356	674	0
3	422	632	0
3	381	646	0
3	461	530	0
3	282	535	0
3	398	685	0
3	186	604	0
3	91	501	0
3	440	583	0
3	316	609	0
3	332	636	0
3	23	613	0
3	276	591	0
3	346	582	0
3	365	658	0
3	435	619	0
3	266	644	0
3	384	542	0
3	92	620	0
3	268	656	0
3	251	549	0
3	308	508	0
3	417	593	0
3	285	630	0
3	39	494	0
3	9	644	0
3	260	495	0
3	276	668	0
3	449	524	0
3	144	525	0
3	307	524	0
3	230	646	0
3	394	656	0
3	91	663	0
3	365	665	0
3	135	617	0
3	157	590	0
3	210	535	0
3	226	587	0
3	341	546	0
3	150	559	0
3	141	612	0
3	279	666	0
3	214	506	0
3	462	614	0
3	1	691	0
3	123	570	0
3	28	539	0
3	416	631	0
3	206	591	0
3	489	581	0
3	86	667	0
3	285	644	0
3	86	663	0
3	448	508	0
3	174	517	0
3	391	501	0
3	243	610	0
3	444	638	0
3	135	589	0
3	127	586	0
3	398	525	0
3	189	494	0
3	338	541	0
3	472	637	0
3	416	624	0
3	0	591	0
3	296	675	0
3	127	527	0
3	2	506	0
3	112	692	0
3	275	600	0
3	295	650	0
3	451	493	0
3	139	596	0
3	41	605	0
3	490	550	0
3	106	517	0
3	93	605	0
3	397	636	0
3	250	640	0
3	400	531	0
3	190	617	0
3	482	647	0
3	96	573	0
3	179	604	0
3	68	660	0
3	193	582	0
3	55	643	0
3	56	691	0
3	27	626	0
3	139	673	0
3	32	611	0
3	40	576	0
3	203	496	0
3	186	614	0
3	133	664	0
3	447	642	0
3	490	594	0
3	381	665	0
3	391	675	0
3	428	496	0
3	271	679	0
3	354	514	0
3	420	636	0
3	124	676	0
3	124	557	0
3	248	554	0
3	168	545	0
3	388	529	0
3	189	611	0
3	268	646	0
3	76	494	0
3	403	524	0
3	490	545	0
3	92	511	0
3	364	519	0
3	69	584	0
3	368	524	0
3	225	564	0
3	438	671	0
3	384	641	0
3	29	612	0
3	100	670	0
3	465	660	0
3	260	619	0
3	483	517	0
3	253	604	0
3	404	573	0
3	362	634	0
3	123	645	0
3	262	641	0
3	454	607	0
3	376	561	0
3	258	569	0
3	60	677	0
3	435	537	0
3	149	535	0
3	25	646	0
3	145	600	0
3	377	609	0
3	149	626	0
3	223	596	0
3	476	670	0
3	425	546	0
3	432	610	0
3	106	689	0
3	360	670	0
3	472	689	0
3	145	585	0
3	380	688	0
3	85	690	0
3	152	558	0
3	185	606	0
3	243	623	0
3	160	498	0
3	203	578	0
3	392	616	0
3	275	554	0
3	439	556	0
3	33	549	0
3	159	512	0
3	57	543	0
3	144	602	0
3	60	647	0
3	387	562	0
3	263	677	0
3	164	639	0
3	36	563	0
3	401	571	0
3	213	660	0
3	75	637	0
3	259	557	0
3	188	640	0
3	453	656	0
3	132	524	0
3	82	640	0
3	236	519	0
3	88	536	0
3	105	687	0
3	318	531	0
3	41	648	0
3	270	661	0
3	387	638	0
3	77	616	0
3	403	550	0
3	97	535	0
3	426	585	0
3	212	675	0
3	280	654	0
3	230	580	0
3	96	582	0
3	445	611	0
3	321	503	0
3	69	660	0
3	488	546	0
3	90	594	0
3	60	564	0
3	378	586	0
3	252	580	0
3	384	556	0
3	468	559	0
3	32	668	0
3	113	667	0
3	427	492	0
3	260	613	0
3	161	535	0
3	336	614	0
3	468	619	0
3	31	540	0
3	418	579	0
3	387	525	0
3	127	551	0
3	198	672	0
3	149	619	0
3	235	629	0
3	155	575	0
3	267	631	0
3	389	656	0
3	184	504	0
3	228	580	0
3	19	691	0
3	158	691	0
3	189	664	0
3	245	659	0
3	364	683	0
3	384	574	0
3	196	612	0
3	457	690	0
3	458	494	0
3	90	621	0
3	384	583	0
3	430	536	0
3	65	621	0
3	212	496	0
3	459	579	0
3	454	629	0
3	302	623	0
3	259	635	0
3	37	639	0
3	6	494	0
3	40	549	0
3	469	610	0
3	11	620	0
3	149	569	0
3	487	495	0
3	64	542	0
3	328	544	0
3	174	584	0
3	97	630	0
3	370	587	0
3	20	493	0
3	330	604	0
3	59	667	0
3	304	601	0
3	333	633	0
3	169	503	0
3	34	582	0
3	460	674	0
3	446	522	0
3	116	514	0
3	81	542	0
3	74	645	0
3	485	497	0
3	451	576	0
3	405	551	0
3	107	557	0
3	125	666	0
3	389	598	0
3	286	532	0
3	67	497	0
3	226	495	0
3	221	604	0
3	337	556	0
3	131	503	0
3	250	673	0
3	332	542	0
3	455	644	0
3	269	686	0
3	87	545	0
3	20	602	0
3	352	576	0
3	405	673	0
3	156	683	0
3	176	649	0
3	167	569	0
3	408	665	0
3	205	563	0
3	471	502	0
3	250	561	0
3	375	606	0
3	336	588	0
3	97	594	0
3	480	689	0
3	180	492	0
3	110	542	0
3	166	512	0
3	316	584	0
3	188	604	0
3	186	621	0
3	275	584	0
3	185	652	0
3	277	640	0
3	314	644	0
3	457	579	0
3	490	660	0
3	451	615	0
3	358	519	0
3	174	636	0
3	360	582	0
3	452	689	0
3	403	668	0
3	223	509	0
3	90	550	0
3	468	507	0
3	132	683	0
3	485	685	0
3	129	638	0
3	340	578	0
3	342	585	0
3	214	682	0
3	220	564	0
3	399	628	0
3	309	564	0
3	469	635	0
3	341	519	0
3	275	661	0
3	32	646	0
3	317	608	0
3	234	672	0
3	334	539	0
3	325	503	0
3	259	517	0
3	262	659	0
3	396	563	0
3	75	535	0
3	294	661	0
3	174	546	0
3	274	642	0
3	366	628	0
3	169	578	0
3	215	687	0
3	102	620	0
3	34	609	0
3	225	676	0
3	231	679	0
3	380	589	0
3	66	534	0
3	309	533	0
3	33	527	0
3	252	548	0
3	230	508	0
3	169	512	0
3	408	495	0
3	86	543	0
3	169	537	0
3	108	678	0
3	51	583	0
3	60	690	0
3	71	645	0
3	353	673	0
3	387	670	0
3	44	604	0
3	102	593	0
3	283	548	0
3	335	689	0
3	109	564	0
3	298	597	0
3	380	546	0
3	481	496	0
3	49	673	0
3	371	614	0
3	40	584	0
3	269	679	0
3	139	570	0
3	57	505	0
3	56	666	0
3	414	691	0
3	439	584	0
3	114	636	0
3	348	670	0
3	142	534	0
3	331	523	0
3	213	569	0
3	376	511	0
3	423	629	0
3	442	561	0
3	419	526	0
3	266	571	0
3	422	675	0
3	283	673	0
3	126	506	0
3	93	588	0
3	18	640	0
3	272	650	0
3	87	497	0
3	302	581	0
3	4	508	0
3	485	613	0
3	48	542	0
3	230	623	0
3	250	614	0
3	240	684	0
3	447	541	0
3	131	634	0
3	6	678	0
3	213	681	0
3	302	626	0
3	339	543	0
3	365	555	0
3	311	579	0
3	7	549	0
3	289	663	0
3	43	681	0
3	455	575	0
3	31	510	0
3	486	543	0
3	153	523	0
3	471	563	0
3	309	591	0
3	309	504	0
3	224	544	0
3	62	508	0
3	364	605	0
3	355	634	0
3	291	573	0
3	467	674	0
3	210	657	0
3	193	524	0
3	360	635	0
3	288	567	0
3	30	500	0
3	171	592	0
3	387	495	0
3	382	567	0
3	8	535	0
3	320	596	0
3	482	598	0
3	184	613	0
3	319	629	0
3	354	662	0
3	219	657	0
3	143	608	0
3	449	556	0
3	463	570	0
3	479	524	0
3	414	528	0
3	174	647	0
3	129	571	0
3	431	644	0
3	189	668	0
3	63	525	0
3	20	657	0
3	191	498	0
3	54	630	0
3	103	550	0
3	282	673	0
3	288	625	0
3	118	536	0
3	155	530	0
3	115	601	0
3	428	624	0
3	223	586	0
3	149	527	0
3	75	624	0
3	63	496	0
3	418	665	0
3	353	615	0
3	210	575	0
3	245	570	0
3	355	690	0
3	346	537	0
3	399	660	0
3	406	609	0
3	307	590	0
3	457	535	0
3	102	562	0
3	200	601	0
3	197	562	0
3	124	622	0
3	79	556	0
3	251	587	0
3	40	629	0
3	438	620	0
3	160	687	0
3	414	662	0
3	455	612	0
3	346	687	0
3	202	677	0
3	488	545	0
3	354	678	0
3	49	653	0
3	280	676	0
3	440	683	0
3	126	660	0
3	204	539	0
3	125	641	0
3	414	562	0
3	103	613	0
3	35	545	0
3	126	610	0
3	71	576	0
3	422	629	0
3	55	612	0
3	300	500	0
3	36	690	0
3	392	582	0
3	376	661	0
3	238	593	0
3	411	588	0
3	7	519	0
3	78	504	0
3	9	690	0
3	115	643	0
3	403	528	0
3	490	684	0
3	315	642	0
3	240	619	0
3	243	688	0
3	381	640	0
3	293	605	0
3	177	549	0
3	408	600	0
3	127	629	0
3	357	581	0
3	471	594	0
3	371	612	0
3	355	508	0
3	436	519	0
3	355	675	0
3	224	586	0
3	234	584	0
3	137	502	0
3	68	608	0
3	313	626	0
3	108	577	0
3	356	565	0
3	449	600	0
3	237	661	0
3	228	522	0
3	165	608	0
3	51	505	0
3	188	646	0
3	394	602	0
3	250	495	0
3	51	582	0
3	292	683	0
3	109	535	0
3	275	576	0
3	442	524	0
3	420	616	0
3	376	596	0
3	265	673	0
3	304	535	0
3	20	502	0
3	324	600	0
3	387	681	0
3	53	595	0
3	154	600	0
3	411	639	0
3	222	613	0
3	453	603	0
3	313	502	0
3	404	564	0
3	170	601	0
3	122	512	0
3	74	608	0
3	45	617	0
3	391	556	0
3	107	495	0
3	355	512	0
3	42	558	0
3	295	494	0
3	354	534	0
3	345	525	0
3	376	589	0
3	402	547	0
3	188	497	0
3	208	619	0
3	102	585	0
3	294	506	0
3	482	611	0
3	191	506	0
3	146	554	0
3	50	571	0
3	408	668	0
3	333	637	0
3	123	583	0
3	286	557	0
3	65	567	0
3	56	498	0
3	464	556	0
3	365	517	0
3	452	664	0
3	196	630	0
3	203	647	0
3	106	534	0
3	172	600	0
3	331	512	0
3	176	569	0
3	207	621	0
3	141	598	0
3	109	576	0
3	90	641	0
3	372	492	0
3	417	611	0
3	107	588	0
3	373	587	0
3	182	535	0
3	53	602	0
3	277	579	0
3	404	492	0
3	424	561	0
3	275	550	0
3	65	508	0
3	246	677	0
3	85	587	0
3	147	557	0
3	77	636	0
3	283	558	0
3	205	518	0
3	304	552	0
3	33	687	0
3	163	528	0
3	255	589	0
3	160	523	0
3	167	492	0
3	227	533	0
3	475	633	0
3	441	549	0
3	297	608	0
3	284	509	0
3	466	603	0
3	203	529	0
3	44	549	0
3	108	537	0
3	481	576	0
3	366	620	0
3	31	589	0
3	304	583	0
3	181	592	0
3	367	492	0
3	410	508	0
3	392	509	0
3	491	508	0
3	18	596	0
3	260	581	0
3	302	631	0
3	230	625	0
3	393	619	0
3	404	654	0
3	291	646	0
3	70	573	0
3	11	570	0
3	191	599	0
3	267	642	0
3	322	614	0
3	207	628	0
3	138	543	0
3	304	498	0
3	416	648	0
3	302	532	0
3	395	511	0
3	211	689	0
3	373	499	0
3	426	674	0
3	281	591	0
3	229	661	0
3	468	632	0
3	262	685	0
3	286	564	0
3	297	561	0
3	32	635	0
3	170	549	0
3	157	646	0
3	215	649	0
3	447	618	0
3	419	588	0
3	476	527	0
3	377	571	0
3	260	504	0
3	39	599	0
3	322	522	0
3	224	598	0
3	67	597	0
3	470	564	0
3	240	687	0
3	355	641	0
3	435	623	0
3	490	671	0
3	170	554	0
3	325	643	0
3	204	497	0
3	48	631	0
3	270	664	0
3	454	583	0
3	131	618	0
3	399	586	0
3	316	598	0
3	218	596	0
3	342	650	0
3	29	602	0
3	279	574	0
3	266	671	0
3	396	524	0
3	301	539	0
3	356	662	0
3	478	601	0
3	85	685	0
3	458	529	0
3	281	513	0
3	191	570	0
3	263	499	0
3	368	670	0
3	118	541	0
3	74	497	0
3	78	497	0
3	290	684	0
3	5	654	0
3	321	496	0
3	354	526	0
3	395	594	0
3	280	643	0
3	296	500	0
3	423	654	0
3	108	676	0
3	360	606	0
3	241	587	0
3	189	528	0
3	153	546	0
3	71	654	0
3	225	670	0
3	472	604	0
3	491	671	0
3	28	610	0
3	187	523	0
3	22	668	0
3	17	678	0
3	147	583	0
3	356	506	0
3	119	686	0
3	243	587	0
3	195	648	0
3	72	636	0
3	204	508	0
3	412	575	0
3	191	660	0
3	67	638	0
3	335	629	0
3	424	541	0
3	467	678	0
3	55	685	0
3	489	496	0
3	205	653	0
3	245	577	0
3	132	597	0
3	72	497	0
3	418	495	0
3	164	673	0
3	143	576	0
3	412	635	0
3	130	537	0
3	423	592	0
3	298	503	0
3	101	496	0
3	105	642	0
3	452	546	0
3	276	643	0
3	449	617	0
3	195	567	0
3	436	498	0
3	42	674	0
3	60	611	0
3	162	613	0
3	5	608	0
3	192	558	0
3	488	662	0
3	33	495	0
3	51	559	0
3	437	666	0
3	161	689	0
3	416	616	0
3	439	650	0
3	175	633	0
3	219	520	0
3	334	500	0
3	258	559	0
3	143	567	0
3	358	496	0
3	490	531	0
3	281	677	0
3	309	501	0
3	459	563	0
3	266	616	0
3	290	495	0
3	439	604	0
3	461	534	0
3	376	531	0
3	281	527	0
3	89	664	0
3	285	548	0
3	414	500	0
3	252	600	0
3	271	552	0
3	99	564	0
3	53	535	0
3	360	522	0
3	482	652	0
3	210	624	0
3	273	564	0
3	352	581	0
3	357	690	0
3	189	502	0
3	104	588	0
3	72	587	0
3	142	654	0
3	24	596	0
3	431	524	0
3	378	610	0
3	37	683	0
3	340	580	0
3	295	517	0
3	237	622	0
3	80	531	0
3	139	668	0
3	176	630	0
3	397	564	0
3	364	535	0
3	26	590	0
3	324	532	0
3	475	590	0
3	287	512	0
3	465	550	0
3	166	526	0
3	428	568	0
3	204	629	0
3	363	548	0
3	289	681	0
3	428	683	0
3	415	654	0
3	33	643	0
3	22	660	0
3	219	524	0
3	299	585	0
3	280	603	0
3	305	582	0
3	19	618	0
3	181	611	0
3	52	639	0
3	269	622	0
3	276	635	0
3	314	557	0
3	286	515	0
3	309	665	0
3	376	642	0
3	411	608	0
3	138	649	0
3	420	528	0
3	348	565	0
3	92	676	0
3	394	521	0
3	474	497	0
3	427	494	0
3	42	642	0
3	306	634	0
3	281	665	0
3	201	662	0
3	23	609	0
3	106	687	0
3	7	623	0
3	102	511	0
3	96	617	0
3	122	497	0
3	441	604	0
3	195	498	0
3	184	678	0
3	468	543	0
3	397	501	0
3	387	603	0
3	192	568	0
3	414	554	0
3	337	616	0
3	208	606	0
3	180	573	0
3	235	532	0
3	307	614	0
3	313	658	0
3	453	539	0
3	74	586	0
3	262	691	0
3	265	625	0
3	444	514	0
3	267	663	0
3	163	579	0
3	412	499	0
3	199	608	0
3	456	646	0
3	46	689	0
3	88	501	0
3	187	569	0
3	429	492	0
3	37	664	0
3	398	565	0
3	383	673	0
3	56	652	0
3	347	520	0
3	219	626	0
3	231	587	0
3	227	535	0
3	169	642	0
3	68	662	0
3	214	526	0
3	479	609	0
3	422	683	0
3	421	650	0
3	388	678	0
3	459	625	0
3	23	610	0
3	171	543	0
3	267	574	0
3	331	683	0
3	99	634	0
3	309	644	0
3	41	617	0
3	242	559	0
3	424	583	0
3	207	647	0
3	340	551	0
3	188	565	0
3	264	559	0
3	344	532	0
3	460	666	0
3	319	659	0
3	324	537	0
3	98	650	0
3	270	586	0
3	368	609	0
3	407	681	0
3	233	601	0
3	348	684	0
3	40	501	0
3	193	514	0
3	68	501	0
3	105	579	0
3	142	645	0
3	142	495	0
3	197	556	0
3	228	523	0
3	182	647	0
3	8	513	0
3	484	579	0
3	77	624	0
3	234	601	0
3	457	623	0
3	79	678	0
3	370	685	0
3	215	493	0
3	376	504	0
3	74	495	0
3	350	600	0
3	174	570	0
3	0	538	0
3	138	604	0
3	290	634	0
3	287	496	0
3	45	660	0
3	322	578	0
3	134	536	0
3	326	595	0
3	64	559	0
3	119	553	0
3	46	650	0
3	378	673	0
3	371	541	0
3	402	514	0
3	351	607	0
3	170	552	0
3	489	512	0
3	196	668	0
3	273	498	0
3	123	650	0
3	436	589	0
3	43	565	0
3	419	687	0
3	476	503	0
3	214	516	0
3	2	675	0
3	37	665	0
3	22	559	0
3	334	663	0
3	45	595	0
3	199	506	0
3	320	647	0
3	35	582	0
3	436	598	0
3	471	637	0
3	239	604	0
3	411	503	0
3	240	679	0
3	149	495	0
3	257	594	0
3	254	592	0
3	253	496	0
3	175	551	0
3	130	567	0
3	4	512	0
3	222	666	0
3	50	606	0
3	379	499	0
3	444	554	0
3	83	588	0
3	430	616	0
3	335	679	0
3	64	527	0
3	60	614	0
3	241	684	0
3	329	539	0
3	108	514	0
3	11	503	0
3	374	637	0
3	180	632	0
3	441	599	0
3	359	618	0
3	402	541	0
3	413	560	0
3	304	533	0
3	306	545	0
3	14	563	0
3	32	532	0
3	330	532	0
3	461	688	0
3	32	663	0
3	370	687	0
3	392	542	0
3	81	589	0
3	379	534	0
3	75	523	0
3	238	531	0
3	457	648	0
3	275	522	0
3	131	677	0
3	306	557	0
3	312	508	0
3	394	680	0
3	202	616	0
3	375	550	0
3	481	626	0
3	14	621	0
3	424	554	0
3	401	596	0
3	295	537	0
3	245	615	0
3	111	529	0
3	357	580	0
3	423	545	0
3	245	679	0
3	132	551	0
3	415	605	0
3	29	596	0
3	164	598	0
3	91	525	0
3	47	662	0
3	108	505	0
3	307	685	0
3	181	524	0
3	284	551	0
3	378	618	0
3	307	601	0
3	192	516	0
3	234	546	0
3	293	646	0
3	180	670	0
3	292	564	0
3	311	542	0
3	92	598	0
3	482	681	0
3	413	689	0
3	44	499	0
3	468	518	0
3	50	498	0
3	126	592	0
3	208	647	0
3	231	554	0
3	325	530	0
3	361	570	0
3	195	632	0
3	180	540	0
3	184	685	0
3	121	628	0
3	419	599	0
3	195	578	0
3	458	592	0
3	246	495	0
3	116	524	0
3	300	643	0
3	91	656	0
3	191	620	0
3	121	643	0
3	233	686	0
3	271	639	0
3	39	535	0
3	249	662	0
3	446	619	0
3	191	594	0
3	233	655	0
3	348	569	0
3	372	689	0
3	436	546	0
3	38	675	0
3	110	548	0
3	362	644	0
3	322	588	0
3	81	570	0
3	140	528	0
3	238	656	0
3	269	536	0
3	13	671	0
3	157	554	0
3	484	513	0
3	318	526	0
3	461	539	0
3	138	535	0
3	166	569	0
3	185	645	0
3	8	495	0
3	157	602	0
3	280	672	0
3	249	523	0
3	318	668	0
3	428	616	0
3	137	692	0
3	417	551	0
3	117	568	0
3	59	520	0
3	220	640	0
3	68	508	0
3	303	662	0
3	461	624	0
3	413	643	0
3	170	575	0
3	351	658	0
3	36	601	0
3	489	668	0
3	452	609	0
3	426	513	0
3	464	650	0
3	352	495	0
3	235	501	0
3	213	554	0
3	193	587	0
3	315	517	0
3	332	584	0
3	215	542	0
3	199	605	0
3	22	519	0
3	109	543	0
3	97	676	0
3	224	665	0
3	164	662	0
3	283	591	0
3	483	690	0
3	31	608	0
3	104	574	0
3	281	501	0
3	333	690	0
3	103	527	0
3	257	582	0
3	199	688	0
3	298	605	0
3	285	627	0
3	172	683	0
3	24	577	0
3	482	581	0
3	261	640	0
3	30	599	0
3	257	514	0
3	70	595	0
3	73	643	0
3	184	519	0
3	8	578	0
3	345	614	0
3	161	583	0
3	348	624	0
3	280	554	0
3	238	538	0
3	388	666	0
3	182	550	0
3	313	661	0
3	162	598	0
3	63	552	0
3	160	528	0
3	471	576	0
3	83	670	0
3	235	526	0
3	350	546	0
3	113	588	0
3	382	607	0
3	163	658	0
3	92	554	0
3	408	645	0
3	440	589	0
3	340	591	0
3	389	575	0
3	242	493	0
3	423	517	0
3	467	595	0
3	344	589	0
3	415	566	0
3	277	602	0
3	242	656	0
3	29	590	0
3	62	585	0
3	302	538	0
3	390	652	0
3	253	582	0
3	444	506	0
3	271	578	0
3	366	617	0
3	174	599	0
3	398	503	0
3	233	578	0
3	414	514	0
3	5	554	0
3	305	606	0
3	357	508	0
3	56	590	0
3	434	552	0
3	483	505	0
3	251	647	0
3	85	520	0
3	322	542	0
3	297	597	0
3	445	594	0
3	416	587	0
3	408	603	0
3	6	589	0
3	305	524	0
3	325	571	0
3	469	621	0
3	185	633	0
3	49	620	0
3	42	551	0
3	52	629	0
3	192	590	0
3	150	606	0
3	394	616	0
3	336	664	0
3	223	689	0
3	461	605	0
3	50	556	0
3	51	571	0
3	453	600	0
3	50	557	0
3	106	617	0
3	115	670	0
3	57	514	0
3	61	517	0
3	188	505	0
3	144	647	0
3	170	557	0
3	365	629	0
3	423	571	0
3	17	618	0
3	425	606	0
3	110	595	0
3	220	662	0
3	296	564	0
3	72	609	0
3	216	664	0
3	36	610	0
3	354	623	0
3	107	575	0
3	489	690	0
3	45	541	0
3	424	622	0
3	36	522	0
3	481	513	0
3	453	642	0
3	470	503	0
3	163	663	0
3	113	659	0
3	290	629	0
3	129	657	0
3	123	497	0
3	182	657	0
3	443	613	0
3	389	610	0
3	164	571	0
3	127	581	0
3	112	527	0
3	475	614	0
3	294	529	0
3	262	658	0
3	142	630	0
3	420	529	0
3	40	511	0
3	461	661	0
3	442	624	0
3	296	590	0
3	36	595	0
3	435	636	0
3	59	613	0
3	174	493	0
3	310	580	0
3	281	598	0
3	42	590	0
3	320	612	0
3	192	493	0
3	51	555	0
3	336	519	0
3	50	549	0
3	112	640	0
3	319	516	0
3	172	643	0
3	82	500	0
3	393	557	0
3	328	688	0
3	50	560	0
3	334	526	0
3	41	540	0
3	289	591	0
3	402	661	0
3	274	593	0
3	125	607	0
3	466	645	0
3	97	641	0
3	219	690	0
3	225	593	0
3	0	513	0
3	316	551	0
3	270	638	0
3	128	556	0
3	261	579	0
3	24	558	0
3	109	662	0
3	183	618	0
3	405	635	0
3	61	569	0
3	438	665	0
3	485	603	0
3	471	496	0
3	164	516	0
3	422	549	0
3	329	556	0
3	78	677	0
3	423	639	0
3	146	645	0
3	245	687	0
3	438	629	0
3	465	650	0
3	462	573	0
3	414	506	0
3	333	614	0
3	394	553	0
3	485	570	0
3	298	517	0
3	302	551	0
3	107	499	0
3	140	689	0
3	473	581	0
3	257	585	0
3	229	518	0
3	191	617	0
3	29	678	0
3	156	612	0
3	94	611	0
3	115	652	0
3	332	518	0
3	226	535	0
3	140	502	0
3	157	650	0
3	228	628	0
3	185	620	0
3	279	525	0
3	64	662	0
3	433	684	0
3	462	501	0
3	393	623	0
3	364	520	0
3	270	660	0
3	214	616	0
3	264	610	0
3	322	498	0
3	407	566	0
3	193	684	0
3	371	587	0
3	68	586	0
3	64	584	0
3	396	594	0
3	194	568	0
3	29	609	0
3	182	616	0
3	395	691	0
3	419	662	0
3	417	559	0
3	249	521	0
3	176	609	0
3	451	508	0
3	179	668	0
3	25	657	0
3	295	564	0
3	403	612	0
3	19	643	0
3	183	518	0
3	209	611	0
3	393	657	0
3	372	607	0
3	171	647	0
3	270	641	0
3	234	579	0
3	290	542	0
3	402	523	0
3	90	579	0
3	130	663	0
3	420	629	0
3	352	567	0
3	238	667	0
3	238	633	0
3	341	609	0
3	23	668	0
3	480	547	0
3	422	676	0
3	211	660	0
3	291	662	0
3	482	538	0
3	204	546	0
3	295	509	0
3	356	608	0
3	476	634	0
3	259	527	0
3	429	640	0
3	154	558	0
3	337	638	0
3	310	526	0
3	438	630	0
3	173	524	0
3	386	549	0
3	158	593	0
3	10	612	0
3	313	660	0
3	325	617	0
3	58	627	0
3	23	525	0
3	293	585	0
3	312	497	0
3	268	675	0
3	97	687	0
3	55	583	0
3	280	548	0
3	372	619	0
3	120	620	0
3	351	526	0
3	229	593	0
3	447	581	0
3	386	629	0
3	99	643	0
3	97	664	0
3	39	497	0
3	258	588	0
3	461	548	0
3	94	548	0
3	149	509	0
3	320	658	0
3	455	675	0
3	459	509	0
3	112	496	0
3	442	535	0
3	152	550	0
3	202	526	0
3	388	513	0
3	282	610	0
3	23	512	0
3	124	571	0
3	380	620	0
3	170	620	0
3	462	533	0
3	234	563	0
3	375	505	0
3	140	598	0
3	199	558	0
3	4	618	0
3	289	631	0
3	168	635	0
3	22	500	0
3	252	564	0
3	291	660	0
3	390	537	0
3	424	563	0
3	320	609	0
3	294	674	0
3	156	690	0
3	208	499	0
3	434	610	0
3	352	545	0
3	215	646	0
3	7	600	0
3	387	692	0
3	165	584	0
3	394	609	0
3	333	586	0
3	189	539	0
3	87	681	0
3	58	607	0
3	308	534	0
3	423	653	0
3	48	647	0
3	34	597	0
3	403	636	0
3	93	592	0
3	443	514	0
3	99	550	0
3	321	608	0
3	99	524	0
3	387	509	0
3	334	655	0
3	269	504	0
3	453	499	0
3	162	607	0
3	58	587	0
3	423	670	0
3	148	638	0
3	205	654	0
3	20	677	0
3	332	662	0
3	48	587	0
3	405	643	0
3	256	630	0
3	113	612	0
3	142	644	0
3	488	671	0
3	455	671	0
3	433	604	0
3	295	512	0
3	490	589	0
3	333	534	0
3	348	555	0
3	143	499	0
3	211	498	0
3	198	550	0
3	311	656	0
3	283	581	0
3	305	642	0
3	390	548	0
3	345	498	0
3	307	500	0
3	103	623	0
3	149	539	0
3	81	595	0
3	240	675	0
3	99	690	0
3	355	620	0
3	81	539	0
3	314	550	0
3	143	492	0
3	428	678	0
3	121	548	0
3	176	532	0
3	151	646	0
3	334	541	0
3	68	593	0
3	44	601	0
3	216	590	0
3	359	635	0
3	410	670	0
3	3	544	0
3	408	641	0
3	463	684	0
3	302	669	0
3	203	532	0
3	140	538	0
3	24	503	0
3	288	556	0
3	340	503	0
3	446	597	0
3	96	526	0
3	204	634	0
3	208	563	0
3	332	653	0
3	128	532	0
3	93	518	0
3	33	502	0
3	107	598	0
3	211	563	0
3	382	505	0
3	250	513	0
3	457	561	0
3	475	588	0
3	201	646	0
3	144	587	0
3	307	545	0
3	341	629	0
3	187	578	0
3	78	638	0
3	108	635	0
3	181	509	0
3	35	655	0
3	390	498	0
3	3	574	0
3	398	526	0
3	139	622	0
3	337	625	0
3	485	573	0
3	337	619	0
3	77	690	0
3	89	598	0
3	480	647	0
3	489	554	0
3	344	493	0
3	436	691	0
3	213	537	0
3	249	517	0
3	265	611	0
3	74	663	0
3	443	569	0
3	351	602	0
3	181	494	0
3	329	616	0
3	238	564	0
3	458	549	0
3	83	625	0
3	79	673	0
3	49	591	0
3	373	528	0
3	263	582	0
3	39	620	0
3	330	539	0
3	402	591	0
3	34	586	0
3	256	658	0
3	380	690	0
3	374	585	0
3	480	612	0
3	227	551	0
3	310	594	0
3	298	492	0
3	446	496	0
3	358	568	0
3	423	616	0
3	120	646	0
3	327	611	0
3	153	529	0
3	39	656	0
3	133	554	0
3	42	658	0
3	28	613	0
3	319	521	0
3	259	683	0
3	479	502	0
3	182	663	0
3	252	579	0
3	468	552	0
3	431	494	0
3	300	556	0
3	412	603	0
3	383	629	0
3	115	496	0
3	175	626	0
3	103	595	0
3	124	658	0
3	488	640	0
3	12	528	0
3	123	639	0
3	398	587	0
3	60	652	0
3	475	515	0
3	291	561	0
3	48	672	0
3	155	551	0
3	19	537	0
3	227	540	0
3	258	524	0
3	324	607	0
3	350	684	0
3	448	642	0
3	220	613	0
3	235	623	0
3	456	511	0
3	61	534	0
3	329	499	0
3	67	678	0
3	218	592	0
3	376	512	0
3	389	589	0
3	44	598	0
3	431	591	0
3	401	627	0
3	345	641	0
3	148	501	0
3	281	623	0
3	52	641	0
3	482	502	0
3	396	564	0
3	462	595	0
3	379	504	0
3	271	499	0
3	195	601	0
3	193	570	0
3	220	590	0
3	321	508	0
3	315	630	0
3	264	525	0
3	236	497	0
3	431	508	0
3	290	578	0
3	123	609	0
3	125	660	0
3	478	608	0
3	253	575	0
3	36	602	0
3	478	620	0
3	23	495	0
3	88	527	0
3	276	543	0
3	209	639	0
3	477	660	0
3	59	593	0
3	111	602	0
3	186	619	0
3	45	684	0
3	287	527	0
3	14	538	0
3	264	503	0
3	344	628	0
3	490	576	0
3	363	648	0
3	415	645	0
3	97	616	0
3	402	666	0
3	476	666	0
3	317	499	0
3	412	502	0
3	250	600	0
3	29	566	0
3	325	532	0
3	104	564	0
3	191	628	0
3	376	508	0
3	67	613	0
3	235	608	0
3	157	494	0
3	359	643	0
3	214	524	0
3	286	665	0
3	366	685	0
3	260	617	0
3	119	690	0
3	292	576	0
3	130	565	0
3	456	493	0
3	455	500	0
3	463	599	0
3	325	690	0
3	56	625	0
3	295	649	0
3	322	604	0
3	253	498	0
3	241	544	0
3	345	503	0
3	104	565	0
3	116	517	0
3	173	496	0
3	247	492	0
3	424	595	0
3	294	576	0
3	429	557	0
3	283	556	0
3	211	588	0
3	154	610	0
3	226	570	0
3	116	668	0
3	459	581	0
3	35	524	0
3	316	497	0
3	138	690	0
3	283	531	0
3	350	588	0
3	161	657	0
3	231	526	0
3	163	626	0
3	322	624	0
3	375	670	0
3	34	668	0
3	342	616	0
3	141	599	0
3	271	616	0
3	231	545	0
3	386	519	0
3	411	495	0
3	61	608	0
3	279	529	0
3	402	508	0
3	114	505	0
3	428	558	0
3	1	623	0
3	267	583	0
3	135	564	0
3	276	608	0
3	421	529	0
3	194	582	0
3	446	585	0
3	469	534	0
3	356	592	0
3	119	602	0
3	453	599	0
3	224	659	0
3	87	657	0
3	481	634	0
3	487	677	0
3	165	501	0
3	320	549	0
3	402	499	0
3	378	636	0
3	224	622	0
3	318	581	0
3	0	675	0
3	382	513	0
3	279	517	0
3	279	576	0
3	210	546	0
3	399	559	0
3	407	502	0
3	424	648	0
3	462	671	0
3	173	635	0
3	86	681	0
3	167	523	0
3	253	495	0
3	135	527	0
3	170	624	0
3	70	638	0
3	241	499	0
3	284	585	0
3	287	677	0
3	178	582	0
3	86	643	0
3	260	672	0
3	425	638	0
3	298	583	0
3	258	494	0
3	444	642	0
3	185	685	0
3	43	582	0
3	342	667	0
3	339	654	0
3	323	661	0
3	64	522	0
3	472	581	0
3	404	541	0
3	248	670	0
3	113	657	0
3	253	605	0
3	405	570	0
3	450	649	0
3	281	616	0
3	143	642	0
3	355	525	0
3	5	635	0
3	210	652	0
3	88	638	0
3	23	673	0
3	47	492	0
3	177	668	0
3	251	517	0
3	147	567	0
3	168	520	0
3	452	548	0
3	341	673	0
3	105	583	0
3	397	687	0
3	298	586	0
3	381	682	0
3	168	504	0
3	473	609	0
3	211	509	0
3	42	514	0
3	139	645	0
3	409	519	0
3	217	628	0
3	363	541	0
3	184	557	0
3	466	541	0
3	344	592	0
3	305	577	0
3	345	623	0
3	387	633	0
3	295	608	0
3	221	631	0
3	282	504	0
3	237	573	0
3	444	611	0
3	118	513	0
3	194	637	0
3	430	499	0
3	112	524	0
3	197	495	0
3	473	546	0
3	416	611	0
3	452	558	0
3	31	554	0
3	92	498	0
3	219	503	0
3	92	574	0
3	0	641	0
3	396	582	0
3	120	668	0
3	120	565	0
3	146	527	0
3	293	524	0
3	434	502	0
3	38	623	0
3	358	662	0
3	95	604	0
3	116	573	0
3	81	513	0
3	408	519	0
3	450	668	0
3	179	527	0
3	414	527	0
3	62	619	0
3	211	601	0
3	482	497	0
3	230	531	0
3	7	607	0
3	350	593	0
3	7	498	0
3	191	589	0
3	389	584	0
3	444	672	0
3	479	525	0
3	121	508	0
3	482	595	0
3	223	525	0
3	305	568	0
3	69	506	0
3	128	610	0
3	39	661	0
3	436	579	0
3	156	496	0
3	113	522	0
3	265	568	0
3	5	581	0
3	345	561	0
3	57	506	0
3	146	641	0
3	373	498	0
3	439	602	0
3	51	643	0
3	155	563	0
3	226	522	0
3	321	605	0
3	132	618	0
3	117	638	0
3	313	521	0
3	217	524	0
3	193	675	0
3	71	515	0
3	206	498	0
3	410	600	0
3	347	563	0
3	440	513	0
3	12	521	0
3	136	647	0
3	62	670	0
3	344	560	0
3	331	501	0
3	367	583	0
3	464	664	0
3	350	672	0
3	457	498	0
3	214	625	0
3	20	503	0
3	66	589	0
3	111	595	0
3	187	538	0
3	488	673	0
3	14	582	0
3	56	667	0
3	353	536	0
3	223	672	0
3	335	511	0
3	17	611	0
3	161	542	0
3	430	584	0
3	194	533	0
3	114	659	0
3	302	633	0
3	87	582	0
3	460	497	0
3	48	599	0
3	348	499	0
3	355	616	0
3	217	672	0
3	218	506	0
3	252	629	0
3	245	564	0
3	432	590	0
3	199	500	0
3	248	552	0
3	425	611	0
3	281	554	0
3	413	589	0
3	164	594	0
3	413	608	0
3	81	636	0
3	33	596	0
3	139	542	0
3	432	637	0
3	258	587	0
3	69	636	0
3	474	637	0
3	48	545	0
3	416	512	0
3	419	575	0
3	108	540	0
3	254	527	0
3	260	654	0
3	330	588	0
3	322	595	0
3	361	616	0
3	102	657	0
3	78	616	0
3	346	540	0
3	428	494	0
3	18	517	0
3	88	521	0
3	288	601	0
3	184	537	0
3	251	528	0
3	339	503	0
3	340	502	0
3	338	691	0
3	122	599	0
3	200	549	0
3	462	589	0
3	437	576	0
3	337	550	0
3	287	538	0
3	385	635	0
3	408	589	0
3	104	573	0
3	17	499	0
3	28	599	0
3	304	537	0
3	256	503	0
3	487	537	0
3	48	506	0
3	277	618	0
3	191	663	0
3	146	495	0
3	277	667	0
3	468	520	0
3	79	525	0
3	50	662	0
3	81	596	0
3	261	664	0
3	294	603	0
3	315	644	0
3	136	598	0
3	14	640	0
3	401	566	0
3	310	577	0
3	296	640	0
3	324	621	0
3	171	596	0
3	141	565	0
3	414	685	0
3	63	540	0
3	477	619	0
3	203	520	0
3	435	609	0
3	84	630	0
3	152	540	0
3	401	691	0
3	389	516	0
3	311	561	0
3	256	528	0
3	273	612	0
3	103	534	0
3	121	578	0
3	401	545	0
3	353	624	0
3	63	691	0
3	61	658	0
3	453	594	0
3	469	615	0
3	223	686	0
3	69	664	0
3	440	643	0
3	355	518	0
3	324	609	0
3	384	535	0
3	127	658	0
3	184	554	0
3	176	610	0
3	254	587	0
3	10	662	0
3	109	691	0
3	487	573	0
3	400	561	0
3	385	506	0
3	231	640	0
3	79	592	0
3	133	549	0
3	484	511	0
3	426	675	0
3	379	592	0
3	197	502	0
3	461	634	0
3	132	512	0
3	102	563	0
3	322	645	0
3	491	641	0
3	322	518	0
3	42	554	0
3	260	580	0
3	291	677	0
3	474	537	0
3	368	534	0
3	45	630	0
3	443	529	0
3	232	684	0
3	390	573	0
3	245	521	0
3	351	581	0
3	449	564	0
3	278	596	0
3	452	620	0
3	158	605	0
3	449	646	0
3	237	562	0
3	186	492	0
3	340	593	0
3	304	628	0
3	241	524	0
3	28	672	0
3	316	657	0
3	169	532	0
3	172	640	0
3	236	512	0
3	370	578	0
3	446	600	0
3	2	625	0
3	359	539	0
3	470	678	0
3	453	505	0
3	460	549	0
3	378	575	0
3	14	608	0
3	19	589	0
3	351	625	0
3	364	537	0
3	27	573	0
3	119	671	0
3	2	598	0
3	428	672	0
3	266	604	0
3	412	622	0
3	458	495	0
3	244	671	0
3	195	522	0
3	128	498	0
3	131	550	0
3	81	558	0
3	361	495	0
3	140	509	0
3	414	520	0
3	65	513	0
3	481	631	0
3	53	684	0
3	439	620	0
3	154	536	0
3	384	613	0
3	371	613	0
3	259	509	0
3	484	609	0
3	147	660	0
3	422	593	0
3	460	643	0
3	198	585	0
3	376	656	0
3	344	511	0
3	305	517	0
3	490	683	0
3	364	671	0
3	404	538	0
3	162	575	0
3	13	567	0
3	344	610	0
3	69	663	0
3	29	505	0
3	313	493	0
3	177	654	0
3	89	685	0
3	108	495	0
3	127	648	0
3	408	554	0
3	287	609	0
3	32	677	0
3	83	559	0
3	356	520	0
3	451	621	0
3	92	532	0
3	313	676	0
3	242	567	0
3	324	585	0
3	128	656	0
3	431	598	0
3	118	497	0
3	312	528	0
3	477	504	0
3	457	564	0
3	344	630	0
3	65	642	0
3	323	647	0
3	261	500	0
3	120	677	0
3	92	612	0
3	77	655	0
3	167	675	0
3	482	657	0
3	292	514	0
3	135	633	0
3	200	497	0
3	77	592	0
3	269	543	0
3	321	601	0
3	110	655	0
3	292	634	0
3	446	514	0
3	79	590	0
3	191	648	0
3	2	643	0
3	81	506	0
3	185	664	0
3	169	631	0
3	35	633	0
3	302	563	0
3	380	649	0
3	421	611	0
3	446	534	0
3	161	563	0
3	104	654	0
3	445	575	0
3	387	567	0
3	90	503	0
3	170	630	0
3	262	587	0
3	96	616	0
3	285	521	0
3	409	593	0
3	312	573	0
3	85	546	0
3	66	664	0
3	332	667	0
3	7	567	0
3	221	632	0
3	377	580	0
3	99	650	0
3	62	565	0
3	194	678	0
3	373	560	0
3	55	657	0
3	336	550	0
3	80	541	0
3	430	588	0
3	362	643	0
3	457	642	0
3	254	567	0
3	310	508	0
3	367	623	0
3	298	504	0
3	162	642	0
3	288	600	0
3	112	635	0
3	185	568	0
3	229	546	0
3	133	548	0
3	466	598	0
3	372	521	0
3	143	537	0
3	201	671	0
3	275	666	0
3	247	591	0
3	426	580	0
3	438	573	0
3	73	540	0
3	415	562	0
3	99	656	0
3	52	500	0
3	357	609	0
3	137	552	0
3	368	582	0
3	418	668	0
3	146	690	0
3	1	535	0
3	106	674	0
3	16	576	0
3	280	675	0
3	156	546	0
3	31	617	0
3	340	594	0
3	365	614	0
3	288	575	0
3	219	630	0
3	115	590	0
3	180	624	0
3	150	536	0
3	408	504	0
3	13	506	0
3	303	647	0
3	136	508	0
3	254	640	0
3	313	617	0
3	338	505	0
3	394	610	0
3	358	646	0
3	221	648	0
3	475	579	0
3	405	542	0
3	311	496	0
3	22	502	0
3	172	685	0
3	213	675	0
3	332	583	0
3	432	514	0
3	421	625	0
3	171	661	0
3	158	641	0
3	116	635	0
3	120	635	0
3	59	558	0
3	459	496	0
3	77	627	0
3	402	653	0
3	134	587	0
3	269	551	0
3	66	691	0
3	484	605	0
3	432	558	0
3	292	684	0
3	482	583	0
3	163	583	0
3	43	557	0
3	186	578	0
3	211	644	0
3	118	663	0
3	18	503	0
3	357	646	0
3	260	594	0
3	304	532	0
3	57	592	0
3	231	523	0
3	410	616	0
3	182	515	0
3	206	607	0
3	217	609	0
3	36	668	0
3	476	578	0
3	428	515	0
3	148	578	0
3	473	644	0
3	366	602	0
3	104	495	0
3	33	536	0
3	193	687	0
3	53	660	0
3	385	546	0
3	388	642	0
3	306	595	0
3	309	515	0
3	205	544	0
3	223	646	0
3	19	535	0
3	398	604	0
3	216	644	0
3	33	518	0
3	482	638	0
3	181	503	0
3	298	581	0
3	20	498	0
3	102	609	0
3	362	650	0
3	195	607	0
3	457	512	0
3	349	673	0
3	477	622	0
3	205	662	0
3	54	678	0
3	449	623	0
3	486	616	0
3	356	635	0
3	423	564	0
3	71	525	0
3	437	529	0
3	270	540	0
3	233	687	0
3	63	594	0
3	238	575	0
3	341	683	0
3	208	654	0
3	425	496	0
3	482	670	0
3	63	671	0
3	283	647	0
3	389	631	0
3	442	514	0
3	271	579	0
3	211	513	0
3	431	690	0
3	460	673	0
3	413	666	0
3	120	626	0
3	323	536	0
3	476	623	0
3	475	621	0
3	214	683	0
3	355	549	0
3	79	684	0
3	218	549	0
3	410	680	0
3	374	622	0
3	399	527	0
3	155	673	0
3	299	603	0
3	31	679	0
3	244	525	0
3	172	499	0
3	455	566	0
3	117	561	0
3	137	537	0
3	87	509	0
3	230	500	0
3	405	685	0
3	177	598	0
3	38	558	0
3	470	496	0
3	473	684	0
3	204	543	0
3	367	629	0
3	20	573	0
3	362	508	0
3	409	589	0
3	257	629	0
3	473	505	0
3	338	614	0
3	85	636	0
3	269	654	0
3	200	575	0
3	172	639	0
3	108	685	0
3	419	556	0
3	318	603	0
3	56	577	0
3	32	561	0
3	154	546	0
3	251	537	0
3	341	554	0
3	401	662	0
3	18	505	0
3	425	640	0
3	205	688	0
3	335	682	0
3	335	507	0
3	270	509	0
3	256	608	0
3	169	654	0
3	424	505	0
3	170	532	0
3	269	641	0
3	150	591	0
3	307	573	0
3	450	654	0
3	174	590	0
3	459	526	0
3	485	639	0
3	84	499	0
3	321	610	0
3	38	627	0
3	75	504	0
3	76	650	0
3	202	592	0
3	159	642	0
3	488	539	0
3	329	674	0
3	432	628	0
3	418	493	0
3	155	641	0
3	397	643	0
3	141	558	0
3	8	582	0
3	230	673	0
3	19	573	0
3	291	544	0
3	405	556	0
3	471	602	0
3	116	592	0
3	318	542	0
3	72	541	0
3	327	596	0
3	221	584	0
3	18	587	0
3	152	594	0
3	22	551	0
3	253	678	0
3	120	581	0
3	130	657	0
3	141	513	0
3	295	630	0
3	146	494	0
3	427	586	0
3	39	673	0
3	246	534	0
3	473	522	0
3	476	680	0
3	227	504	0
3	382	525	0
3	285	525	0
3	87	670	0
3	282	512	0
3	325	594	0
3	74	506	0
3	59	599	0
3	16	612	0
3	370	535	0
3	276	655	0
3	425	627	0
3	333	675	0
3	436	523	0
3	17	575	0
3	215	592	0
3	164	567	0
3	146	616	0
3	396	531	0
3	381	619	0
3	31	500	0
3	477	633	0
3	459	640	0
3	38	678	0
3	373	545	0
3	1	643	0
3	456	594	0
3	120	652	0
3	339	554	0
3	240	596	0
3	127	647	0
3	2	529	0
3	406	684	0
3	257	528	0
3	302	529	0
3	199	568	0
3	489	663	0
3	344	558	0
3	45	633	0
3	261	589	0
3	351	509	0
3	319	591	0
3	248	678	0
3	466	573	0
3	198	518	0
3	167	642	0
3	252	503	0
3	83	665	0
3	11	654	0
3	361	504	0
3	45	683	0
3	107	678	0
3	237	536	0
3	169	519	0
3	45	504	0
3	446	538	0
3	412	611	0
3	290	593	0
3	116	620	0
3	239	663	0
3	57	527	0
3	128	681	0
3	172	520	0
3	319	584	0
3	269	514	0
3	335	504	0
3	298	542	0
3	172	608	0
3	132	599	0
3	398	535	0
3	58	659	0
3	50	591	0
3	169	661	0
3	179	690	0
3	195	553	0
3	331	492	0
3	489	691	0
3	409	554	0
3	25	672	0
3	222	639	0
3	359	666	0
3	251	578	0
3	440	557	0
3	264	678	0
3	20	666	0
3	442	495	0
3	151	616	0
3	47	641	0
3	416	644	0
3	93	541	0
3	63	679	0
3	310	681	0
3	268	623	0
3	449	642	0
3	147	532	0
3	435	492	0
3	279	538	0
3	489	564	0
3	483	641	0
3	196	556	0
3	285	561	0
3	479	534	0
3	485	628	0
3	250	557	0
3	26	634	0
3	151	678	0
3	426	539	0
3	179	615	0
3	393	543	0
3	12	621	0
3	476	611	0
3	132	614	0
3	164	677	0
3	261	585	0
3	87	599	0
3	314	640	0
3	127	522	0
3	235	496	0
3	239	582	0
3	237	524	0
3	22	690	0
3	412	677	0
3	192	679	0
3	264	520	0
3	220	546	0
3	194	529	0
3	407	677	0
3	217	613	0
3	194	627	0
3	305	651	0
3	195	546	0
3	364	564	0
3	161	607	0
3	16	561	0
3	146	520	0
3	419	558	0
3	112	593	0
3	186	561	0
3	272	495	0
3	227	500	0
3	26	641	0
3	249	629	0
3	31	583	0
3	170	646	0
3	224	501	0
3	379	616	0
3	443	587	0
3	465	611	0
3	328	689	0
3	6	687	0
3	212	513	0
3	338	587	0
3	261	513	0
3	484	570	0
3	157	608	0
3	357	495	0
3	410	569	0
3	140	601	0
3	100	497	0
3	96	654	0
3	230	640	0
3	377	636	0
3	421	592	0
3	407	554	0
3	30	501	0
3	312	582	0
3	236	655	0
3	343	673	0
3	487	656	0
3	50	620	0
3	49	658	0
3	69	580	0
3	323	660	0
3	244	685	0
3	70	677	0
3	233	617	0
3	305	496	0
3	274	612	0
3	323	683	0
3	92	604	0
3	480	579	0
3	196	574	0
3	334	524	0
3	270	514	0
3	406	590	0
3	257	545	0
3	292	606	0
3	304	691	0
3	223	642	0
3	482	642	0
3	134	608	0
3	1	644	0
3	16	638	0
3	197	634	0
3	460	502	0
3	60	689	0
3	124	611	0
3	366	631	0
3	441	645	0
3	109	594	0
3	261	570	0
3	191	657	0
3	302	657	0
3	394	587	0
3	451	587	0
3	280	624	0
3	402	494	0
3	372	581	0
3	475	499	0
3	419	650	0
3	278	498	0
3	382	643	0
3	296	537	0
3	392	533	0
3	40	599	0
3	160	569	0
3	110	600	0
3	52	514	0
3	383	619	0
3	474	579	0
3	408	673	0
3	226	677	0
3	188	554	0
3	26	582	0
3	187	574	0
3	104	591	0
3	341	666	0
3	29	683	0
3	231	605	0
3	199	652	0
3	33	668	0
3	269	501	0
3	244	628	0
3	389	633	0
3	228	556	0
3	66	506	0
3	401	512	0
3	81	528	0
3	440	681	0
3	488	567	0
3	417	678	0
3	262	564	0
3	82	494	0
3	322	589	0
3	253	635	0
3	377	583	0
3	488	577	0
3	116	494	0
3	388	493	0
3	150	648	0
3	335	648	0
3	293	495	0
3	237	644	0
3	438	554	0
3	246	582	0
3	402	684	0
3	190	543	0
3	101	657	0
3	303	642	0
3	112	668	0
3	439	646	0
3	327	635	0
3	287	649	0
3	99	639	0
3	195	610	0
3	330	635	0
3	480	500	0
3	279	610	0
3	124	636	0
3	99	535	0
3	140	603	0
3	161	647	0
3	126	690	0
3	465	587	0
3	146	545	0
3	309	653	0
3	402	506	0
3	99	691	0
3	269	615	0
3	74	605	0
3	94	493	0
3	222	659	0
3	94	641	0
3	145	503	0
3	221	613	0
3	246	563	0
3	12	611	0
3	18	691	0
3	52	630	0
3	58	654	0
3	20	655	0
3	362	626	0
3	132	600	0
3	96	542	0
3	53	607	0
3	130	641	0
3	220	548	0
3	93	562	0
3	387	527	0
3	282	532	0
3	108	633	0
3	432	674	0
3	41	509	0
3	34	578	0
3	328	658	0
3	277	626	0
3	411	545	0
3	290	650	0
3	356	527	0
3	141	592	0
3	457	526	0
3	257	633	0
3	61	635	0
3	147	592	0
3	109	633	0
3	487	509	0
3	18	593	0
3	110	666	0
3	115	677	0
3	81	551	0
3	297	567	0
3	223	635	0
3	236	514	0
3	212	504	0
3	55	656	0
3	133	635	0
3	339	684	0
3	214	570	0
3	306	578	0
3	288	595	0
3	147	561	0
3	169	619	0
3	301	534	0
3	455	492	0
3	148	639	0
3	315	504	0
3	342	577	0
3	150	589	0
3	443	531	0
3	106	657	0
3	2	629	0
3	344	668	0
3	474	557	0
3	397	601	0
3	47	534	0
3	37	524	0
3	404	688	0
3	280	515	0
3	33	641	0
3	186	509	0
3	125	537	0
3	169	658	0
3	172	524	0
3	286	559	0
3	450	548	0
3	242	575	0
3	433	529	0
3	420	641	0
3	120	563	0
3	19	689	0
3	403	624	0
3	411	685	0
3	116	637	0
3	81	494	0
3	366	623	0
3	406	620	0
3	165	605	0
3	231	530	0
3	272	683	0
3	249	493	0
3	415	511	0
3	154	505	0
3	389	649	0
3	176	614	0
3	204	588	0
3	160	503	0
3	475	630	0
3	324	594	0
3	83	624	0
3	346	516	0
3	477	683	0
3	255	618	0
3	81	561	0
3	293	577	0
3	491	614	0
3	377	539	0
3	82	618	0
3	476	504	0
3	483	666	0
3	481	494	0
3	464	673	0
3	44	620	0
3	420	592	0
3	50	599	0
3	475	661	0
3	197	537	0
3	134	670	0
3	32	618	0
3	397	569	0
3	197	656	0
3	370	585	0
3	79	563	0
3	382	649	0
3	58	552	0
3	372	531	0
3	211	685	0
3	251	495	0
3	173	688	0
3	425	647	0
3	365	554	0
3	238	655	0
3	195	665	0
3	36	571	0
3	16	498	0
3	68	650	0
3	178	495	0
3	485	673	0
3	392	634	0
3	313	513	0
3	151	495	0
3	479	542	0
3	193	640	0
3	178	649	0
3	468	523	0
3	171	628	0
3	372	539	0
3	289	651	0
3	378	556	0
3	168	531	0
3	270	563	0
3	76	582	0
3	164	692	0
3	164	666	0
3	276	624	0
3	323	633	0
3	11	624	0
3	444	542	0
3	347	663	0
3	44	636	0
3	248	502	0
3	232	618	0
3	427	593	0
3	401	652	0
3	224	686	0
3	461	620	0
3	255	658	0
3	123	683	0
3	139	532	0
3	104	521	0
3	124	528	0
3	240	517	0
3	162	493	0
3	403	635	0
3	462	525	0
3	161	579	0
3	136	543	0
3	259	685	0
3	217	662	0
3	106	607	0
3	0	499	0
3	435	691	0
3	28	492	0
3	261	573	0
3	195	600	0
3	107	668	0
3	364	506	0
3	282	648	0
3	442	643	0
3	51	692	0
3	101	624	0
3	93	526	0
3	414	648	0
3	413	565	0
3	73	611	0
3	173	652	0
3	54	684	0
3	306	585	0
3	329	643	0
3	162	661	0
3	336	548	0
3	11	558	0
3	448	628	0
3	263	535	0
3	38	594	0
3	400	495	0
3	480	543	0
3	135	628	0
3	469	646	0
3	275	524	0
3	415	551	0
3	457	605	0
3	359	587	0
3	11	538	0
3	59	673	0
3	87	667	0
3	278	685	0
3	244	612	0
3	230	548	0
3	44	637	0
3	403	580	0
3	48	670	0
3	48	578	0
3	113	631	0
3	388	581	0
3	258	502	0
3	150	655	0
3	171	657	0
3	461	666	0
3	382	509	0
3	33	586	0
3	372	622	0
3	26	645	0
3	394	654	0
3	300	625	0
3	446	576	0
3	357	667	0
3	260	691	0
3	93	603	0
3	11	658	0
3	115	671	0
3	231	617	0
3	77	633	0
3	82	676	0
3	422	559	0
3	195	645	0
3	432	623	0
3	32	642	0
3	465	531	0
3	392	494	0
3	156	640	0
3	121	539	0
3	220	639	0
3	438	541	0
3	329	683	0
3	38	505	0
3	218	601	0
3	454	617	0
3	297	583	0
3	201	554	0
3	181	556	0
3	455	638	0
3	170	625	0
3	253	506	0
3	393	495	0
3	373	496	0
3	400	683	0
3	471	559	0
3	212	622	0
3	168	649	0
3	476	534	0
3	25	582	0
3	340	636	0
3	147	573	0
3	256	589	0
3	224	546	0
3	98	504	0
3	240	649	0
3	335	497	0
3	444	657	0
3	42	640	0
3	13	620	0
3	303	612	0
3	351	622	0
3	404	611	0
3	36	500	0
3	36	623	0
3	355	657	0
3	167	583	0
3	433	505	0
3	414	558	0
3	387	675	0
3	394	652	0
3	6	639	0
3	27	667	0
3	57	563	0
3	222	544	0
3	139	629	0
3	280	663	0
3	350	579	0
3	275	620	0
3	287	665	0
3	184	501	0
3	101	686	0
3	235	637	0
3	313	673	0
3	223	648	0
3	311	503	0
3	446	677	0
3	329	596	0
3	387	636	0
3	34	641	0
3	143	542	0
3	365	683	0
3	365	589	0
3	235	495	0
3	117	674	0
3	371	546	0
3	111	678	0
3	136	498	0
3	249	678	0
3	416	496	0
3	270	545	0
3	131	599	0
3	487	558	0
3	59	625	0
3	141	499	0
3	44	677	0
3	23	589	0
3	431	688	0
3	378	623	0
3	98	682	0
3	76	525	0
3	301	525	0
3	204	565	0
3	72	519	0
3	220	563	0
3	383	549	0
3	86	678	0
3	12	674	0
3	314	509	0
3	141	681	0
3	275	529	0
3	47	513	0
3	210	690	0
3	464	610	0
3	185	650	0
3	464	560	0
3	154	549	0
3	380	684	0
3	365	624	0
3	444	580	0
3	188	617	0
3	238	687	0
3	198	631	0
3	187	519	0
3	240	576	0
3	159	580	0
3	437	614	0
3	99	620	0
3	436	536	0
3	247	556	0
3	265	650	0
3	398	647	0
3	148	593	0
3	202	529	0
3	76	641	0
3	342	518	0
3	317	657	0
3	139	554	0
3	436	629	0
3	433	614	0
3	399	657	0
3	400	636	0
3	391	554	0
3	385	658	0
3	365	524	0
3	425	514	0
3	225	628	0
3	173	587	0
3	251	668	0
3	354	584	0
3	423	580	0
3	367	600	0
3	422	503	0
3	124	646	0
3	192	626	0
3	340	525	0
3	249	596	0
3	46	593	0
3	321	498	0
3	359	574	0
3	357	624	0
3	250	620	0
3	371	564	0
3	37	614	0
3	352	601	0
3	221	575	0
3	217	633	0
3	431	601	0
3	199	668	0
3	382	641	0
3	175	631	0
3	47	628	0
3	404	626	0
3	313	649	0
3	455	684	0
3	342	595	0
3	58	562	0
3	249	619	0
3	362	500	0
3	200	623	0
3	430	538	0
3	115	662	0
3	330	556	0
3	209	592	0
3	152	667	0
3	374	620	0
3	75	612	0
3	412	672	0
3	304	643	0
3	207	643	0
3	479	674	0
3	152	546	0
3	270	525	0
3	57	633	0
3	160	674	0
3	30	691	0
3	284	535	0
3	465	610	0
3	151	625	0
3	405	540	0
3	361	690	0
3	329	557	0
3	315	551	0
3	337	605	0
3	446	639	0
3	338	579	0
3	264	524	0
3	82	655	0
3	300	605	0
3	332	656	0
3	401	668	0
3	474	616	0
3	281	504	0
3	430	612	0
3	196	618	0
3	484	561	0
3	216	685	0
3	205	647	0
3	124	549	0
3	226	657	0
3	168	549	0
3	444	620	0
3	183	650	0
3	81	523	0
3	437	594	0
3	75	563	0
3	414	636	0
3	211	571	0
3	376	536	0
3	373	631	0
3	89	624	0
3	369	501	0
3	372	508	0
3	277	596	0
3	174	541	0
3	370	570	0
3	198	583	0
3	490	580	0
3	481	548	0
3	181	613	0
3	92	569	0
3	80	684	0
3	372	543	0
3	438	655	0
3	14	687	0
3	471	585	0
3	83	685	0
3	153	501	0
3	150	633	0
3	373	500	0
3	152	532	0
3	202	667	0
3	480	649	0
3	358	538	0
3	139	682	0
3	60	580	0
3	403	511	0
3	461	501	0
3	421	520	0
3	287	567	0
3	167	551	0
3	365	617	0
3	223	631	0
3	363	607	0
3	443	497	0
3	22	518	0
3	177	563	0
3	213	577	0
3	293	633	0
3	11	648	0
3	57	593	0
3	404	673	0
3	431	527	0
3	269	605	0
3	278	541	0
3	21	570	0
3	40	508	0
3	309	668	0
3	441	562	0
3	353	568	0
3	407	685	0
3	384	685	0
3	271	684	0
3	203	677	0
3	387	582	0
3	302	580	0
3	479	585	0
3	363	547	0
3	154	635	0
3	92	560	0
3	289	632	0
3	394	660	0
3	407	691	0
3	385	543	0
3	323	569	0
3	60	512	0
3	105	496	0
3	76	689	0
3	122	573	0
3	411	504	0
3	188	588	0
3	300	596	0
3	304	603	0
3	31	658	0
3	297	497	0
3	182	600	0
3	271	620	0
3	357	512	0
3	272	690	0
3	412	641	0
3	138	523	0
3	297	599	0
3	215	522	0
3	8	665	0
3	396	581	0
3	216	534	0
3	296	691	0
3	187	655	0
3	142	540	0
3	464	548	0
3	135	661	0
3	362	546	0
3	168	573	0
3	162	616	0
3	399	536	0
3	187	588	0
3	256	587	0
3	363	550	0
3	354	522	0
3	472	574	0
3	405	563	0
3	90	668	0
3	306	643	0
3	389	509	0
3	297	622	0
3	456	497	0
3	123	655	0
3	101	543	0
3	455	542	0
3	288	681	0
3	82	565	0
3	213	600	0
3	332	630	0
3	289	519	0
3	414	512	0
3	198	622	0
3	157	627	0
3	482	535	0
3	49	577	0
3	435	529	0
3	432	596	0
3	324	646	0
3	483	509	0
3	333	618	0
3	486	608	0
3	201	592	0
3	477	647	0
3	264	580	0
3	83	509	0
3	342	608	0
3	465	645	0
3	370	624	0
3	488	674	0
3	82	561	0
3	222	526	0
3	333	678	0
3	387	566	0
3	87	519	0
3	15	666	0
3	293	570	0
3	258	571	0
3	140	652	0
3	366	632	0
3	293	497	0
3	449	603	0
3	225	531	0
3	360	662	0
3	258	613	0
3	328	523	0
3	153	519	0
3	376	571	0
3	489	523	0
3	465	623	0
3	427	660	0
3	290	602	0
3	89	658	0
3	303	671	0
3	7	499	0
3	177	623	0
3	22	539	0
3	165	550	0
3	303	536	0
3	102	642	0
3	298	608	0
3	363	568	0
3	151	511	0
3	361	654	0
3	153	590	0
3	401	506	0
3	206	691	0
3	78	503	0
3	487	637	0
3	82	508	0
3	169	663	0
3	93	530	0
3	466	607	0
3	437	672	0
3	444	617	0
3	415	574	0
3	126	570	0
3	400	612	0
3	106	569	0
3	491	517	0
3	366	538	0
3	170	661	0
3	176	605	0
3	274	576	0
3	457	523	0
3	156	550	0
3	389	562	0
3	25	588	0
3	305	655	0
3	33	544	0
3	182	632	0
3	414	549	0
3	74	561	0
3	246	638	0
3	197	509	0
3	388	536	0
3	465	592	0
3	486	600	0
3	483	616	0
3	46	656	0
3	9	497	0
3	421	523	0
3	464	504	0
3	125	527	0
3	382	523	0
3	40	609	0
3	248	503	0
3	415	509	0
3	259	633	0
3	179	678	0
3	193	600	0
3	151	684	0
3	414	546	0
3	78	686	0
3	138	678	0
3	171	541	0
3	287	534	0
3	404	545	0
3	215	663	0
3	341	680	0
3	82	511	0
3	347	499	0
3	275	496	0
3	105	606	0
3	386	624	0
3	403	634	0
3	348	642	0
3	108	532	0
3	64	618	0
3	392	687	0
3	248	492	0
3	337	637	0
3	378	627	0
3	2	662	0
3	248	659	0
3	16	634	0
3	172	657	0
3	240	643	0
3	65	578	0
3	250	605	0
3	214	552	0
3	302	599	0
3	225	602	0
3	140	517	0
3	432	635	0
3	168	681	0
3	358	675	0
3	329	502	0
3	206	599	0
3	173	497	0
3	179	601	0
3	356	589	0
3	15	559	0
3	423	648	0
3	328	589	0
3	390	563	0
3	373	559	0
3	478	640	0
3	405	571	0
3	339	637	0
3	306	519	0
3	235	678	0
3	276	620	0
3	228	564	0
3	165	675	0
3	466	628	0
3	378	504	0
3	201	681	0
3	126	517	0
3	75	620	0
3	292	656	0
3	367	550	0
3	186	493	0
3	325	610	0
3	266	690	0
3	3	640	0
3	408	691	0
3	105	670	0
3	209	539	0
3	27	502	0
3	173	642	0
3	269	662	0
3	364	528	0
3	486	582	0
3	302	621	0
3	185	520	0
3	35	510	0
3	25	650	0
3	237	539	0
3	346	672	0
3	162	620	0
3	316	519	0
3	152	560	0
3	219	691	0
3	178	684	0
3	482	625	0
3	0	654	0
3	463	687	0
3	407	601	0
3	421	519	0
3	150	682	0
3	110	586	0
3	7	685	0
3	148	600	0
3	63	646	0
3	186	598	0
3	22	672	0
3	341	588	0
3	36	495	0
3	2	607	0
3	479	565	0
3	380	644	0
3	197	659	0
3	310	593	0
3	157	687	0
3	411	672	0
3	230	633	0
3	164	650	0
3	412	591	0
3	461	546	0
3	315	647	0
3	346	596	0
3	24	561	0
3	237	653	0
3	396	611	0
3	13	604	0
3	177	663	0
3	163	503	0
3	393	631	0
3	19	523	0
3	10	524	0
3	39	634	0
3	264	593	0
3	199	515	0
3	319	530	0
3	479	519	0
3	370	584	0
3	152	499	0
3	315	526	0
3	98	559	0
3	486	642	0
3	442	573	0
3	267	590	0
3	486	500	0
3	267	533	0
3	60	571	0
3	356	647	0
3	141	529	0
3	300	531	0
3	301	573	0
3	392	592	0
3	402	568	0
3	383	684	0
3	372	540	0
3	309	642	0
3	112	643	0
3	355	606	0
3	131	673	0
3	408	509	0
3	142	648	0
3	220	515	0
3	35	505	0
3	480	494	0
3	302	548	0
3	415	607	0
3	255	520	0
3	63	529	0
3	314	493	0
3	52	546	0
3	287	525	0
3	88	588	0
3	358	647	0
3	307	656	0
3	468	545	0
3	411	649	0
3	59	643	0
3	353	605	0
3	39	635	0
3	479	594	0
3	36	614	0
3	383	508	0
3	114	517	0
3	3	648	0
3	459	639	0
3	122	542	0
3	161	512	0
3	335	582	0
3	335	621	0
3	427	616	0
3	60	513	0
3	296	591	0
3	408	678	0
3	288	500	0
3	420	638	0
3	254	574	0
3	323	543	0
3	314	642	0
3	415	657	0
3	67	669	0
3	261	654	0
3	189	558	0
3	467	604	0
3	214	499	0
3	286	662	0
3	49	622	0
3	283	541	0
3	485	663	0
3	202	599	0
3	88	681	0
3	422	534	0
3	457	493	0
3	87	648	0
3	94	593	0
3	252	569	0
3	297	602	0
3	126	567	0
3	154	510	0
3	57	525	0
3	461	600	0
3	189	584	0
3	269	675	0
3	176	642	0
3	193	690	0
3	24	528	0
3	362	614	0
3	98	508	0
3	90	519	0
3	363	545	0
3	266	512	0
3	226	499	0
3	271	498	0
3	300	624	0
3	274	660	0
3	48	666	0
3	260	640	0
3	228	545	0
3	315	623	0
3	386	539	0
3	99	593	0
3	33	675	0
3	111	645	0
3	129	678	0
3	140	508	0
3	21	574	0
3	49	634	0
3	4	602	0
3	478	596	0
3	279	581	0
3	64	571	0
3	258	640	0
3	35	670	0
3	20	640	0
3	183	512	0
3	66	582	0
3	355	493	0
3	464	641	0
3	280	635	0
3	104	524	0
3	146	528	0
3	483	661	0
3	9	655	0
3	6	604	0
3	186	665	0
3	41	609	0
3	293	548	0
3	101	493	0
3	103	503	0
3	300	652	0
3	249	617	0
3	376	606	0
3	407	589	0
3	43	599	0
3	110	658	0
3	311	672	0
3	397	686	0
3	407	605	0
3	383	509	0
3	439	504	0
3	431	681	0
3	157	603	0
3	212	501	0
3	433	683	0
3	238	660	0
3	128	526	0
3	197	639	0
3	481	607	0
3	139	616	0
3	236	608	0
3	379	521	0
3	120	690	0
3	114	536	0
3	245	580	0
3	101	668	0
3	344	497	0
3	177	619	0
3	184	539	0
3	454	550	0
3	9	519	0
3	483	623	0
3	159	514	0
3	59	552	0
3	60	631	0
3	388	559	0
3	331	614	0
3	208	648	0
3	155	631	0
3	296	502	0
3	1	637	0
3	137	620	0
3	480	621	0
3	116	565	0
3	31	573	0
3	436	597	0
3	244	675	0
3	486	503	0
3	58	661	0
3	294	687	0
3	172	581	0
3	45	584	0
3	101	596	0
3	63	654	0
3	416	621	0
3	339	496	0
3	112	543	0
3	66	611	0
3	206	512	0
3	468	610	0
3	85	591	0
3	378	674	0
3	184	532	0
3	41	600	0
3	291	628	0
3	9	639	0
3	170	589	0
3	106	554	0
3	451	626	0
3	161	523	0
3	119	524	0
3	460	600	0
3	200	655	0
3	316	592	0
3	190	624	0
3	475	600	0
3	168	616	0
3	95	608	0
3	299	502	0
3	449	505	0
3	440	526	0
3	114	558	0
3	338	647	0
3	88	563	0
3	17	599	0
3	478	556	0
3	466	649	0
3	145	538	0
3	27	587	0
3	356	626	0
3	241	610	0
3	239	639	0
3	272	617	0
3	98	495	0
3	449	655	0
3	240	497	0
3	18	495	0
3	186	645	0
3	413	524	0
3	66	511	0
3	231	524	0
3	295	634	0
3	199	556	0
3	178	648	0
3	335	492	0
3	425	565	0
3	399	682	0
3	350	509	0
3	314	559	0
3	353	519	0
3	342	623	0
3	201	552	0
3	66	607	0
3	110	685	0
3	220	509	0
3	132	584	0
3	471	595	0
3	197	538	0
3	409	612	0
3	122	536	0
3	165	668	0
3	158	578	0
3	242	644	0
3	299	665	0
3	454	678	0
3	482	539	0
3	398	506	0
3	323	517	0
3	316	644	0
3	112	579	0
3	132	685	0
3	61	605	0
3	50	559	0
3	371	542	0
3	484	599	0
3	180	554	0
3	388	579	0
3	293	552	0
3	180	615	0
3	71	526	0
3	172	617	0
3	377	585	0
3	444	586	0
3	357	600	0
3	228	690	0
3	379	538	0
3	299	492	0
3	306	506	0
3	397	650	0
3	174	593	0
3	310	675	0
3	42	497	0
3	109	548	0
3	164	578	0
3	126	513	0
3	427	625	0
3	447	629	0
3	404	551	0
3	289	630	0
3	279	499	0
3	137	623	0
3	203	534	0
3	0	524	0
3	487	648	0
3	15	633	0
3	487	540	0
3	446	673	0
3	66	557	0
3	336	604	0
3	242	681	0
3	159	563	0
3	145	545	0
3	400	501	0
3	138	542	0
3	96	549	0
3	131	628	0
3	323	550	0
3	131	583	0
3	210	536	0
3	210	522	0
3	367	523	0
3	15	495	0
3	149	599	0
3	155	621	0
3	147	674	0
3	123	660	0
3	215	673	0
3	273	534	0
3	12	564	0
3	393	509	0
3	444	608	0
3	484	620	0
3	312	622	0
3	302	567	0
3	423	512	0
3	163	660	0
3	43	671	0
3	171	610	0
3	62	672	0
3	107	667	0
3	287	569	0
3	364	598	0
3	438	591	0
3	314	517	0
3	123	509	0
3	77	538	0
3	329	666	0
3	40	602	0
3	363	608	0
3	83	680	0
3	410	676	0
3	86	671	0
3	290	600	0
3	262	513	0
3	251	547	0
3	303	580	0
3	155	620	0
3	423	596	0
3	130	527	0
3	262	667	0
3	9	586	0
3	406	649	0
3	128	553	0
3	165	649	0
3	110	688	0
3	440	646	0
3	217	515	0
3	299	649	0
3	454	504	0
3	72	573	0
3	44	596	0
3	135	575	0
3	264	667	0
3	123	616	0
3	356	568	0
3	188	614	0
3	219	652	0
3	267	665	0
3	52	565	0
3	239	498	0
3	278	633	0
3	176	587	0
3	106	660	0
3	270	622	0
3	323	628	0
3	481	628	0
3	394	543	0
3	253	648	0
3	363	506	0
3	118	660	0
3	286	638	0
3	267	566	0
3	345	662	0
3	347	504	0
3	339	625	0
3	10	632	0
3	414	502	0
3	381	559	0
3	277	567	0
3	37	525	0
3	34	678	0
3	198	578	0
3	248	514	0
3	64	656	0
3	105	685	0
3	195	647	0
3	89	592	0
3	344	498	0
3	424	683	0
3	334	629	0
3	152	543	0
3	143	621	0
3	51	561	0
3	41	615	0
3	465	532	0
3	403	537	0
3	70	561	0
3	477	606	0
3	75	495	0
3	270	598	0
3	40	518	0
3	142	678	0
3	375	523	0
3	3	666	0
3	295	578	0
3	259	576	0
3	277	502	0
3	451	672	0
3	468	539	0
3	296	506	0
3	116	496	0
3	304	555	0
3	121	670	0
3	73	664	0
3	68	640	0
3	166	519	0
3	222	571	0
3	234	629	0
3	488	638	0
3	19	637	0
3	5	520	0
3	357	677	0
3	100	536	0
3	361	581	0
3	412	601	0
3	456	611	0
3	122	513	0
3	256	631	0
3	146	675	0
3	306	591	0
3	84	678	0
3	336	637	0
3	205	559	0
3	392	610	0
3	350	639	0
3	312	596	0
3	370	618	0
3	112	661	0
3	480	628	0
3	462	621	0
3	471	543	0
3	463	496	0
3	211	570	0
3	139	627	0
3	449	558	0
3	278	523	0
3	363	540	0
3	7	532	0
3	113	557	0
3	145	584	0
3	57	531	0
3	54	513	0
3	88	626	0
3	400	497	0
3	96	514	0
3	322	596	0
3	327	583	0
3	141	512	0
3	264	514	0
3	387	513	0
3	235	581	0
3	479	517	0
3	157	653	0
3	248	556	0
3	469	639	0
3	45	634	0
3	491	624	0
3	21	576	0
3	375	671	0
3	9	609	0
3	70	683	0
3	434	557	0
3	401	643	0
3	44	582	0
3	167	598	0
3	238	594	0
3	468	635	0
3	52	556	0
3	197	685	0
3	15	526	0
3	9	665	0
3	467	666	0
3	152	589	0
3	81	575	0
3	272	546	0
3	86	664	0
3	172	522	0
3	8	525	0
3	266	640	0
3	200	637	0
3	47	596	0
3	51	639	0
3	263	523	0
3	253	565	0
3	132	496	0
3	121	634	0
3	440	624	0
3	69	539	0
3	489	657	0
3	452	549	0
3	482	499	0
3	374	591	0
3	83	500	0
3	135	513	0
3	346	497	0
3	317	497	0
3	458	607	0
3	203	606	0
3	294	495	0
3	422	495	0
3	238	502	0
3	214	582	0
3	267	624	0
3	440	598	0
3	325	522	0
3	105	668	0
3	32	512	0
3	393	646	0
3	130	652	0
3	110	509	0
3	221	670	0
3	365	634	0
3	481	664	0
3	473	629	0
3	435	692	0
3	336	629	0
3	113	527	0
3	63	628	0
3	70	525	0
3	176	691	0
3	19	636	0
3	238	528	0
3	103	588	0
3	229	615	0
3	349	531	0
3	376	565	0
3	396	505	0
3	59	600	0
3	120	596	0
3	7	538	0
3	430	552	0
3	109	573	0
3	5	590	0
3	233	634	0
3	194	647	0
3	381	634	0
3	265	654	0
3	251	515	0
3	146	498	0
3	188	511	0
3	304	562	0
3	219	603	0
3	18	613	0
3	61	586	0
3	228	620	0
3	315	675	0
3	136	613	0
3	145	649	0
3	251	500	0
3	68	509	0
3	184	563	0
3	286	545	0
3	201	563	0
3	94	650	0
3	205	650	0
3	434	564	0
3	58	666	0
3	405	619	0
3	455	656	0
3	267	510	0
3	255	628	0
3	187	563	0
3	11	639	0
3	300	506	0
3	437	536	0
3	425	579	0
3	20	661	0
3	491	616	0
3	37	538	0
3	414	589	0
3	219	569	0
3	217	497	0
3	454	525	0
3	332	684	0
3	335	499	0
3	136	549	0
3	218	563	0
3	119	499	0
3	16	536	0
3	48	559	0
3	269	667	0
3	328	546	0
3	149	506	0
3	205	602	0
3	454	648	0
3	260	535	0
3	54	557	0
3	57	685	0
3	117	685	0
3	475	612	0
3	290	524	0
3	272	614	0
3	22	544	0
3	143	539	0
3	377	517	0
3	46	661	0
3	26	529	0
3	185	559	0
3	376	690	0
3	271	514	0
3	333	580	0
3	180	512	0
3	301	646	0
3	47	504	0
3	46	588	0
3	123	577	0
3	395	583	0
3	439	667	0
3	94	526	0
3	36	630	0
3	466	550	0
3	134	521	0
3	366	656	0
3	319	572	0
3	12	643	0
3	325	628	0
3	31	652	0
3	436	500	0
3	92	671	0
3	176	672	0
3	58	554	0
3	442	644	0
3	141	637	0
3	288	538	0
3	85	573	0
3	226	658	0
3	106	495	0
3	194	536	0
3	167	678	0
3	287	557	0
3	293	650	0
3	352	583	0
3	414	555	0
3	217	610	0
3	313	509	0
3	348	620	0
3	337	585	0
3	286	608	0
3	265	684	0
3	327	560	0
3	169	573	0
3	340	683	0
3	181	685	0
3	401	496	0
3	25	683	0
3	87	598	0
3	389	650	0
3	400	606	0
3	414	634	0
3	213	510	0
3	241	546	0
3	267	660	0
3	23	596	0
3	393	605	0
3	480	608	0
3	6	619	0
3	283	638	0
3	443	647	0
3	84	684	0
3	421	576	0
3	278	613	0
3	409	613	0
3	169	504	0
3	9	494	0
3	376	598	0
3	25	663	0
3	86	588	0
3	44	590	0
3	413	662	0
3	205	680	0
3	351	538	0
3	403	542	0
3	392	505	0
3	417	532	0
3	317	583	0
3	333	610	0
3	156	660	0
3	238	636	0
3	145	521	0
3	46	546	0
3	472	656	0
3	52	521	0
3	55	499	0
3	300	610	0
3	466	622	0
3	457	583	0
3	46	492	0
3	169	641	0
3	195	508	0
3	472	552	0
3	293	635	0
3	320	508	0
3	49	667	0
3	256	593	0
3	487	606	0
3	111	605	0
3	252	605	0
3	162	636	0
3	187	583	0
3	277	635	0
3	389	663	0
3	119	506	0
3	441	498	0
3	311	587	0
3	256	537	0
3	39	539	0
3	74	543	0
3	3	610	0
3	117	524	0
3	24	604	0
3	79	677	0
3	484	512	0
3	128	517	0
3	62	573	0
3	445	525	0
3	306	630	0
3	60	664	0
3	410	554	0
3	221	609	0
3	259	519	0
3	19	571	0
3	71	660	0
3	202	675	0
3	21	550	0
3	482	514	0
3	2	502	0
3	433	537	0
3	189	543	0
3	310	619	0
3	232	535	0
3	357	509	0
3	449	624	0
3	130	647	0
3	42	548	0
3	446	552	0
3	461	529	0
3	10	617	0
3	483	687	0
3	402	543	0
3	365	671	0
3	280	504	0
3	338	618	0
3	34	593	0
3	433	685	0
3	398	637	0
3	127	598	0
3	319	575	0
3	69	628	0
3	407	614	0
3	434	495	0
3	473	679	0
3	361	511	0
3	414	675	0
3	131	527	0
3	334	598	0
3	211	639	0
3	364	526	0
3	430	531	0
3	466	637	0
3	93	648	0
3	189	565	0
3	405	650	0
3	248	602	0
3	295	591	0
3	162	584	0
3	179	567	0
3	401	677	0
3	3	673	0
3	439	540	0
3	162	496	0
3	314	594	0
3	241	642	0
3	17	541	0
3	114	691	0
3	163	673	0
3	62	567	0
3	115	550	0
3	353	511	0
3	322	665	0
3	315	659	0
3	29	689	0
3	13	647	0
3	2	514	0
3	411	497	0
3	332	559	0
3	137	569	0
3	3	604	0
3	75	662	0
3	154	623	0
3	42	523	0
3	104	622	0
3	38	588	0
3	181	573	0
3	440	519	0
3	422	543	0
3	333	562	0
3	239	501	0
3	101	607	0
3	488	646	0
3	77	537	0
3	236	689	0
3	406	612	0
3	97	652	0
3	103	504	0
3	476	598	0
3	9	636	0
3	26	664	0
3	335	519	0
3	398	541	0
3	199	518	0
3	130	532	0
3	283	540	0
3	229	502	0
3	476	612	0
3	431	660	0
3	11	677	0
3	283	573	0
3	47	624	0
3	382	657	0
3	399	650	0
3	270	646	0
3	479	659	0
3	67	653	0
3	368	585	0
3	369	517	0
3	356	536	0
3	180	692	0
3	193	495	0
3	212	506	0
3	113	609	0
3	440	613	0
3	30	511	0
3	379	635	0
3	279	492	0
3	357	635	0
3	310	641	0
3	197	588	0
3	313	646	0
3	196	493	0
3	20	506	0
3	225	571	0
3	62	599	0
3	200	613	0
3	147	538	0
3	9	548	0
3	429	613	0
3	184	562	0
3	254	548	0
3	359	646	0
3	127	537	0
3	421	612	0
3	56	593	0
3	310	576	0
3	218	505	0
3	454	539	0
3	223	617	0
3	319	631	0
3	491	522	0
3	15	494	0
3	482	517	0
3	440	497	0
3	305	511	0
3	347	582	0
3	437	603	0
3	2	612	0
3	454	523	0
3	368	638	0
3	151	635	0
3	425	568	0
3	234	617	0
3	51	580	0
3	20	601	0
3	297	690	0
3	452	499	0
3	386	654	0
3	309	568	0
3	365	604	0
3	419	623	0
3	240	618	0
3	125	520	0
3	123	588	0
3	176	517	0
3	4	600	0
3	448	538	0
3	56	497	0
3	399	512	0
3	301	678	0
3	335	596	0
3	395	582	0
3	370	543	0
3	57	650	0
3	430	519	0
3	230	579	0
3	2	570	0
3	293	492	0
3	168	598	0
3	226	629	0
3	488	551	0
3	85	543	0
3	403	568	0
3	306	662	0
3	285	506	0
3	247	656	0
3	469	623	0
3	261	653	0
3	61	663	0
3	220	683	0
3	408	656	0
3	475	538	0
3	48	554	0
3	481	589	0
3	132	591	0
3	349	544	0
3	470	575	0
3	116	587	0
3	246	557	0
3	257	687	0
3	471	659	0
3	264	534	0
3	102	542	0
3	233	615	0
3	312	492	0
3	362	671	0
3	365	592	0
3	343	612	0
3	248	640	0
3	214	657	0
3	162	650	0
3	144	505	0
3	270	675	0
3	455	660	0
3	76	633	0
3	302	564	0
3	178	683	0
3	256	634	0
3	177	678	0
3	312	574	0
3	14	650	0
3	475	530	0
3	137	551	0
3	193	589	0
3	459	558	0
3	47	582	0
3	453	678	0
3	441	530	0
3	282	581	0
3	42	652	0
3	409	662	0
3	219	513	0
3	108	569	0
3	325	674	0
3	33	622	0
3	73	573	0
3	319	524	0
3	142	492	0
3	48	498	0
3	475	611	0
3	51	604	0
3	463	549	0
3	488	617	0
3	372	511	0
3	385	517	0
3	99	612	0
3	456	662	0
3	335	508	0
3	25	654	0
3	194	641	0
3	410	550	0
3	249	524	0
3	83	514	0
3	171	614	0
3	19	550	0
3	39	498	0
3	274	684	0
3	190	532	0
3	252	655	0
3	281	625	0
3	125	506	0
3	4	642	0
3	275	575	0
3	311	565	0
3	40	580	0
3	381	511	0
3	22	610	0
3	46	640	0
3	158	536	0
3	482	565	0
3	443	519	0
3	7	654	0
3	353	513	0
3	20	626	0
3	416	653	0
3	458	689	0
3	294	520	0
3	221	559	0
3	181	561	0
3	384	541	0
3	417	625	0
3	352	512	0
3	397	610	0
3	440	657	0
3	117	635	0
3	204	660	0
3	98	553	0
3	243	502	0
3	76	568	0
3	224	583	0
3	117	518	0
3	35	575	0
3	305	684	0
3	89	561	0
3	322	562	0
3	83	535	0
3	325	620	0
3	151	613	0
3	51	531	0
3	166	690	0
3	393	679	0
3	176	568	0
3	126	601	0
3	194	603	0
3	82	642	0
3	231	560	0
3	387	594	0
3	366	493	0
3	239	657	0
3	447	523	0
3	372	568	0
3	385	520	0
3	44	611	0
3	373	531	0
3	217	670	0
3	444	582	0
3	468	639	0
3	400	554	0
3	364	600	0
3	362	521	0
3	346	588	0
3	20	541	0
3	346	551	0
3	288	521	0
3	271	511	0
3	176	556	0
3	138	675	0
3	129	573	0
3	93	517	0
3	346	686	0
3	310	626	0
3	146	688	0
3	174	649	0
3	307	635	0
3	431	506	0
3	468	663	0
3	34	508	0
3	265	550	0
3	0	593	0
3	241	672	0
3	199	502	0
3	370	613	0
3	107	593	0
3	39	677	0
3	380	593	0
3	359	495	0
3	170	534	0
3	129	630	0
3	207	648	0
3	63	653	0
3	343	668	0
3	19	500	0
3	107	504	0
3	145	531	0
3	382	684	0
3	479	581	0
3	394	670	0
3	184	667	0
3	134	667	0
3	245	631	0
3	453	660	0
3	392	623	0
3	448	636	0
3	247	625	0
3	385	603	0
3	440	536	0
3	477	641	0
3	255	614	0
3	350	567	0
3	189	499	0
3	178	686	0
3	242	614	0
3	308	563	0
3	25	599	0
3	4	546	0
3	487	647	0
3	319	526	0
3	324	648	0
3	235	610	0
3	425	650	0
3	304	683	0
3	29	640	0
3	22	662	0
3	417	691	0
3	381	501	0
3	452	630	0
3	70	581	0
3	208	568	0
3	8	585	0
3	205	585	0
3	404	637	0
3	83	574	0
3	415	617	0
3	229	499	0
3	419	505	0
3	414	515	0
3	457	594	0
3	107	586	0
3	161	652	0
3	199	682	0
3	419	591	0
3	138	594	0
3	137	593	0
3	57	689	0
3	466	517	0
3	179	645	0
3	319	583	0
3	362	608	0
3	72	543	0
3	377	494	0
3	386	643	0
3	274	563	0
3	38	540	0
3	485	546	0
3	104	661	0
3	129	539	0
3	43	647	0
3	83	552	0
3	268	630	0
3	363	621	0
3	393	552	0
3	402	583	0
3	200	605	0
3	203	663	0
3	22	524	0
3	225	635	0
3	152	605	0
3	211	687	0
3	422	537	0
3	114	635	0
3	296	546	0
3	112	505	0
3	210	673	0
3	398	633	0
3	405	615	0
3	115	517	0
3	136	528	0
3	223	655	0
3	439	563	0
3	329	546	0
3	125	687	0
3	382	500	0
3	59	556	0
3	12	562	0
3	254	513	0
3	483	570	0
3	201	685	0
3	163	499	0
3	81	662	0
3	43	670	0
3	338	621	0
3	4	518	0
3	237	541	0
3	218	626	0
3	299	643	0
3	68	649	0
3	355	571	0
3	485	530	0
3	188	638	0
3	317	556	0
3	448	598	0
3	77	640	0
3	110	539	0
3	262	505	0
3	38	613	0
3	172	542	0
3	110	607	0
3	307	640	0
3	270	619	0
3	304	549	0
3	101	632	0
3	37	601	0
3	352	618	0
3	90	576	0
3	260	605	0
3	459	542	0
3	234	687	0
3	306	656	0
3	481	564	0
3	305	493	0
3	153	551	0
3	355	592	0
3	352	594	0
3	1	502	0
3	437	616	0
3	77	614	0
3	90	628	0
3	288	543	0
3	297	610	0
3	117	496	0
3	127	608	0
3	353	674	0
3	230	618	0
3	121	588	0
3	276	534	0
3	457	604	0
3	143	607	0
3	253	626	0
3	195	581	0
3	146	513	0
3	437	678	0
3	97	571	0
3	28	684	0
3	208	627	0
3	171	545	0
3	8	497	0
3	85	669	0
3	387	664	0
3	335	521	0
3	67	619	0
3	418	557	0
3	92	522	0
3	34	599	0
3	356	573	0
3	390	625	0
3	289	588	0
3	123	606	0
3	40	507	0
3	265	520	0
3	271	528	0
3	25	649	0
3	136	525	0
3	257	557	0
3	473	538	0
3	320	613	0
3	21	668	0
3	411	658	0
3	265	545	0
3	160	582	0
3	388	671	0
3	56	609	0
3	198	616	0
3	173	583	0
3	217	586	0
3	282	580	0
3	50	638	0
3	148	670	0
3	296	511	0
3	140	597	0
3	202	505	0
3	189	571	0
3	296	596	0
3	4	620	0
3	93	650	0
3	125	581	0
3	237	611	0
3	305	636	0
3	132	601	0
3	387	682	0
3	297	495	0
3	61	647	0
3	295	534	0
3	216	542	0
3	360	564	0
3	456	681	0
3	67	502	0
3	317	681	0
3	168	689	0
3	172	559	0
3	281	682	0
3	396	536	0
3	348	599	0
3	202	558	0
3	362	573	0
3	438	560	0
3	205	499	0
3	142	496	0
3	14	521	0
3	285	681	0
3	74	606	0
3	249	609	0
3	20	494	0
3	400	685	0
3	97	586	0
3	220	619	0
3	477	659	0
3	281	634	0
3	198	625	0
3	350	495	0
3	174	524	0
3	238	583	0
3	122	578	0
3	324	649	0
3	79	589	0
3	223	542	0
3	486	619	0
3	359	663	0
3	373	523	0
3	158	567	0
3	118	534	0
3	153	671	0
3	237	581	0
3	387	595	0
3	293	599	0
3	42	552	0
3	93	658	0
3	393	593	0
3	222	579	0
3	193	573	0
3	444	665	0
3	376	593	0
3	65	668	0
3	336	563	0
3	257	665	0
3	330	586	0
3	51	543	0
3	167	579	0
3	295	511	0
3	379	576	0
3	128	655	0
3	385	598	0
3	315	607	0
3	126	549	0
3	398	497	0
3	73	520	0
3	454	630	0
3	225	594	0
3	391	656	0
3	151	674	0
3	251	666	0
3	273	583	0
3	341	600	0
3	471	609	0
3	351	505	0
3	156	633	0
3	400	525	0
3	388	650	0
3	441	652	0
3	269	634	0
3	266	508	0
3	264	492	0
3	105	581	0
3	485	536	0
3	462	675	0
3	319	672	0
3	439	506	0
3	359	501	0
3	474	536	0
3	371	620	0
3	388	647	0
3	314	620	0
3	147	640	0
3	322	592	0
3	477	556	0
3	374	497	0
3	325	561	0
3	119	546	0
3	488	620	0
3	162	492	0
3	45	629	0
3	281	560	0
3	77	582	0
3	29	571	0
3	411	656	0
3	61	585	0
3	123	622	0
3	98	533	0
3	231	601	0
3	436	662	0
3	415	510	0
3	271	687	0
3	348	510	0
3	209	506	0
3	204	578	0
3	472	685	0
3	175	534	0
3	194	552	0
3	315	609	0
3	283	603	0
3	249	661	0
3	153	493	0
3	287	526	0
3	397	561	0
3	357	676	0
3	332	615	0
3	183	548	0
3	140	546	0
3	261	649	0
3	473	574	0
3	18	509	0
3	304	570	0
3	417	636	0
3	458	580	0
3	255	631	0
3	360	623	0
3	19	534	0
3	400	534	0
3	364	533	0
3	90	566	0
3	429	573	0
3	91	592	0
3	264	550	0
3	74	536	0
3	183	657	0
3	318	506	0
3	281	577	0
3	351	682	0
3	274	656	0
3	227	524	0
3	155	656	0
3	100	540	0
3	479	640	0
3	219	609	0
3	223	514	0
3	389	689	0
3	14	661	0
3	229	665	0
3	2	660	0
3	107	614	0
3	33	626	0
3	463	604	0
3	44	576	0
3	123	608	0
3	144	609	0
3	88	574	0
3	90	563	0
3	36	687	0
3	26	493	0
3	229	646	0
3	162	524	0
3	444	668	0
3	471	536	0
3	484	646	0
3	210	582	0
3	98	671	0
3	374	560	0
3	3	518	0
3	91	599	0
3	198	653	0
3	407	495	0
3	107	609	0
3	409	563	0
3	60	625	0
3	191	602	0
3	104	498	0
3	400	677	0
3	398	603	0
3	247	596	0
3	55	554	0
3	306	599	0
3	380	510	0
3	453	585	0
3	144	614	0
3	398	571	0
3	198	547	0
3	419	511	0
3	19	517	0
3	287	662	0
3	29	634	0
3	296	662	0
3	70	543	0
3	205	612	0
3	245	690	0
3	65	573	0
3	377	665	0
3	481	590	0
3	342	609	0
3	106	635	0
3	106	563	0
3	341	500	0
3	15	623	0
3	367	608	0
3	312	649	0
3	175	690	0
3	57	620	0
3	155	642	0
3	459	546	0
3	433	567	0
3	179	570	0
3	468	627	0
3	118	502	0
3	136	556	0
3	33	598	0
3	298	624	0
3	445	631	0
3	213	640	0
3	95	642	0
3	149	623	0
3	257	564	0
3	167	647	0
3	237	575	0
3	418	546	0
3	34	505	0
3	155	508	0
3	428	582	0
3	219	496	0
3	283	623	0
3	24	569	0
3	398	500	0
3	45	658	0
3	277	600	0
3	257	511	0
3	464	639	0
3	111	576	0
3	374	654	0
3	298	674	0
3	451	506	0
3	468	556	0
3	13	656	0
3	344	505	0
3	453	524	0
3	171	601	0
3	2	613	0
3	13	501	0
3	407	656	0
3	22	663	0
3	314	591	0
3	451	599	0
3	155	515	0
3	387	624	0
3	15	564	0
3	174	583	0
3	18	690	0
3	311	668	0
3	419	576	0
3	196	605	0
3	177	683	0
3	264	668	0
3	428	666	0
3	307	664	0
3	380	570	0
3	342	664	0
3	131	508	0
3	127	505	0
3	487	559	0
3	159	549	0
3	434	641	0
3	218	641	0
3	6	574	0
3	279	531	0
3	383	588	0
3	160	535	0
3	455	562	0
3	123	690	0
3	407	587	0
3	427	687	0
3	110	654	0
3	293	607	0
3	11	679	0
3	385	582	0
3	327	589	0
3	75	513	0
3	270	611	0
3	328	602	0
3	62	638	0
3	455	515	0
3	415	593	0
3	21	665	0
3	416	586	0
3	92	544	0
3	1	583	0
3	63	557	0
3	240	601	0
3	454	540	0
3	254	685	0
3	448	646	0
3	354	563	0
3	82	601	0
3	98	541	0
3	72	524	0
3	328	673	0
3	478	664	0
3	269	515	0
3	415	567	0
3	292	534	0
3	472	543	0
3	257	498	0
3	38	652	0
3	368	510	0
3	117	690	0
3	325	599	0
3	290	678	0
3	395	610	0
3	68	655	0
3	98	556	0
3	221	536	0
3	210	538	0
3	344	584	0
3	261	608	0
3	114	607	0
3	202	508	0
3	403	565	0
3	429	534	0
3	424	492	0
3	100	616	0
3	138	595	0
3	0	671	0
3	23	575	0
3	187	628	0
3	247	595	0
3	390	628	0
3	20	648	0
3	247	676	0
3	415	667	0
3	20	663	0
3	56	522	0
3	380	642	0
3	194	669	0
3	467	588	0
3	63	558	0
3	290	613	0
3	331	532	0
3	261	577	0
3	187	613	0
3	184	502	0
3	252	497	0
3	258	550	0
3	371	494	0
3	228	642	0
3	390	543	0
3	244	666	0
3	356	590	0
3	293	586	0
3	149	618	0
3	240	610	0
3	128	507	0
3	16	503	0
3	317	596	0
3	209	670	0
3	440	601	0
3	361	565	0
3	461	550	0
3	74	688	0
3	182	645	0
3	247	624	0
3	171	613	0
3	119	629	0
3	389	591	0
3	205	562	0
3	67	564	0
3	167	691	0
3	430	555	0
3	452	644	0
3	146	499	0
3	43	559	0
3	136	522	0
3	386	517	0
3	236	626	0
3	420	606	0
3	241	501	0
3	322	680	0
3	242	514	0
3	280	586	0
3	236	641	0
3	165	646	0
3	123	494	0
3	67	536	0
3	390	517	0
3	72	549	0
3	107	608	0
3	398	606	0
3	266	638	0
3	50	496	0
3	232	534	0
3	305	632	0
3	152	586	0
3	181	501	0
3	349	642	0
3	349	543	0
3	202	573	0
3	112	492	0
3	154	692	0
3	309	582	0
3	135	562	0
3	464	581	0
3	262	611	0
3	149	610	0
3	173	582	0
3	97	504	0
3	259	578	0
3	26	494	0
3	49	502	0
3	16	609	0
3	119	650	0
3	205	543	0
3	456	628	0
3	267	517	0
3	181	615	0
3	67	630	0
3	83	505	0
3	139	524	0
3	466	690	0
3	83	595	0
3	43	512	0
3	473	666	0
3	449	666	0
3	387	572	0
3	126	536	0
3	474	548	0
3	421	573	0
3	204	666	0
3	70	568	0
3	484	494	0
3	474	677	0
3	247	555	0
3	301	523	0
3	164	580	0
3	90	691	0
3	337	663	0
3	133	594	0
3	89	557	0
3	252	623	0
3	391	589	0
3	401	551	0
3	444	690	0
3	33	625	0
3	456	605	0
3	47	581	0
3	136	614	0
3	142	571	0
3	284	591	0
3	46	552	0
3	16	508	0
3	375	684	0
3	381	572	0
3	137	534	0
3	416	675	0
3	36	603	0
3	16	615	0
3	163	611	0
3	480	598	0
3	293	502	0
3	399	602	0
3	27	543	0
3	195	623	0
3	423	658	0
3	393	537	0
3	51	590	0
3	368	520	0
3	168	678	0
3	90	607	0
3	458	620	0
3	131	543	0
3	283	513	0
3	122	685	0
3	483	587	0
3	55	663	0
3	58	528	0
3	133	614	0
3	478	539	0
3	288	492	0
3	358	642	0
3	159	509	0
3	52	526	0
3	269	619	0
3	288	506	0
3	158	571	0
3	60	581	0
3	150	677	0
3	185	666	0
3	55	635	0
3	452	624	0
3	156	606	0
3	342	659	0
3	341	638	0
3	38	619	0
3	332	564	0
3	343	513	0
3	416	569	0
3	59	553	0
3	300	492	0
3	349	661	0
3	223	508	0
3	52	524	0
3	316	600	0
3	395	664	0
3	24	607	0
3	330	674	0
3	487	646	0
3	142	638	0
3	107	691	0
3	461	515	0
3	91	589	0
3	105	644	0
3	387	629	0
3	482	663	0
3	352	656	0
3	227	496	0
3	98	572	0
3	467	520	0
3	93	546	0
3	2	504	0
3	259	554	0
3	286	560	0
3	112	678	0
3	213	525	0
3	235	647	0
3	486	626	0
3	29	687	0
3	468	575	0
3	226	661	0
3	357	602	0
3	322	607	0
3	222	539	0
3	326	676	0
3	422	670	0
3	269	512	0
3	88	532	0
3	201	665	0
3	403	652	0
3	134	636	0
3	399	525	0
3	90	558	0
3	390	535	0
3	489	597	0
3	375	536	0
3	446	536	0
3	24	525	0
3	98	689	0
3	155	661	0
3	406	603	0
3	198	557	0
3	229	598	0
3	70	540	0
3	476	541	0
3	274	505	0
3	415	668	0
3	464	633	0
3	336	597	0
3	452	603	0
3	207	599	0
3	134	674	0
3	394	589	0
3	285	649	0
3	109	561	0
3	145	641	0
3	365	492	0
3	63	492	0
3	367	609	0
3	239	664	0
3	80	640	0
3	490	592	0
3	437	685	0
3	453	654	0
3	489	606	0
3	6	497	0
3	65	504	0
3	276	556	0
3	448	574	0
3	345	663	0
3	192	636	0
3	416	689	0
3	467	642	0
3	196	656	0
3	90	513	0
3	417	613	0
3	227	498	0
3	200	587	0
3	225	549	0
3	262	561	0
3	298	588	0
3	482	608	0
3	118	665	0
3	84	571	0
3	401	659	0
3	76	601	0
3	357	664	0
3	113	606	0
3	432	629	0
3	411	511	0
3	243	612	0
3	325	630	0
3	220	603	0
3	208	588	0
3	13	499	0
3	406	650	0
3	156	646	0
3	195	617	0
3	145	671	0
3	474	683	0
3	369	525	0
3	403	570	0
3	146	622	0
3	79	537	0
3	438	664	0
3	82	570	0
3	208	574	0
3	298	589	0
3	394	632	0
3	79	557	0
3	491	549	0
3	371	609	0
3	115	581	0
3	437	636	0
3	94	540	0
3	148	612	0
3	384	559	0
3	147	549	0
3	201	549	0
3	57	599	0
3	59	562	0
3	210	654	0
3	426	494	0
3	194	679	0
3	146	647	0
3	199	543	0
3	116	519	0
3	31	631	0
3	163	640	0
3	424	603	0
3	198	605	0
3	144	630	0
3	360	656	0
3	490	677	0
3	435	524	0
3	265	569	0
3	232	599	0
3	81	614	0
3	189	617	0
3	365	581	0
3	230	554	0
3	197	603	0
3	148	623	0
3	404	612	0
3	73	534	0
3	395	601	0
3	461	541	0
3	253	623	0
3	122	564	0
3	352	577	0
3	231	646	0
3	34	666	0
3	62	581	0
3	399	631	0
3	401	598	0
3	279	511	0
3	187	512	0
3	110	611	0
3	427	649	0
3	396	496	0
3	451	608	0
3	261	586	0
3	42	512	0
3	155	584	0
3	39	608	0
3	321	646	0
3	207	527	0
3	56	502	0
3	381	641	0
3	71	596	0
3	319	671	0
3	247	668	0
3	98	612	0
3	487	630	0
3	208	591	0
3	385	626	0
3	296	674	0
3	315	534	0
3	41	613	0
3	353	603	0
3	51	642	0
3	267	681	0
3	292	501	0
3	135	495	0
3	77	555	0
3	116	495	0
3	101	664	0
3	69	685	0
3	217	685	0
3	70	550	0
3	378	565	0
3	225	539	0
3	164	595	0
3	98	594	0
3	250	637	0
3	373	515	0
3	30	601	0
3	84	634	0
3	402	616	0
3	315	499	0
3	155	518	0
3	270	558	0
3	279	683	0
3	202	512	0
3	426	523	0
3	32	522	0
3	192	551	0
3	275	637	0
3	425	527	0
3	56	494	0
3	368	503	0
3	99	541	0
3	252	601	0
3	35	689	0
3	481	560	0
3	283	510	0
3	1	497	0
3	83	612	0
3	168	557	0
3	46	524	0
3	94	553	0
3	421	598	0
3	215	556	0
3	65	610	0
3	19	669	0
3	88	520	0
3	434	642	0
3	233	575	0
3	404	505	0
3	260	523	0
3	74	594	0
3	146	666	0
3	182	506	0
3	32	564	0
3	42	526	0
3	324	612	0
3	190	505	0
3	438	638	0
3	136	593	0
3	149	657	0
3	332	548	0
3	392	595	0
3	381	620	0
3	125	547	0
3	157	574	0
3	75	520	0
3	227	598	0
3	240	606	0
3	350	681	0
3	238	512	0
3	334	638	0
3	138	520	0
3	25	585	0
3	185	642	0
3	261	605	0
3	121	668	0
3	482	668	0
3	37	608	0
3	59	672	0
3	299	498	0
3	468	530	0
3	372	600	0
3	201	505	0
3	242	594	0
3	348	542	0
3	282	527	0
3	250	591	0
3	79	523	0
3	149	612	0
3	365	672	0
3	173	636	0
3	34	584	0
3	436	521	0
3	222	654	0
3	2	686	0
3	19	658	0
3	69	665	0
3	487	532	0
3	62	611	0
3	277	575	0
3	315	601	0
3	117	534	0
3	84	567	0
3	7	650	0
3	96	512	0
3	79	576	0
3	86	586	0
3	103	559	0
3	304	680	0
3	186	643	0
3	253	671	0
3	209	579	0
3	225	618	0
3	56	549	0
3	263	633	0
3	136	668	0
3	298	563	0
3	300	565	0
3	246	674	0
3	196	687	0
3	159	527	0
3	247	640	0
3	450	628	0
3	425	626	0
3	430	501	0
3	12	635	0
3	79	605	0
3	95	632	0
3	476	543	0
3	446	505	0
3	196	659	0
3	37	646	0
3	96	502	0
3	375	492	0
3	256	531	0
3	382	565	0
3	430	545	0
3	216	561	0
3	5	619	0
3	9	640	0
3	256	599	0
3	436	573	0
3	452	623	0
3	133	684	0
3	200	557	0
3	65	497	0
3	434	608	0
3	322	519	0
3	74	552	0
3	205	672	0
3	478	544	0
3	179	681	0
3	52	528	0
3	381	625	0
3	77	647	0
3	22	647	0
3	463	514	0
3	458	560	0
3	245	660	0
3	464	585	0
3	387	528	0
3	315	674	0
3	133	560	0
3	43	496	0
3	182	672	0
3	350	599	0
3	88	633	0
3	167	528	0
3	477	674	0
3	282	623	0
3	201	556	0
3	219	506	0
3	3	534	0
3	402	605	0
3	74	676	0
3	102	532	0
3	74	564	0
3	406	630	0
3	344	502	0
3	218	630	0
3	47	523	0
3	406	647	0
3	174	539	0
3	300	604	0
3	150	534	0
3	370	690	0
3	242	623	0
3	470	640	0
3	489	542	0
3	59	642	0
3	446	575	0
3	125	494	0
3	271	663	0
3	337	531	0
3	149	502	0
3	305	654	0
3	258	604	0
3	84	597	0
3	89	532	0
3	286	511	0
3	401	557	0
3	165	618	0
3	347	690	0
3	346	644	0
3	53	496	0
3	468	535	0
3	264	641	0
3	156	616	0
3	327	580	0
3	16	619	0
3	116	678	0
3	208	512	0
3	429	493	0
3	406	503	0
3	56	575	0
3	164	618	0
3	480	503	0
3	78	614	0
3	367	534	0
3	410	499	0
3	191	581	0
3	433	498	0
3	196	625	0
3	347	571	0
3	464	561	0
3	140	526	0
3	38	522	0
3	410	660	0
3	370	531	0
3	213	500	0
3	352	677	0
3	357	546	0
3	355	517	0
3	312	510	0
3	134	585	0
3	363	507	0
3	382	626	0
3	156	565	0
3	339	608	0
3	313	601	0
3	36	611	0
3	356	655	0
3	160	581	0
3	449	662	0
3	329	654	0
3	11	565	0
3	65	514	0
3	428	525	0
3	274	542	0
3	138	676	0
3	146	576	0
3	348	571	0
3	218	534	0
3	11	608	0
3	405	560	0
3	64	583	0
3	415	616	0
3	50	600	0
3	255	582	0
3	289	531	0
3	82	648	0
3	61	544	0
3	7	661	0
3	10	666	0
3	218	691	0
3	388	514	0
3	174	596	0
3	201	528	0
3	465	608	0
3	458	668	0
3	363	532	0
3	248	686	0
3	340	539	0
3	489	504	0
3	212	656	0
3	333	574	0
3	305	618	0
3	394	664	0
3	91	581	0
3	473	511	0
3	108	542	0
3	187	527	0
3	358	670	0
3	406	671	0
3	377	572	0
3	332	632	0
3	328	536	0
3	449	587	0
3	480	527	0
3	18	673	0
3	394	661	0
3	283	552	0
3	257	655	0
3	451	681	0
3	321	612	0
3	85	641	0
3	309	654	0
3	68	644	0
3	286	592	0
3	58	541	0
3	315	505	0
3	230	586	0
3	446	669	0
3	141	594	0
3	141	661	0
3	194	671	0
3	432	525	0
3	83	570	0
3	194	514	0
3	367	551	0
3	335	647	0
3	64	594	0
3	270	615	0
3	232	495	0
3	469	578	0
3	146	620	0
3	416	526	0
3	475	511	0
3	414	494	0
3	110	647	0
3	341	493	0
3	403	585	0
3	450	573	0
3	375	599	0
3	105	683	0
3	83	521	0
3	172	690	0
3	411	517	0
3	364	666	0
3	338	632	0
3	159	594	0
3	376	691	0
3	391	550	0
3	480	564	0
3	330	620	0
3	239	615	0
3	243	686	0
3	12	536	0
3	383	604	0
3	274	687	0
3	411	571	0
3	123	500	0
3	148	654	0
3	24	550	0
3	150	607	0
3	426	683	0
3	363	536	0
3	147	520	0
3	175	500	0
3	291	546	0
3	278	549	0
3	362	639	0
3	61	581	0
3	122	596	0
3	256	629	0
3	212	497	0
3	214	532	0
3	0	590	0
3	219	665	0
3	7	581	0
3	108	607	0
3	38	691	0
3	214	648	0
3	60	668	0
3	385	492	0
3	381	492	0
3	303	549	0
3	459	541	0
3	466	510	0
3	242	674	0
3	479	582	0
3	324	665	0
3	268	504	0
3	393	636	0
3	453	667	0
3	19	674	0
3	165	494	0
3	74	614	0
3	263	671	0
3	39	567	0
3	431	518	0
3	285	505	0
3	402	554	0
3	335	520	0
3	97	629	0
3	459	521	0
3	106	589	0
3	434	645	0
3	467	672	0
3	223	505	0
3	432	550	0
3	403	638	0
3	98	522	0
3	15	649	0
3	251	558	0
3	63	643	0
3	446	623	0
3	64	648	0
3	427	521	0
3	49	532	0
3	181	619	0
3	105	528	0
3	170	542	0
3	23	655	0
3	83	560	0
3	407	526	0
3	350	598	0
3	65	618	0
3	187	506	0
3	482	493	0
3	115	522	0
3	398	528	0
3	482	594	0
3	405	585	0
3	476	506	0
3	119	673	0
3	142	546	0
3	48	639	0
3	38	514	0
3	155	593	0
3	63	592	0
3	13	648	0
3	14	546	0
3	24	579	0
3	451	497	0
3	265	672	0
3	468	613	0
3	218	529	0
3	50	519	0
3	296	664	0
3	380	530	0
3	140	644	0
3	1	512	0
3	10	545	0
3	279	561	0
3	67	500	0
3	238	536	0
3	333	561	0
3	92	579	0
3	46	539	0
3	10	670	0
3	194	646	0
3	191	558	0
3	438	607	0
3	394	672	0
3	299	664	0
3	384	608	0
3	78	640	0
3	18	561	0
3	28	600	0
3	248	609	0
3	346	618	0
3	437	509	0
3	320	588	0
3	260	644	0
3	302	652	0
3	441	512	0
3	169	627	0
3	133	563	0
3	272	583	0
3	39	579	0
3	316	579	0
3	380	611	0
3	147	630	0
3	381	673	0
3	128	529	0
3	402	557	0
3	236	623	0
3	338	529	0
3	148	561	0
3	101	634	0
3	280	529	0
3	280	621	0
3	87	576	0
3	439	672	0
3	257	650	0
3	306	586	0
3	90	581	0
3	211	677	0
3	297	686	0
3	359	536	0
3	248	632	0
3	475	522	0
3	131	619	0
3	54	583	0
3	174	678	0
3	307	588	0
3	418	642	0
3	448	587	0
3	10	575	0
3	35	556	0
3	403	525	0
3	341	509	0
3	184	672	0
3	197	591	0
3	479	586	0
3	321	598	0
3	335	628	0
3	191	614	0
3	176	570	0
3	138	684	0
3	47	494	0
3	196	601	0
3	271	689	0
3	410	540	0
3	255	684	0
3	59	688	0
3	258	626	0
3	31	515	0
3	481	524	0
3	462	580	0
3	225	673	0
3	446	492	0
3	391	563	0
3	339	595	0
3	35	613	0
3	211	691	0
3	70	633	0
3	306	550	0
3	223	567	0
3	92	641	0
3	418	601	0
3	30	668	0
3	28	662	0
3	158	671	0
3	194	683	0
3	131	570	0
3	97	649	0
3	184	662	0
3	56	568	0
3	218	597	0
3	436	611	0
3	457	587	0
3	453	579	0
3	325	681	0
3	436	512	0
3	260	678	0
3	100	541	0
3	255	652	0
3	180	682	0
3	446	555	0
3	422	586	0
3	466	586	0
3	136	612	0
3	7	618	0
3	224	660	0
3	227	520	0
3	325	515	0
3	252	649	0
3	253	606	0
3	283	546	0
3	102	546	0
3	379	578	0
3	271	656	0
3	431	595	0
3	91	659	0
3	230	603	0
3	82	593	0
3	420	675	0
3	318	500	0
3	445	667	0
3	140	637	0
3	219	512	0
3	91	556	0
3	11	601	0
3	462	492	0
3	472	638	0
3	160	600	0
3	488	586	0
3	92	607	0
3	52	691	0
3	122	683	0
3	262	543	0
3	489	687	0
3	133	565	0
3	181	576	0
3	459	582	0
3	210	605	0
3	313	620	0
3	26	652	0
3	118	619	0
3	437	539	0
3	471	599	0
3	94	529	0
3	101	562	0
3	432	528	0
3	103	520	0
3	459	616	0
3	454	558	0
3	157	656	0
3	255	670	0
3	212	673	0
3	260	494	0
3	237	527	0
3	195	493	0
3	15	514	0
3	87	554	0
3	312	550	0
3	352	493	0
3	201	494	0
3	463	534	0
3	178	593	0
3	324	647	0
3	263	558	0
3	396	517	0
3	129	628	0
3	243	543	0
3	155	664	0
3	276	623	0
3	467	663	0
3	257	677	0
3	417	597	0
3	284	628	0
3	72	598	0
3	237	549	0
3	219	579	0
3	343	662	0
3	60	538	0
3	338	628	0
3	252	611	0
3	125	674	0
3	388	542	0
3	483	561	0
3	18	549	0
3	41	548	0
3	483	523	0
3	407	493	0
3	17	503	0
3	336	592	0
3	345	604	0
3	212	587	0
3	63	619	0
3	345	544	0
3	194	632	0
3	367	640	0
3	227	604	0
3	332	626	0
3	294	523	0
3	246	585	0
3	170	600	0
3	32	648	0
3	358	556	0
3	427	584	0
3	70	520	0
3	480	514	0
3	114	495	0
3	143	515	0
3	110	527	0
3	491	531	0
3	56	589	0
3	392	575	0
3	100	555	0
3	392	624	0
3	65	502	0
3	336	542	0
3	466	561	0
3	139	518	0
3	88	535	0
3	317	599	0
3	460	504	0
3	430	622	0
3	451	505	0
3	356	537	0
3	13	502	0
3	449	580	0
3	425	573	0
3	277	564	0
3	441	590	0
3	358	622	0
3	23	586	0
3	373	629	0
3	142	509	0
3	107	641	0
3	468	584	0
3	260	636	0
3	419	643	0
3	386	592	0
3	351	613	0
3	159	536	0
3	286	589	0
3	308	561	0
3	127	497	0
3	24	657	0
3	475	659	0
3	397	629	0
3	40	564	0
3	484	674	0
3	284	592	0
3	355	631	0
3	412	655	0
3	189	598	0
3	133	675	0
3	430	509	0
3	5	529	0
3	343	539	0
3	132	619	0
3	436	558	0
3	82	550	0
3	218	579	0
3	394	657	0
3	365	639	0
3	265	661	0
3	44	525	0
3	163	690	0
3	147	655	0
3	205	521	0
3	161	524	0
3	378	605	0
3	85	633	0
3	341	548	0
3	383	664	0
3	218	581	0
3	277	604	0
3	366	503	0
3	127	668	0
3	73	655	0
3	55	513	0
3	393	492	0
3	142	578	0
3	319	500	0
3	120	564	0
3	367	517	0
3	119	526	0
3	130	616	0
3	336	593	0
3	169	606	0
3	256	596	0
3	247	584	0
3	38	615	0
3	269	587	0
3	98	574	0
3	32	583	0
3	338	498	0
3	195	516	0
3	449	637	0
3	184	559	0
3	160	561	0
3	306	503	0
3	466	673	0
3	486	667	0
3	399	641	0
3	7	534	0
3	354	684	0
3	196	688	0
3	411	531	0
3	416	566	0
3	91	540	0
3	420	548	0
3	161	511	0
3	9	668	0
3	291	612	0
3	328	525	0
3	66	635	0
3	301	493	0
3	384	531	0
3	317	613	0
3	17	504	0
3	480	666	0
3	434	534	0
3	179	643	0
3	434	549	0
3	372	660	0
3	205	555	0
3	254	563	0
3	278	561	0
3	180	499	0
3	409	618	0
3	198	643	0
3	383	660	0
3	232	506	0
3	402	560	0
3	421	624	0
3	87	514	0
3	490	561	0
3	375	626	0
3	41	583	0
3	211	590	0
3	466	536	0
3	67	539	0
3	31	538	0
3	342	528	0
3	67	646	0
3	281	526	0
3	361	634	0
3	319	576	0
3	100	533	0
3	67	647	0
3	48	514	0
3	99	587	0
3	63	676	0
3	156	568	0
3	76	666	0
3	55	690	0
3	278	589	0
3	226	577	0
3	377	556	0
3	194	559	0
3	77	668	0
3	125	602	0
3	75	615	0
3	364	573	0
3	356	546	0
3	386	684	0
3	81	676	0
3	282	551	0
3	142	532	0
3	363	521	0
3	142	623	0
3	175	652	0
3	334	492	0
3	153	640	0
3	472	563	0
3	379	622	0
3	214	611	0
3	101	639	0
3	309	600	0
3	433	663	0
3	210	543	0
3	467	493	0
3	419	522	0
3	458	687	0
3	207	595	0
3	358	560	0
3	393	503	0
3	232	586	0
3	280	678	0
3	13	623	0
3	303	527	0
3	300	524	0
3	285	665	0
3	141	561	0
3	450	538	0
3	450	673	0
3	474	588	0
3	372	626	0
3	301	638	0
3	389	518	0
3	106	525	0
3	227	506	0
3	467	538	0
3	55	660	0
3	365	500	0
3	124	561	0
3	448	532	0
3	212	503	0
3	191	673	0
3	255	522	0
3	318	683	0
3	281	597	0
3	225	496	0
3	188	492	0
3	478	687	0
3	306	597	0
3	100	589	0
3	172	514	0
3	137	630	0
3	84	592	0
3	453	492	0
3	46	599	0
3	35	674	0
3	19	593	0
3	249	561	0
3	364	591	0
3	65	635	0
3	338	670	0
3	43	657	0
3	128	689	0
3	347	492	0
3	27	498	0
3	406	673	0
3	200	599	0
3	176	671	0
3	181	668	0
3	467	607	0
3	372	536	0
3	70	657	0
3	360	561	0
3	253	612	0
3	281	656	0
3	174	535	0
3	151	668	0
3	225	672	0
3	92	683	0
3	102	509	0
3	12	612	0
3	383	663	0
3	249	532	0
3	147	581	0
3	200	588	0
3	450	582	0
3	100	500	0
3	201	568	0
3	143	674	0
3	335	568	0
3	195	501	0
3	45	691	0
3	16	677	0
3	408	596	0
3	269	628	0
3	79	561	0
3	413	654	0
3	306	538	0
3	23	672	0
3	150	646	0
3	251	673	0
3	473	573	0
3	455	523	0
3	152	648	0
3	220	614	0
3	312	639	0
3	261	543	0
3	448	550	0
3	71	496	0
3	348	597	0
3	98	557	0
3	71	635	0
3	87	608	0
3	212	607	0
3	366	502	0
3	66	639	0
3	87	655	0
3	238	664	0
3	66	537	0
3	62	633	0
3	49	645	0
3	71	593	0
3	260	573	0
3	187	575	0
3	385	524	0
3	255	598	0
3	284	650	0
3	373	513	0
3	94	596	0
3	381	521	0
3	96	498	0
3	358	683	0
3	78	502	0
3	293	511	0
3	286	643	0
3	355	625	0
3	326	600	0
3	151	514	0
3	258	533	0
3	5	579	0
3	220	558	0
3	158	654	0
3	172	603	0
3	491	581	0
3	415	637	0
3	440	523	0
3	210	570	0
3	294	568	0
3	131	545	0
3	258	655	0
3	88	568	0
3	478	671	0
3	31	587	0
3	155	519	0
3	188	691	0
3	439	656	0
3	327	626	0
3	159	556	0
3	449	612	0
3	313	504	0
3	114	674	0
3	335	524	0
3	52	559	0
3	61	578	0
3	194	649	0
3	138	506	0
3	34	642	0
3	371	531	0
3	311	539	0
3	301	504	0
3	246	666	0
3	368	519	0
3	251	654	0
3	402	539	0
3	206	519	0
3	327	594	0
3	21	497	0
3	267	603	0
3	452	640	0
3	270	592	0
3	280	646	0
3	255	502	0
3	348	570	0
3	7	610	0
3	24	501	0
3	369	630	0
3	325	551	0
3	347	612	0
3	191	642	0
3	189	557	0
3	76	652	0
3	439	519	0
3	347	674	0
3	35	518	0
3	360	622	0
3	375	652	0
3	274	578	0
3	222	517	0
3	458	667	0
3	178	678	0
3	51	663	0
3	400	565	0
3	286	495	0
3	429	638	0
3	38	641	0
3	378	577	0
3	128	502	0
3	7	617	0
3	153	674	0
3	271	646	0
3	241	616	0
3	121	586	0
3	55	654	0
3	49	681	0
3	105	624	0
3	41	664	0
3	245	620	0
3	112	584	0
3	157	651	0
3	352	643	0
3	397	529	0
3	357	591	0
3	366	589	0
3	21	536	0
3	212	655	0
3	350	500	0
3	117	525	0
3	27	652	0
3	283	688	0
3	462	674	0
3	48	658	0
3	382	647	0
3	315	629	0
3	306	648	0
3	13	561	0
3	265	663	0
3	312	536	0
3	67	583	0
3	475	565	0
3	390	568	0
3	491	514	0
3	248	620	0
3	237	635	0
3	100	528	0
3	111	683	0
3	281	561	0
3	341	630	0
3	199	635	0
3	456	589	0
3	323	561	0
3	58	505	0
3	8	531	0
3	287	585	0
3	164	553	0
3	119	550	0
3	346	569	0
3	231	539	0
3	435	523	0
3	215	513	0
3	100	639	0
3	194	631	0
3	428	567	0
3	245	534	0
3	49	625	0
3	356	583	0
3	260	496	0
3	114	546	0
3	212	534	0
3	194	538	0
3	362	519	0
3	101	550	0
3	367	494	0
3	132	648	0
3	298	498	0
3	462	563	0
3	45	590	0
3	460	531	0
3	137	505	0
3	182	552	0
3	383	610	0
3	387	541	0
3	447	609	0
3	374	569	0
3	155	541	0
3	201	678	0
3	251	657	0
3	380	539	0
3	41	563	0
3	479	498	0
3	367	539	0
3	292	585	0
3	236	505	0
3	13	578	0
3	415	614	0
3	415	515	0
3	53	687	0
3	100	677	0
3	440	617	0
3	261	663	0
3	303	605	0
3	41	520	0
3	108	527	0
3	469	598	0
3	448	526	0
3	178	616	0
3	480	502	0
3	303	494	0
3	341	590	0
3	304	640	0
3	207	671	0
3	131	509	0
3	439	607	0
3	95	503	0
3	334	611	0
3	242	501	0
3	152	548	0
3	444	588	0
3	411	634	0
3	425	660	0
3	288	589	0
3	239	563	0
3	252	498	0
3	259	582	0
3	478	589	0
3	62	504	0
3	289	604	0
3	289	532	0
3	173	634	0
3	118	648	0
3	251	632	0
3	326	687	0
3	244	580	0
3	401	505	0
3	418	534	0
3	182	689	0
3	89	564	0
3	264	619	0
3	35	552	0
3	171	517	0
3	51	522	0
3	13	612	0
3	303	660	0
3	134	683	0
3	3	642	0
3	59	676	0
3	175	527	0
3	186	666	0
3	433	608	0
3	358	543	0
3	139	610	0
3	124	520	0
3	367	501	0
3	199	496	0
3	402	650	0
3	481	642	0
3	227	575	0
3	323	564	0
3	465	617	0
3	476	615	0
3	258	653	0
3	429	528	0
3	445	606	0
3	420	609	0
3	238	551	0
3	285	531	0
3	109	559	0
3	324	593	0
3	173	580	0
3	300	673	0
3	284	596	0
3	215	660	0
3	202	525	0
3	260	493	0
3	94	634	0
3	180	518	0
3	198	606	0
3	38	670	0
3	414	692	0
3	125	629	0
3	205	690	0
3	363	626	0
3	52	587	0
3	28	567	0
3	377	574	0
3	330	587	0
3	104	509	0
3	414	530	0
3	113	495	0
3	117	604	0
3	491	665	0
3	240	623	0
3	283	609	0
3	173	588	0
3	219	605	0
3	132	536	0
3	457	673	0
3	233	614	0
3	58	521	0
3	363	615	0
3	420	672	0
3	28	561	0
3	395	643	0
3	364	677	0
3	206	660	0
3	31	533	0
3	412	495	0
3	371	642	0
3	423	585	0
3	270	669	0
3	269	623	0
3	82	528	0
3	288	611	0
3	86	550	0
3	94	609	0
3	378	606	0
3	301	550	0
3	350	551	0
3	267	570	0
3	381	685	0
3	430	692	0
3	376	523	0
3	114	664	0
3	358	509	0
3	387	494	0
3	30	618	0
3	421	550	0
3	382	517	0
3	187	611	0
3	73	543	0
3	262	542	0
3	489	639	0
3	446	549	0
3	105	607	0
3	442	678	0
3	174	523	0
3	98	554	0
3	436	669	0
3	228	570	0
3	477	563	0
3	359	619	0
3	316	543	0
3	46	548	0
3	195	692	0
3	167	674	0
3	59	597	0
3	115	676	0
3	373	583	0
3	346	616	0
3	126	678	0
3	217	528	0
3	107	500	0
3	53	548	0
3	322	581	0
3	197	610	0
3	0	582	0
3	473	607	0
3	30	683	0
3	153	681	0
3	423	608	0
3	438	628	0
3	302	510	0
3	331	597	0
3	115	618	0
3	128	678	0
3	108	617	0
3	38	606	0
3	431	619	0
3	350	661	0
3	351	502	0
3	140	513	0
3	101	565	0
3	160	594	0
3	141	691	0
3	170	550	0
3	59	568	0
3	246	584	0
3	151	582	0
3	322	515	0
3	315	539	0
3	350	660	0
3	102	497	0
3	322	605	0
3	35	629	0
3	219	683	0
3	119	648	0
3	257	688	0
3	474	585	0
3	482	506	0
3	148	678	0
3	167	596	0
3	154	611	0
3	366	642	0
3	21	672	0
3	24	618	0
3	287	671	0
3	387	687	0
3	270	642	0
3	150	576	0
3	105	620	0
3	7	638	0
3	282	499	0
3	409	656	0
3	180	503	0
3	135	550	0
3	449	665	0
3	258	621	0
3	333	546	0
3	358	576	0
3	97	678	0
3	28	498	0
3	11	506	0
3	165	617	0
3	250	538	0
3	253	577	0
3	112	533	0
3	311	571	0
3	474	593	0
3	300	678	0
3	67	593	0
3	259	628	0
3	96	629	0
3	76	645	0
3	120	616	0
3	109	600	0
3	97	631	0
3	371	517	0
3	87	544	0
3	441	537	0
3	191	497	0
3	143	559	0
3	360	619	0
3	376	498	0
3	429	494	0
3	157	513	0
3	344	603	0
3	455	624	0
3	381	575	0
3	238	650	0
3	491	650	0
3	361	534	0
3	29	536	0
3	417	628	0
3	76	667	0
3	482	501	0
3	428	668	0
3	316	583	0
3	256	603	0
3	304	571	0
3	341	688	0
3	192	566	0
3	25	584	0
3	32	551	0
3	120	549	0
3	296	556	0
3	395	581	0
3	393	585	0
3	467	580	0
3	163	548	0
3	341	663	0
3	279	493	0
3	188	675	0
3	391	641	0
3	0	625	0
3	191	675	0
3	358	571	0
3	365	600	0
3	246	665	0
3	182	604	0
3	154	588	0
3	257	684	0
3	171	646	0
3	379	590	0
3	242	626	0
3	338	590	0
3	217	527	0
3	153	503	0
3	352	655	0
3	319	595	0
3	351	592	0
3	80	675	0
3	115	529	0
3	43	610	0
3	482	667	0
3	432	673	0
3	287	492	0
3	386	536	0
3	210	691	0
3	224	549	0
3	137	614	0
3	404	691	0
3	446	499	0
3	469	678	0
3	171	677	0
3	304	580	0
3	381	515	0
3	402	622	0
3	180	618	0
3	371	646	0
3	8	501	0
3	464	589	0
3	491	543	0
3	67	642	0
3	211	494	0
3	310	667	0
3	243	535	0
3	340	517	0
3	238	539	0
3	165	578	0
3	226	607	0
3	421	539	0
3	160	667	0
3	50	523	0
3	241	506	0
3	394	569	0
3	259	546	0
3	261	689	0
3	84	570	0
3	409	534	0
3	199	522	0
3	346	662	0
3	322	582	0
3	418	633	0
3	76	556	0
3	32	639	0
3	426	643	0
3	457	627	0
3	63	531	0
3	182	688	0
3	266	586	0
3	8	668	0
3	357	660	0
3	15	496	0
3	473	499	0
3	40	603	0
3	121	601	0
3	417	690	0
3	358	575	0
3	308	612	0
3	128	493	0
3	251	604	0
3	66	622	0
3	474	517	0
3	39	666	0
3	291	609	0
3	94	629	0
3	227	563	0
3	297	514	0
3	230	568	0
3	251	554	0
3	361	610	0
3	354	506	0
3	431	575	0
3	64	551	0
3	56	656	0
3	197	589	0
3	474	635	0
3	92	501	0
3	360	554	0
3	146	509	0
3	186	609	0
3	94	569	0
3	41	526	0
3	309	630	0
3	298	569	0
3	238	589	0
3	97	635	0
3	68	582	0
3	284	556	0
3	198	656	0
3	235	644	0
3	331	634	0
3	6	681	0
3	376	499	0
3	405	572	0
3	112	642	0
3	348	645	0
3	261	542	0
3	2	618	0
3	133	619	0
3	489	633	0
3	170	604	0
3	305	592	0
3	111	676	0
3	230	664	0
3	90	676	0
3	228	632	0
3	444	689	0
3	364	609	0
3	348	669	0
3	361	630	0
3	310	673	0
3	138	603	0
3	373	591	0
3	54	628	0
3	196	639	0
3	45	561	0
3	350	604	0
3	279	548	0
3	348	662	0
3	430	542	0
3	419	529	0
3	307	560	0
3	452	502	0
3	441	526	0
3	71	499	0
3	260	520	0
3	361	539	0
3	313	508	0
3	429	683	0
3	347	575	0
3	368	515	0
3	122	574	0
3	210	556	0
3	198	599	0
3	479	683	0
3	436	583	0
3	407	643	0
3	327	523	0
3	468	565	0
3	4	649	0
3	67	576	0
3	242	539	0
3	95	685	0
3	345	643	0
3	153	524	0
3	170	645	0
3	80	505	0
3	120	666	0
3	375	568	0
3	448	586	0
3	62	494	0
3	308	654	0
3	290	608	0
3	370	689	0
3	394	519	0
3	489	642	0
3	54	650	0
3	480	572	0
3	383	648	0
3	224	649	0
3	460	617	0
3	185	526	0
3	402	531	0
3	124	540	0
3	444	623	0
3	422	659	0
3	273	546	0
3	321	585	0
3	266	506	0
3	54	599	0
3	97	607	0
3	220	544	0
3	352	607	0
3	362	624	0
3	191	597	0
3	120	493	0
3	182	596	0
3	278	575	0
3	452	496	0
3	35	657	0
3	465	638	0
3	435	551	0
3	335	578	0
3	120	607	0
3	301	513	0
3	267	588	0
3	336	499	0
3	441	689	0
3	371	495	0
3	477	525	0
3	474	664	0
3	264	497	0
3	305	616	0
3	137	646	0
3	487	628	0
3	378	537	0
3	138	599	0
3	402	533	0
3	194	494	0
3	296	689	0
3	96	675	0
3	56	501	0
3	30	535	0
3	348	548	0
3	144	518	0
3	428	521	0
3	283	649	0
3	311	635	0
3	459	543	0
3	411	501	0
3	472	501	0
3	489	529	0
3	250	543	0
3	422	520	0
3	0	605	0
3	245	662	0
3	271	664	0
3	90	564	0
3	423	573	0
3	363	520	0
3	302	649	0
3	197	594	0
3	289	648	0
3	194	581	0
3	73	494	0
3	376	495	0
3	265	656	0
3	326	578	0
3	191	685	0
3	203	591	0
3	246	647	0
3	226	592	0
3	215	689	0
3	55	495	0
3	24	518	0
3	231	503	0
3	68	535	0
3	334	643	0
3	323	691	0
3	373	493	0
3	337	609	0
3	466	667	0
3	108	654	0
3	444	568	0
3	336	536	0
3	71	678	0
3	449	578	0
3	258	508	0
3	269	674	0
3	415	526	0
3	91	520	0
3	103	660	0
3	33	579	0
3	224	677	0
3	14	586	0
3	252	667	0
3	124	503	0
3	466	596	0
3	412	506	0
3	229	524	0
3	113	684	0
3	207	590	0
3	151	662	0
3	168	500	0
3	394	608	0
3	225	656	0
3	55	579	0
3	69	564	0
3	77	547	0
3	88	637	0
3	395	671	0
3	300	633	0
3	229	662	0
3	412	624	0
3	352	539	0
3	489	535	0
3	59	638	0
3	181	650	0
3	104	666	0
3	0	642	0
3	25	563	0
3	457	621	0
3	32	664	0
3	345	686	0
3	367	535	0
3	3	535	0
3	360	609	0
3	51	660	0
3	332	681	0
3	173	570	0
3	208	687	0
3	394	636	0
3	308	545	0
3	287	620	0
3	375	573	0
3	343	574	0
3	434	658	0
3	284	657	0
3	316	614	0
3	425	665	0
3	452	637	0
3	44	610	0
3	52	505	0
3	254	557	0
3	362	538	0
3	270	565	0
3	296	652	0
3	96	687	0
3	102	621	0
3	196	674	0
3	107	561	0
3	468	631	0
3	490	654	0
3	360	545	0
3	359	522	0
3	430	576	0
3	185	581	0
3	74	659	0
3	316	561	0
3	102	506	0
3	354	668	0
3	66	619	0
3	152	513	0
3	251	513	0
3	381	655	0
3	324	652	0
3	379	655	0
3	174	645	0
3	222	495	0
3	268	624	0
3	51	689	0
3	184	674	0
3	183	674	0
3	65	587	0
3	124	581	0
3	467	590	0
3	294	646	0
3	334	593	0
3	388	644	0
3	319	653	0
3	343	525	0
3	319	690	0
3	362	516	0
3	13	546	0
3	388	636	0
3	38	583	0
3	387	551	0
3	231	575	0
3	17	634	0
3	257	632	0
3	31	602	0
3	116	649	0
3	228	641	0
3	421	537	0
3	168	621	0
3	122	597	0
3	468	647	0
3	377	541	0
3	325	517	0
3	221	579	0
3	357	561	0
3	131	582	0
3	43	588	0
3	15	672	0
3	169	539	0
3	329	637	0
3	376	655	0
3	429	596	0
3	227	621	0
3	72	523	0
3	414	614	0
3	466	585	0
3	294	556	0
3	107	573	0
3	409	528	0
3	173	557	0
3	471	511	0
3	105	657	0
3	215	634	0
3	372	593	0
3	279	535	0
3	33	665	0
3	48	532	0
3	119	575	0
3	131	633	0
3	113	635	0
3	63	668	0
3	126	597	0
3	363	587	0
3	94	680	0
3	211	664	0
3	378	585	0
3	172	560	0
3	173	625	0
3	160	493	0
3	318	608	0
3	304	590	0
3	321	641	0
3	32	685	0
3	42	562	0
3	173	550	0
3	440	609	0
3	291	585	0
3	157	587	0
3	146	543	0
3	250	509	0
3	431	549	0
3	455	623	0
3	395	505	0
3	384	603	0
3	405	517	0
3	182	610	0
3	161	644	0
3	414	537	0
3	49	558	0
3	468	625	0
3	287	647	0
3	469	612	0
3	40	683	0
3	209	531	0
3	448	535	0
3	383	541	0
3	446	601	0
3	155	611	0
3	323	522	0
3	381	540	0
3	116	554	0
3	201	574	0
3	179	683	0
3	31	675	0
3	172	549	0
3	139	617	0
3	169	550	0
3	463	608	0
3	196	536	0
3	199	691	0
3	195	605	0
3	142	573	0
3	219	582	0
3	397	591	0
3	67	501	0
3	116	614	0
3	83	492	0
3	483	612	0
3	423	546	0
3	486	664	0
3	29	650	0
3	30	585	0
3	482	500	0
3	191	546	0
3	77	606	0
3	329	629	0
3	240	519	0
3	95	641	0
3	107	511	0
3	61	655	0
3	488	656	0
3	227	679	0
3	350	543	0
3	236	495	0
3	127	688	0
3	323	630	0
3	60	526	0
3	31	568	0
3	138	600	0
3	253	588	0
3	241	655	0
3	256	667	0
3	476	642	0
3	488	506	0
3	356	529	0
3	148	552	0
3	26	612	0
3	121	658	0
3	356	618	0
3	320	590	0
3	141	684	0
3	305	510	0
3	7	514	0
3	394	536	0
3	438	561	0
3	376	640	0
3	195	523	0
3	243	618	0
3	417	541	0
3	441	640	0
3	26	646	0
3	392	550	0
3	364	617	0
3	179	617	0
3	240	647	0
3	117	605	0
3	192	584	0
3	462	543	0
3	373	594	0
3	123	528	0
3	187	536	0
3	107	611	0
3	194	589	0
3	463	494	0
3	26	557	0
3	433	675	0
3	337	650	0
3	413	610	0
3	363	559	0
3	123	670	0
3	300	598	0
3	251	533	0
3	208	539	0
3	165	594	0
3	155	657	0
3	308	503	0
3	25	597	0
3	401	526	0
3	280	648	0
3	187	608	0
3	163	594	0
3	480	675	0
3	464	620	0
3	16	600	0
3	305	531	0
3	262	654	0
3	374	605	0
3	127	611	0
3	235	689	0
3	52	672	0
3	67	563	0
3	118	584	0
3	289	603	0
3	91	633	0
3	266	601	0
3	414	683	0
3	134	598	0
3	283	595	0
3	416	551	0
3	324	564	0
3	242	587	0
3	344	655	0
3	376	548	0
3	55	564	0
3	99	527	0
3	23	494	0
3	338	636	0
3	160	524	0
3	147	514	0
3	138	665	0
3	173	670	0
3	476	567	0
3	222	524	0
3	72	684	0
3	472	585	0
3	4	639	0
3	275	640	0
3	128	524	0
3	201	576	0
3	82	660	0
3	310	552	0
3	14	589	0
3	145	519	0
3	11	525	0
3	283	651	0
3	237	685	0
3	449	635	0
3	158	588	0
3	334	532	0
3	265	678	0
3	0	608	0
3	197	535	0
3	82	629	0
3	195	637	0
3	463	576	0
3	113	608	0
3	236	685	0
3	134	628	0
3	67	685	0
3	54	586	0
3	108	494	0
3	350	635	0
3	332	507	0
3	169	518	0
3	63	509	0
3	240	584	0
3	157	648	0
3	200	541	0
3	446	674	0
3	216	612	0
3	302	612	0
3	9	664	0
3	68	505	0
3	341	667	0
3	369	675	0
3	105	519	0
3	154	557	0
3	100	623	0
3	203	625	0
3	256	567	0
3	208	678	0
3	312	495	0
3	126	499	0
3	374	670	0
3	149	684	0
3	140	503	0
3	182	628	0
3	19	663	0
3	146	585	0
3	423	502	0
3	373	596	0
3	462	521	0
3	467	685	0
3	190	570	0
3	59	679	0
3	241	618	0
3	285	676	0
3	73	550	0
3	389	503	0
3	158	664	0
3	487	530	0
3	121	506	0
3	26	569	0
3	316	674	0
3	415	634	0
3	275	590	0
3	431	684	0
3	342	526	0
3	179	589	0
3	196	523	0
3	407	506	0
3	364	581	0
3	22	646	0
3	275	498	0
3	107	525	0
3	200	512	0
3	139	662	0
3	26	575	0
3	317	675	0
3	190	630	0
3	244	674	0
3	198	492	0
3	403	681	0
3	77	648	0
3	238	641	0
3	92	526	0
3	151	612	0
3	257	532	0
3	93	506	0
3	203	666	0
3	49	648	0
3	312	636	0
3	180	659	0
3	106	583	0
3	307	522	0
3	45	511	0
3	293	623	0
3	163	665	0
3	122	526	0
3	51	690	0
3	263	497	0
3	360	526	0
3	254	624	0
3	406	588	0
3	121	605	0
3	76	646	0
3	218	639	0
3	490	593	0
3	342	543	0
3	152	552	0
3	88	666	0
3	390	529	0
3	480	535	0
3	271	668	0
3	438	500	0
3	476	597	0
3	127	571	0
3	362	570	0
3	160	639	0
3	99	512	0
3	149	677	0
3	43	594	0
3	481	666	0
3	433	619	0
3	154	622	0
3	257	515	0
3	374	496	0
3	407	683	0
3	435	618	0
3	457	607	0
3	175	556	0
3	309	590	0
3	461	640	0
3	23	556	0
3	101	672	0
3	129	620	0
3	252	494	0
3	96	581	0
3	189	586	0
3	208	522	0
3	44	624	0
3	431	621	0
3	119	502	0
3	207	633	0
3	360	586	0
3	264	663	0
3	204	504	0
3	225	506	0
3	65	663	0
3	462	682	0
3	262	568	0
3	292	588	0
3	342	670	0
3	164	690	0
3	476	512	0
3	415	496	0
3	439	685	0
3	27	585	0
3	38	585	0
3	107	494	0
3	109	570	0
3	163	564	0
3	476	590	0
3	359	527	0
3	336	556	0
3	71	543	0
3	316	656	0
3	469	681	0
3	478	638	0
3	247	673	0
3	336	603	0
3	418	539	0
3	313	595	0
3	19	641	0
3	128	612	0
3	365	680	0
3	180	561	0
3	8	672	0
3	366	524	0
3	92	527	0
3	246	613	0
3	490	607	0
3	270	631	0
3	205	687	0
3	195	666	0
3	395	590	0
3	26	649	0
3	221	535	0
3	463	521	0
3	115	548	0
3	47	573	0
3	16	610	0
3	393	579	0
3	144	660	0
3	90	604	0
3	111	607	0
3	362	604	0
3	256	622	0
3	15	527	0
3	243	644	0
3	61	509	0
3	247	531	0
3	15	655	0
3	218	654	0
3	239	608	0
3	463	503	0
3	451	685	0
3	263	493	0
3	237	578	0
3	429	538	0
3	90	661	0
3	293	569	0
3	228	550	0
3	166	563	0
3	211	648	0
3	399	509	0
3	112	624	0
3	255	629	0
3	100	627	0
3	74	674	0
3	112	648	0
3	471	586	0
3	212	584	0
3	430	548	0
3	447	574	0
3	1	663	0
3	305	584	0
3	40	666	0
3	349	550	0
3	231	584	0
3	43	640	0
3	179	588	0
3	355	535	0
3	197	511	0
3	439	657	0
3	468	609	0
3	147	627	0
3	0	509	0
3	252	635	0
3	231	658	0
3	229	648	0
3	320	624	0
3	117	504	0
3	262	502	0
3	446	578	0
3	295	543	0
3	418	611	0
3	484	558	0
3	283	584	0
3	359	644	0
3	174	635	0
3	172	641	0
3	415	577	0
3	357	622	0
3	390	554	0
3	374	500	0
3	332	549	0
3	217	647	0
3	448	644	0
3	257	503	0
3	446	666	0
3	169	681	0
3	454	575	0
3	43	661	0
3	143	590	0
3	457	585	0
3	268	506	0
3	114	492	0
3	157	568	0
3	325	531	0
3	7	663	0
3	168	503	0
3	463	579	0
3	45	506	0
3	112	509	0
3	178	517	0
3	365	662	0
3	189	524	0
3	65	564	0
3	138	529	0
3	78	599	0
3	49	685	0
3	26	609	0
3	43	542	0
3	165	500	0
3	475	618	0
3	207	551	0
3	289	576	0
3	318	607	0
3	84	646	0
3	386	583	0
3	3	506	0
3	217	492	0
3	386	605	0
3	341	522	0
3	275	583	0
3	327	509	0
3	39	563	0
3	482	508	0
3	33	567	0
3	44	588	0
3	271	652	0
3	187	673	0
3	98	646	0
3	10	528	0
3	388	674	0
3	421	596	0
3	267	688	0
3	55	571	0
3	198	582	0
3	334	654	0
3	278	514	0
3	63	618	0
3	459	607	0
3	458	559	0
3	288	591	0
3	144	571	0
3	406	496	0
3	163	587	0
3	417	554	0
3	489	570	0
3	263	624	0
3	29	598	0
3	24	534	0
3	91	531	0
3	142	516	0
3	356	601	0
3	443	582	0
3	337	666	0
3	264	532	0
3	287	643	0
3	167	589	0
3	433	503	0
3	241	640	0
3	85	680	0
3	196	590	0
3	422	603	0
3	109	657	0
3	238	585	0
3	369	683	0
3	170	683	0
3	185	691	0
3	234	583	0
3	454	587	0
3	437	689	0
3	406	505	0
3	120	541	0
3	171	642	0
3	154	573	0
3	42	530	0
3	15	531	0
3	449	691	0
3	45	690	0
3	84	648	0
3	144	687	0
3	33	542	0
3	202	649	0
3	391	661	0
3	384	582	0
3	153	599	0
3	0	518	1
3	0	552	1
3	0	577	1
3	0	606	1
3	0	632	1
3	1	530	1
3	1	540	1
3	1	548	1
3	1	555	1
3	1	562	1
3	1	576	1
3	1	615	1
3	1	679	1
3	2	526	1
3	2	533	1
3	2	538	1
3	2	552	1
3	2	627	1
3	2	651	1
3	2	688	1
3	3	516	1
3	3	555	1
3	3	606	1
3	3	624	1
3	3	682	1
3	3	688	1
3	4	553	1
3	4	565	1
3	4	566	1
3	4	590	1
3	4	637	1
3	4	676	1
3	5	510	1
3	5	648	1
3	5	692	1
3	6	511	1
3	6	519	1
3	6	540	1
3	6	566	1
3	6	568	1
3	6	648	1
3	6	658	1
3	6	669	1
3	6	692	1
3	7	516	1
3	7	544	1
3	8	510	1
3	8	537	1
3	8	568	1
3	8	572	1
3	8	596	1
3	9	533	1
3	9	540	1
3	9	555	1
3	9	567	1
3	9	631	1
3	10	526	1
3	10	530	1
3	10	542	1
3	10	603	1
3	10	607	1
3	10	676	1
3	11	621	1
3	12	510	1
3	12	523	1
3	12	558	1
3	12	581	1
3	12	602	1
3	12	644	1
3	12	648	1
3	12	658	1
3	13	507	1
3	13	523	1
3	13	632	1
3	13	670	1
3	14	545	1
3	14	552	1
3	14	602	1
3	15	518	1
3	15	552	1
3	15	558	1
3	15	565	1
3	15	625	1
3	15	645	1
3	15	648	1
3	16	537	1
3	16	559	1
3	16	631	1
3	16	651	1
3	17	540	1
3	17	559	1
3	17	569	1
3	17	603	1
3	17	605	1
3	17	636	1
3	17	653	1
3	18	518	1
3	18	577	1
3	18	632	1
3	18	651	1
3	18	652	1
3	18	658	1
3	20	520	1
3	20	558	1
3	20	572	1
3	20	624	1
3	20	651	1
3	21	522	1
3	21	572	1
3	21	592	1
3	21	607	1
3	21	625	1
3	21	644	1
3	21	651	1
3	21	670	1
3	22	569	1
3	22	580	1
3	22	587	1
3	22	590	1
3	22	619	1
3	23	500	1
3	23	526	1
3	23	538	1
3	23	562	1
3	23	622	1
3	23	639	1
3	23	644	1
3	23	652	1
3	23	669	1
3	23	676	1
3	23	682	1
3	24	513	1
3	24	651	1
3	24	673	1
3	25	496	1
3	25	514	1
3	25	515	1
3	25	558	1
3	25	607	1
3	25	669	1
3	26	520	1
3	26	544	1
3	26	548	1
3	26	577	1
3	26	653	1
3	26	680	1
3	27	533	1
3	27	562	1
3	27	567	1
3	27	590	1
3	27	595	1
3	27	682	1
3	27	688	1
3	28	547	1
3	28	566	1
3	28	568	1
3	28	580	1
3	28	603	1
3	28	631	1
3	30	533	1
3	30	562	1
3	30	565	1
3	30	615	1
3	30	625	1
3	32	515	1
3	32	591	1
3	32	603	1
3	32	607	1
3	32	627	1
3	32	632	1
3	33	526	1
3	33	547	1
3	33	651	1
3	33	669	1
3	33	679	1
3	34	530	1
3	34	560	1
3	34	567	1
3	34	572	1
3	34	615	1
3	34	631	1
3	34	632	1
3	34	648	1
3	34	691	1
3	35	540	1
3	35	548	1
3	35	572	1
3	35	688	1
3	36	507	1
3	36	541	1
3	36	587	1
3	37	507	1
3	37	603	1
3	37	679	1
3	39	514	1
3	39	526	1
3	39	538	1
3	39	555	1
3	39	558	1
3	39	562	1
3	39	565	1
3	39	569	1
3	39	592	1
3	39	625	1
3	39	639	1
3	39	653	1
3	40	553	1
3	40	644	1
3	40	653	1
3	42	668	1
3	43	530	1
3	43	562	1
3	43	682	1
3	44	500	1
3	44	544	1
3	44	553	1
3	44	555	1
3	44	560	1
3	44	577	1
3	44	632	1
3	44	645	1
3	44	648	1
3	45	560	1
3	45	626	1
3	46	562	1
3	46	595	1
3	46	653	1
3	46	692	1
3	47	622	1
3	47	652	1
3	48	547	1
3	48	572	1
3	48	679	1
3	48	680	1
3	48	692	1
3	49	516	1
3	49	530	1
3	50	515	1
3	50	621	1
3	52	554	1
3	52	652	1
3	53	507	1
3	53	680	1
3	54	622	1
3	54	651	1
3	55	530	1
3	55	544	1
3	55	602	1
3	55	621	1
3	55	658	1
3	56	533	1
3	57	545	1
3	57	558	1
3	57	631	1
3	57	669	1
3	57	674	1
3	58	530	1
3	58	574	1
3	58	643	1
3	60	544	1
3	60	621	1
3	60	653	1
3	61	559	1
3	61	606	1
3	61	636	1
3	61	645	1
3	61	651	1
3	61	686	1
3	62	507	1
3	62	516	1
3	62	553	1
3	64	518	1
3	64	555	1
3	64	627	1
3	64	631	1
3	64	632	1
3	65	636	1
3	65	688	1
3	66	553	1
3	66	572	1
3	66	679	1
3	67	516	1
3	67	651	1
3	68	566	1
3	68	682	1
3	69	518	1
3	69	653	1
3	69	682	1
3	69	688	1
3	70	648	1
3	70	676	1
3	71	529	1
3	71	540	1
3	72	530	1
3	72	555	1
3	72	595	1
3	72	602	1
3	72	627	1
3	73	602	1
3	74	547	1
3	74	553	1
3	75	553	1
3	75	558	1
3	75	631	1
3	75	659	1
3	76	533	1
3	76	659	1
3	76	692	1
3	77	516	1
3	77	597	1
3	78	522	1
3	78	529	1
3	78	538	1
3	78	553	1
3	78	590	1
3	78	594	1
3	78	641	1
3	78	645	1
3	79	530	1
3	80	595	1
3	80	603	1
3	80	645	1
3	80	655	1
3	80	679	1
3	80	682	1
3	81	544	1
3	81	552	1
3	81	645	1
3	81	680	1
3	82	559	1
3	82	639	1
3	82	692	1
3	83	651	1
3	84	510	1
3	84	511	1
3	84	533	1
3	84	540	1
3	84	559	1
3	84	651	1
3	85	547	1
3	85	602	1
3	85	686	1
3	86	496	1
3	86	528	1
3	86	547	1
3	86	591	1
3	86	592	1
3	86	595	1
3	86	603	1
3	86	606	1
3	86	622	1
3	86	624	1
3	86	676	1
3	86	682	1
3	88	529	1
3	88	540	1
3	88	555	1
3	88	631	1
3	88	692	1
3	89	516	1
3	89	520	1
3	89	530	1
3	89	558	1
3	89	602	1
3	89	632	1
3	89	648	1
3	89	653	1
3	89	656	1
3	90	510	1
3	90	553	1
3	90	555	1
3	90	572	1
3	91	555	1
3	93	560	1
3	93	639	1
3	93	641	1
3	95	553	1
3	95	627	1
3	95	676	1
3	96	510	1
3	96	540	1
3	96	555	1
3	96	558	1
3	96	559	1
3	96	606	1
3	96	622	1
3	96	682	1
3	99	547	1
3	99	552	1
3	101	553	1
3	101	631	1
3	102	636	1
3	102	651	1
3	103	533	1
3	103	615	1
3	104	515	1
3	104	516	1
3	104	648	1
3	104	655	1
3	104	682	1
3	105	560	1
3	105	602	1
3	105	615	1
3	105	631	1
3	105	653	1
3	105	679	1
3	106	560	1
3	106	577	1
3	106	670	1
3	106	679	1
3	107	507	1
3	107	572	1
3	107	682	1
3	108	516	1
3	108	572	1
3	109	530	1
3	109	572	1
3	109	645	1
3	109	659	1
3	109	672	1
3	110	574	1
3	111	571	1
3	111	665	1
3	112	669	1
3	113	500	1
3	113	507	1
3	113	622	1
3	113	672	1
3	114	530	1
3	115	507	1
3	115	544	1
3	115	572	1
3	116	515	1
3	116	516	1
3	116	615	1
3	116	651	1
3	116	658	1
3	117	516	1
3	117	530	1
3	117	544	1
3	117	571	1
3	118	537	1
3	118	658	1
3	118	676	1
3	120	533	1
3	120	540	1
3	120	547	1
3	120	572	1
3	120	651	1
3	121	533	1
3	121	651	1
3	122	602	1
3	122	682	1
3	123	555	1
3	123	581	1
3	123	627	1
3	124	553	1
3	124	572	1
3	125	516	1
3	126	518	1
3	126	526	1
3	126	533	1
3	126	615	1
3	126	625	1
3	126	632	1
3	126	648	1
3	126	680	1
3	127	507	1
3	127	547	1
3	127	622	1
3	127	669	1
3	128	562	1
3	128	602	1
3	128	615	1
3	129	511	1
3	129	513	1
3	129	522	1
3	129	533	1
3	129	553	1
3	129	562	1
3	129	572	1
3	129	595	1
3	129	606	1
3	129	624	1
3	129	675	1
3	129	692	1
3	130	510	1
3	130	547	1
3	130	552	1
3	130	560	1
3	130	572	1
3	130	658	1
3	130	680	1
3	130	692	1
3	131	507	1
3	131	510	1
3	131	511	1
3	131	558	1
3	131	562	1
3	131	595	1
3	131	652	1
3	133	553	1
3	133	615	1
3	133	659	1
3	134	553	1
3	134	572	1
3	135	507	1
3	135	538	1
3	135	597	1
3	135	606	1
3	136	554	1
3	136	576	1
3	136	631	1
3	136	656	1
3	137	547	1
3	137	621	1
3	137	670	1
3	138	553	1
3	138	562	1
3	138	572	1
3	140	552	1
3	140	562	1
3	140	621	1
3	141	518	1
3	141	533	1
3	141	547	1
3	141	567	1
3	141	686	1
3	143	632	1
3	144	538	1
3	144	577	1
3	144	621	1
3	144	658	1
3	144	669	1
3	144	670	1
3	144	690	1
3	145	567	1
3	145	602	1
3	145	621	1
3	145	676	1
3	145	692	1
3	146	692	1
3	147	688	1
3	148	516	1
3	148	518	1
3	148	562	1
3	148	688	1
3	149	510	1
3	149	634	1
3	150	507	1
3	150	529	1
3	150	553	1
3	150	632	1
3	151	533	1
3	151	544	1
3	151	555	1
3	151	560	1
3	151	562	1
3	151	621	1
3	151	686	1
3	151	692	1
3	152	615	1
3	152	688	1
3	153	518	1
3	153	530	1
3	153	632	1
3	153	651	1
3	154	621	1
3	154	627	1
3	155	597	1
3	156	500	1
3	156	533	1
3	156	567	1
3	156	597	1
3	156	621	1
3	156	648	1
3	156	652	1
3	156	653	1
3	158	555	1
3	158	566	1
3	158	615	1
3	158	627	1
3	159	553	1
3	159	595	1
3	159	606	1
3	159	626	1
3	159	679	1
3	160	560	1
3	160	627	1
3	160	655	1
3	160	658	1
3	161	515	1
3	161	516	1
3	161	528	1
3	161	569	1
3	161	591	1
3	161	602	1
3	161	638	1
3	161	680	1
3	162	510	1
3	162	530	1
3	162	548	1
3	162	592	1
3	162	659	1
3	163	622	1
3	164	621	1
3	164	651	1
3	165	520	1
3	165	562	1
3	165	566	1
3	165	580	1
3	165	602	1
3	165	615	1
3	165	653	1
3	165	680	1
3	166	550	1
3	166	591	1
3	166	597	1
3	166	625	1
3	166	632	1
3	166	643	1
3	166	656	1
3	166	665	1
3	167	560	1
3	167	607	1
3	167	631	1
3	167	632	1
3	168	547	1
3	168	553	1
3	169	653	1
3	169	672	1
3	170	507	1
3	170	686	1
3	171	538	1
3	171	658	1
3	171	669	1
3	171	676	1
3	172	653	1
3	172	686	1
3	173	514	1
3	173	576	1
3	173	680	1
3	174	545	1
3	174	548	1
3	174	562	1
3	174	577	1
3	174	632	1
3	174	680	1
3	175	507	1
3	175	510	1
3	175	692	1
3	176	500	1
3	176	516	1
3	176	590	1
3	176	627	1
3	176	645	1
3	176	652	1
3	176	682	1
3	177	537	1
3	177	554	1
3	177	591	1
3	177	632	1
3	177	669	1
3	177	682	1
3	177	689	1
3	178	516	1
3	178	595	1
3	178	621	1
3	178	624	1
3	178	651	1
3	179	669	1
3	181	516	1
3	181	560	1
3	181	636	1
3	181	680	1
3	182	572	1
3	183	590	1
3	183	607	1
3	183	624	1
3	183	627	1
3	183	631	1
3	184	567	1
3	185	510	1
3	185	665	1
3	186	515	1
3	186	559	1
3	186	591	1
3	186	631	1
3	186	636	1
3	186	637	1
3	186	669	1
3	186	676	1
3	186	680	1
3	187	510	1
3	187	530	1
3	187	615	1
3	187	631	1
3	187	670	1
3	187	676	1
3	187	686	1
3	188	570	1
3	188	622	1
3	188	658	1
3	189	572	1
3	189	577	1
3	189	621	1
3	189	680	1
3	190	518	1
3	190	558	1
3	190	560	1
3	190	591	1
3	190	622	1
3	190	626	1
3	190	634	1
3	190	636	1
3	190	656	1
3	190	691	1
3	191	568	1
3	191	572	1
3	191	653	1
3	192	680	1
3	193	507	1
3	193	540	1
3	193	552	1
3	193	555	1
3	193	625	1
3	193	631	1
3	193	644	1
3	193	652	1
3	193	676	1
3	193	692	1
3	197	645	1
3	197	669	1
3	199	510	1
3	199	634	1
3	199	638	1
3	200	602	1
3	200	621	1
3	200	632	1
3	200	679	1
3	201	507	1
3	201	533	1
3	201	572	1
3	201	595	1
3	201	597	1
3	201	658	1
3	201	688	1
3	202	553	1
3	202	602	1
3	202	659	1
3	203	562	1
3	203	566	1
3	203	686	1
3	204	500	1
3	204	544	1
3	204	577	1
3	204	615	1
3	204	632	1
3	204	655	1
3	204	680	1
3	206	533	1
3	206	540	1
3	206	632	1
3	206	676	1
3	207	516	1
3	209	528	1
3	209	552	1
3	209	594	1
3	209	603	1
3	209	648	1
3	209	650	1
3	209	659	1
3	209	669	1
3	210	679	1
3	211	533	1
3	211	562	1
3	211	627	1
3	211	692	1
3	212	507	1
3	212	510	1
3	212	530	1
3	212	547	1
3	212	595	1
3	212	602	1
3	212	621	1
3	212	634	1
3	212	658	1
3	213	507	1
3	213	513	1
3	213	641	1
3	215	552	1
3	215	653	1
3	216	507	1
3	216	547	1
3	216	553	1
3	216	651	1
3	217	552	1
3	217	653	1
3	218	516	1
3	218	533	1
3	218	552	1
3	218	555	1
3	219	627	1
3	219	692	1
3	220	645	1
3	220	692	1
3	221	680	1
3	221	692	1
3	222	547	1
3	222	572	1
3	223	554	1
3	223	606	1
3	223	691	1
3	224	510	1
3	224	520	1
3	224	540	1
3	224	553	1
3	224	606	1
3	224	653	1
3	225	519	1
3	225	533	1
3	225	540	1
3	225	572	1
3	225	680	1
3	225	692	1
3	226	566	1
3	228	636	1
3	228	669	1
3	229	515	1
3	229	520	1
3	229	529	1
3	229	538	1
3	229	547	1
3	229	554	1
3	229	569	1
3	229	636	1
3	229	653	1
3	230	669	1
3	231	631	1
3	232	555	1
3	232	569	1
3	232	571	1
3	232	577	1
3	232	679	1
3	233	530	1
3	233	568	1
3	233	603	1
3	233	675	1
3	234	538	1
3	234	562	1
3	234	607	1
3	234	631	1
3	235	555	1
3	235	648	1
3	235	653	1
3	236	518	1
3	236	530	1
3	236	544	1
3	236	567	1
3	236	674	1
3	236	676	1
3	237	560	1
3	237	572	1
3	238	572	1
3	238	644	1
3	238	651	1
3	238	692	1
3	239	516	1
3	239	558	1
3	239	560	1
3	239	562	1
3	239	669	1
3	240	568	1
3	240	572	1
3	240	580	1
3	240	682	1
3	241	507	1
3	241	515	1
3	241	542	1
3	241	552	1
3	241	562	1
3	241	594	1
3	241	652	1
3	242	520	1
3	242	631	1
3	242	659	1
3	243	680	1
3	244	548	1
3	244	559	1
3	244	597	1
3	244	603	1
3	244	624	1
3	244	626	1
3	244	655	1
3	244	658	1
3	246	516	1
3	246	567	1
3	246	648	1
3	246	680	1
3	247	516	1
3	247	547	1
3	248	572	1
3	249	580	1
3	249	581	1
3	249	595	1
3	249	602	1
3	249	624	1
3	249	627	1
3	249	658	1
3	249	689	1
3	250	507	1
3	250	562	1
3	250	679	1
3	251	507	1
3	251	553	1
3	251	572	1
3	252	515	1
3	252	627	1
3	253	533	1
3	253	572	1
3	254	682	1
3	255	516	1
3	256	566	1
3	259	507	1
3	259	692	1
3	260	530	1
3	260	544	1
3	260	555	1
3	260	670	1
3	261	572	1
3	261	591	1
3	261	680	1
3	262	547	1
3	262	555	1
3	262	648	1
3	263	530	1
3	263	560	1
3	264	567	1
3	264	622	1
3	264	627	1
3	264	658	1
3	264	677	1
3	264	686	1
3	264	688	1
3	266	645	1
3	266	669	1
3	266	672	1
3	266	680	1
3	266	688	1
3	267	516	1
3	267	555	1
3	267	653	1
3	267	676	1
3	268	516	1
3	268	540	1
3	268	553	1
3	268	566	1
3	268	590	1
3	268	627	1
3	269	516	1
3	269	631	1
3	271	615	1
3	271	680	1
3	271	686	1
3	272	530	1
3	272	553	1
3	273	545	1
3	273	576	1
3	274	516	1
3	274	519	1
3	274	520	1
3	274	537	1
3	274	566	1
3	274	591	1
3	274	603	1
3	274	621	1
3	274	691	1
3	275	553	1
3	275	567	1
3	275	615	1
3	275	672	1
3	276	567	1
3	276	597	1
3	276	669	1
3	276	676	1
3	276	686	1
3	277	510	1
3	277	580	1
3	277	632	1
3	277	688	1
3	278	544	1
3	278	560	1
3	278	567	1
3	278	572	1
3	278	606	1
3	278	627	1
3	278	676	1
3	278	692	1
3	279	516	1
3	279	597	1
3	279	602	1
3	279	651	1
3	279	652	1
3	279	659	1
3	279	672	1
3	279	679	1
3	279	682	1
3	280	552	1
3	282	538	1
3	282	572	1
3	282	624	1
3	282	676	1
3	283	599	1
3	283	641	1
3	283	666	1
3	284	552	1
3	284	555	1
3	284	567	1
3	285	568	1
3	285	625	1
3	286	544	1
3	286	645	1
3	287	510	1
3	287	577	1
3	290	528	1
3	290	591	1
3	290	595	1
3	290	669	1
3	290	679	1
3	291	510	1
3	291	533	1
3	291	537	1
3	291	553	1
3	291	566	1
3	291	569	1
3	291	591	1
3	291	626	1
3	291	631	1
3	291	632	1
3	291	651	1
3	291	682	1
3	292	595	1
3	292	597	1
3	292	627	1
3	292	688	1
3	293	510	1
3	293	566	1
3	293	669	1
3	294	516	1
3	294	518	1
3	294	562	1
3	294	627	1
3	295	692	1
3	296	510	1
3	296	540	1
3	296	560	1
3	296	577	1
3	296	651	1
3	296	676	1
3	296	680	1
3	297	511	1
3	297	515	1
3	297	537	1
3	297	559	1
3	297	581	1
3	297	627	1
3	297	631	1
3	297	642	1
3	298	510	1
3	299	544	1
3	299	595	1
3	299	648	1
3	299	676	1
3	299	679	1
3	300	507	1
3	300	513	1
3	300	540	1
3	300	577	1
3	300	606	1
3	300	666	1
3	300	679	1
3	301	529	1
3	301	537	1
3	301	553	1
3	303	522	1
3	303	533	1
3	303	560	1
3	303	562	1
3	303	632	1
3	303	651	1
3	304	516	1
3	304	627	1
3	306	544	1
3	306	679	1
3	306	692	1
3	307	510	1
3	307	555	1
3	307	562	1
3	307	595	1
3	307	602	1
3	308	529	1
3	308	605	1
3	308	682	1
3	308	689	1
3	308	692	1
3	309	514	1
3	309	520	1
3	309	522	1
3	309	606	1
3	309	680	1
3	310	621	1
3	310	651	1
3	310	686	1
3	311	632	1
3	313	632	1
3	314	533	1
3	314	540	1
3	314	580	1
3	314	621	1
3	314	627	1
3	314	659	1
3	314	670	1
3	315	529	1
3	315	553	1
3	315	569	1
3	315	622	1
3	315	672	1
3	315	676	1
3	315	682	1
3	316	568	1
3	316	676	1
3	316	680	1
3	317	590	1
3	317	680	1
3	318	537	1
3	318	547	1
3	318	569	1
3	318	577	1
3	318	595	1
3	318	645	1
3	318	679	1
3	318	682	1
3	320	553	1
3	320	645	1
3	320	651	1
3	320	653	1
3	320	679	1
3	320	692	1
3	321	513	1
3	321	529	1
3	321	530	1
3	321	547	1
3	321	553	1
3	321	560	1
3	321	562	1
3	321	602	1
3	321	622	1
3	321	651	1
3	321	676	1
3	321	690	1
3	322	669	1
3	323	554	1
3	323	560	1
3	323	567	1
3	323	627	1
3	323	637	1
3	323	651	1
3	323	655	1
3	324	516	1
3	324	559	1
3	324	581	1
3	324	606	1
3	324	641	1
3	325	547	1
3	325	590	1
3	325	597	1
3	326	653	1
3	326	669	1
3	327	530	1
3	327	602	1
3	327	688	1
3	328	516	1
3	328	591	1
3	328	679	1
3	329	615	1
3	329	669	1
3	330	510	1
3	330	522	1
3	330	528	1
3	330	540	1
3	330	542	1
3	330	547	1
3	330	572	1
3	330	591	1
3	330	603	1
3	330	636	1
3	330	648	1
3	330	652	1
3	330	658	1
3	331	515	1
3	331	516	1
3	331	558	1
3	331	560	1
3	331	566	1
3	331	577	1
3	331	607	1
3	331	625	1
3	333	516	1
3	333	559	1
3	333	569	1
3	333	653	1
3	333	656	1
3	335	683	1
3	336	510	1
3	336	547	1
3	336	562	1
3	336	572	1
3	337	530	1
3	337	566	1
3	337	627	1
3	338	507	1
3	338	526	1
3	338	540	1
3	338	555	1
3	338	572	1
3	338	644	1
3	338	653	1
3	338	680	1
3	339	515	1
3	339	547	1
3	339	553	1
3	339	567	1
3	339	651	1
3	340	545	1
3	340	603	1
3	342	576	1
3	342	627	1
3	343	558	1
3	343	596	1
3	343	645	1
3	343	686	1
3	344	515	1
3	344	518	1
3	344	530	1
3	345	519	1
3	345	540	1
3	345	552	1
3	345	566	1
3	345	571	1
3	345	577	1
3	345	598	1
3	345	631	1
3	347	533	1
3	347	562	1
3	347	615	1
3	347	627	1
3	347	692	1
3	349	507	1
3	349	580	1
3	349	581	1
3	349	583	1
3	349	631	1
3	349	645	1
3	349	651	1
3	349	659	1
3	349	676	1
3	349	688	1
3	349	692	1
3	350	516	1
3	350	544	1
3	350	560	1
3	350	572	1
3	350	595	1
3	350	602	1
3	350	622	1
3	350	625	1
3	350	676	1
3	351	669	1
3	352	552	1
3	353	526	1
3	353	530	1
3	353	587	1
3	353	602	1
3	353	682	1
3	354	566	1
3	354	653	1
3	354	669	1
3	354	670	1
3	355	552	1
3	355	553	1
3	355	615	1
3	356	632	1
3	357	552	1
3	359	516	1
3	359	559	1
3	359	670	1
3	359	674	1
3	359	676	1
3	359	680	1
3	361	553	1
3	361	603	1
3	361	621	1
3	362	547	1
3	362	599	1
3	362	669	1
3	363	602	1
3	364	507	1
3	364	570	1
3	364	651	1
3	364	680	1
3	365	562	1
3	366	572	1
3	367	518	1
3	367	621	1
3	367	627	1
3	367	658	1
3	367	692	1
3	368	632	1
3	368	648	1
3	368	686	1
3	369	516	1
3	369	518	1
3	369	544	1
3	369	548	1
3	369	555	1
3	369	558	1
3	369	566	1
3	369	590	1
3	369	591	1
3	369	615	1
3	369	644	1
3	369	656	1
3	370	507	1
3	370	510	1
3	370	516	1
3	370	533	1
3	370	553	1
3	370	567	1
3	370	597	1
3	370	627	1
3	370	648	1
3	370	676	1
3	370	679	1
3	370	686	1
3	371	513	1
3	371	520	1
3	371	528	1
3	371	538	1
3	371	606	1
3	371	653	1
3	371	676	1
3	373	669	1
3	373	680	1
3	374	553	1
3	374	679	1
3	375	507	1
3	375	510	1
3	375	518	1
3	375	533	1
3	375	544	1
3	375	566	1
3	375	603	1
3	375	688	1
3	376	603	1
3	376	672	1
3	377	516	1
3	379	555	1
3	379	595	1
3	379	682	1
3	381	602	1
3	381	669	1
3	381	680	1
3	382	653	1
3	383	507	1
3	383	568	1
3	383	592	1
3	383	637	1
3	383	641	1
3	383	644	1
3	383	690	1
3	383	692	1
3	384	528	1
3	384	566	1
3	384	653	1
3	384	658	1
3	384	669	1
3	385	515	1
3	385	566	1
3	385	632	1
3	385	653	1
3	386	567	1
3	386	577	1
3	386	603	1
3	386	622	1
3	386	677	1
3	388	645	1
3	388	658	1
3	388	688	1
3	389	665	1
3	389	669	1
3	390	515	1
3	390	555	1
3	390	562	1
3	390	572	1
3	390	627	1
3	390	632	1
3	391	507	1
3	391	510	1
3	391	555	1
3	391	615	1
3	392	507	1
3	392	553	1
3	392	569	1
3	393	547	1
3	393	669	1
3	393	682	1
3	395	552	1
3	395	627	1
3	395	659	1
3	395	679	1
3	396	511	1
3	396	516	1
3	396	522	1
3	396	625	1
3	396	656	1
3	396	664	1
3	396	674	1
3	397	653	1
3	398	572	1
3	398	627	1
3	398	631	1
3	398	659	1
3	398	679	1
3	400	516	1
3	400	520	1
3	400	530	1
3	400	537	1
3	400	559	1
3	400	595	1
3	400	602	1
3	400	645	1
3	400	679	1
3	400	680	1
3	400	686	1
3	401	576	1
3	403	515	1
3	403	518	1
3	403	547	1
3	403	548	1
3	403	553	1
3	403	615	1
3	403	632	1
3	403	669	1
3	403	682	1
3	403	692	1
3	404	500	1
3	404	644	1
3	404	651	1
3	405	544	1
3	406	530	1
3	406	533	1
3	406	627	1
3	406	651	1
3	406	688	1
3	407	572	1
3	408	555	1
3	408	648	1
3	409	547	1
3	409	562	1
3	410	515	1
3	410	562	1
3	410	686	1
3	411	651	1
3	411	688	1
3	413	659	1
3	417	558	1
3	417	595	1
3	417	621	1
3	417	682	1
3	418	553	1
3	418	594	1
3	418	645	1
3	418	679	1
3	418	690	1
3	418	691	1
3	419	562	1
3	419	602	1
3	419	653	1
3	419	658	1
3	419	672	1
3	420	518	1
3	420	547	1
3	420	679	1
3	420	688	1
3	421	516	1
3	421	530	1
3	421	555	1
3	421	559	1
3	421	595	1
3	421	622	1
3	421	645	1
3	422	653	1
3	423	507	1
3	423	515	1
3	423	621	1
3	423	679	1
3	424	507	1
3	424	572	1
3	424	602	1
3	425	548	1
3	425	615	1
3	425	653	1
3	425	669	1
3	426	515	1
3	426	519	1
3	426	552	1
3	426	559	1
3	426	568	1
3	426	645	1
3	426	670	1
3	426	686	1
3	427	603	1
3	427	631	1
3	427	676	1
3	427	680	1
3	428	648	1
3	428	686	1
3	429	547	1
3	429	555	1
3	429	581	1
3	429	585	1
3	429	632	1
3	431	572	1
3	431	602	1
3	432	567	1
3	432	626	1
3	432	632	1
3	434	530	1
3	434	555	1
3	434	680	1
3	434	682	1
3	435	572	1
3	436	544	1
3	436	670	1
3	436	686	1
3	437	566	1
3	437	621	1
3	437	680	1
3	438	515	1
3	438	682	1
3	439	510	1
3	439	547	1
3	439	591	1
3	440	515	1
3	440	516	1
3	440	533	1
3	440	577	1
3	440	607	1
3	440	626	1
3	440	631	1
3	440	645	1
3	440	648	1
3	440	672	1
3	440	679	1
3	440	688	1
3	440	691	1
3	441	516	1
3	441	653	1
3	441	669	1
3	442	515	1
3	442	545	1
3	442	653	1
3	442	692	1
3	443	544	1
3	443	621	1
3	443	679	1
3	444	602	1
3	444	651	1
3	444	682	1
3	445	518	1
3	445	544	1
3	445	572	1
3	447	516	1
3	447	530	1
3	447	570	1
3	447	572	1
3	447	626	1
3	447	632	1
3	448	516	1
3	448	570	1
3	448	597	1
3	448	602	1
3	448	622	1
3	448	651	1
3	449	518	1
3	449	577	1
3	449	602	1
3	449	632	1
3	450	540	1
3	450	552	1
3	450	562	1
3	450	567	1
3	450	572	1
3	450	603	1
3	450	627	1
3	450	692	1
3	451	500	1
3	451	511	1
3	451	519	1
3	451	520	1
3	451	607	1
3	451	653	1
3	451	679	1
3	452	518	1
3	452	627	1
3	452	670	1
3	453	530	1
3	453	621	1
3	453	627	1
3	453	680	1
3	453	686	1
3	453	688	1
3	455	602	1
3	455	622	1
3	456	499	1
3	456	537	1
3	456	540	1
3	456	558	1
3	456	597	1
3	456	621	1
3	456	627	1
3	456	634	1
3	456	653	1
3	456	658	1
3	456	674	1
3	456	692	1
3	457	686	1
3	458	500	1
3	458	507	1
3	458	555	1
3	458	622	1
3	458	670	1
3	458	676	1
3	459	518	1
3	459	547	1
3	459	559	1
3	459	562	1
3	459	597	1
3	459	602	1
3	459	652	1
3	459	672	1
3	460	540	1
3	460	679	1
3	460	688	1
3	461	576	1
3	461	615	1
3	461	686	1
3	462	653	1
3	462	669	1
3	463	511	1
3	463	530	1
3	463	624	1
3	463	651	1
3	463	652	1
3	463	658	1
3	464	515	1
3	464	602	1
3	464	653	1
3	464	692	1
3	465	544	1
3	465	560	1
3	465	651	1
3	465	676	1
3	465	692	1
3	466	562	1
3	466	566	1
3	467	686	1
3	468	597	1
3	469	522	1
3	469	537	1
3	469	554	1
3	469	562	1
3	469	591	1
3	469	624	1
3	469	637	1
3	469	655	1
3	469	670	1
3	470	507	1
3	470	651	1
3	470	659	1
3	470	672	1
3	470	677	1
3	471	547	1
3	471	590	1
3	471	651	1
3	472	559	1
3	472	567	1
3	472	615	1
3	472	622	1
3	472	682	1
3	472	692	1
3	473	515	1
3	473	553	1
3	473	559	1
3	473	615	1
3	473	651	1
3	473	659	1
3	474	544	1
3	474	692	1
3	475	572	1
3	475	615	1
3	475	648	1
3	476	544	1
3	478	523	1
3	478	528	1
3	478	569	1
3	478	592	1
3	478	594	1
3	478	603	1
3	478	645	1
3	478	648	1
3	478	688	1
3	479	530	1
3	479	567	1
3	479	572	1
3	479	602	1
3	479	631	1
3	481	555	1
3	481	562	1
3	482	516	1
3	482	545	1
3	482	566	1
3	482	688	1
3	482	692	1
3	483	510	1
3	483	530	1
3	483	555	1
3	483	558	1
3	483	569	1
3	483	602	1
3	483	636	1
3	483	638	1
3	483	659	1
3	484	555	1
3	484	602	1
3	484	669	1
3	484	680	1
3	485	580	1
3	485	632	1
3	486	547	1
3	486	658	1
3	487	529	1
3	487	544	1
3	487	547	1
3	488	522	1
3	488	540	1
3	488	562	1
3	488	653	1
3	488	679	1
3	489	507	1
3	489	566	1
3	489	669	1
3	489	682	1
3	489	692	1
3	490	516	1
3	490	547	1
3	491	516	1
3	491	560	1
3	491	565	1
3	491	590	1
3	491	597	1
3	491	625	1
3	491	670	1
3	491	682	1
3	491	692	1
3	210	573	0
3	352	650	0
3	348	650	0
3	204	673	0
3	249	578	0
3	44	569	0
3	238	619	0
3	64	625	0
3	67	528	0
3	339	500	0
3	387	639	0
3	218	519	0
3	73	683	0
3	468	637	0
3	111	558	0
3	215	534	0
3	21	634	0
3	156	641	0
3	471	545	0
3	1	673	0
3	209	635	0
3	24	559	0
3	71	629	0
3	397	532	0
3	360	663	0
3	237	624	0
3	67	689	0
3	314	561	0
3	169	501	0
3	164	617	0
3	267	513	0
3	394	646	0
3	417	568	0
3	446	592	0
3	366	566	0
3	76	624	0
3	58	542	0
3	18	649	0
3	339	519	0
3	115	516	0
3	49	641	0
3	131	501	0
3	99	506	0
3	422	637	0
3	403	504	0
3	98	681	0
3	403	495	0
3	64	498	0
3	94	559	0
3	308	630	0
3	165	546	0
3	190	556	0
3	399	608	0
3	40	495	0
3	14	645	0
3	13	563	0
3	89	621	0
3	103	631	0
3	98	581	0
3	314	508	0
3	413	631	0
3	374	659	0
3	376	674	0
3	315	508	0
3	262	560	0
3	450	520	0
3	152	526	0
3	441	667	0
3	123	656	0
3	364	636	0
3	491	661	0
3	182	660	0
3	385	495	0
3	300	528	0
3	102	664	0
3	204	575	0
3	22	521	0
3	234	614	0
3	234	650	0
3	115	638	0
3	121	614	0
3	254	623	0
3	480	609	0
3	52	662	0
3	371	667	0
3	27	503	0
3	378	552	0
3	111	540	0
3	123	557	0
3	258	581	0
3	470	537	0
3	438	545	0
3	250	564	0
3	149	554	0
3	254	667	0
3	172	631	0
3	83	633	0
3	103	663	0
3	118	574	0
3	52	653	0
3	1	671	0
3	3	588	0
3	327	630	0
3	382	667	0
3	436	616	0
3	426	678	0
3	56	527	0
3	221	543	0
3	259	575	0
3	205	614	0
3	120	589	0
3	284	558	0
3	254	654	0
3	260	570	0
3	269	610	0
3	263	505	0
3	115	514	0
3	430	537	0
3	156	613	0
3	131	604	0
3	70	570	0
3	66	527	0
3	166	675	0
3	36	604	0
3	335	506	0
3	327	508	0
3	382	612	0
3	141	588	0
3	132	677	0
3	103	514	0
3	435	603	0
3	399	516	0
3	197	519	0
3	394	576	0
3	3	517	0
3	340	583	0
3	211	621	0
3	436	505	0
3	458	608	0
3	247	598	0
3	299	662	0
3	238	514	0
3	472	620	0
3	358	515	0
3	184	629	0
3	422	604	0
3	29	669	0
3	111	610	0
3	300	516	0
3	215	675	0
3	54	611	0
3	437	639	0
3	446	562	0
3	246	506	0
3	312	569	0
3	135	646	0
3	224	582	0
3	294	536	0
3	415	580	0
3	382	514	0
3	448	617	0
3	139	683	0
3	405	608	0
3	351	635	0
3	115	525	0
3	11	498	0
3	421	495	0
3	351	614	0
3	254	524	0
3	183	584	0
3	192	598	0
3	411	687	0
3	190	666	0
3	465	539	0
3	239	655	0
3	312	523	0
3	122	591	0
3	186	496	0
3	482	536	0
3	86	504	0
3	174	558	0
3	293	691	0
3	269	606	0
3	403	591	0
3	262	628	0
3	309	623	0
3	46	667	0
3	294	527	0
3	47	540	0
3	467	594	0
3	78	619	0
3	318	594	0
3	122	575	0
3	192	625	0
3	396	579	0
3	487	682	0
3	470	522	0
3	156	527	0
3	176	535	0
3	296	554	0
3	310	575	0
3	477	685	0
3	214	583	0
3	122	641	0
3	468	624	0
3	434	586	0
3	164	564	0
3	429	665	0
3	53	593	0
3	359	497	0
3	121	672	0
3	260	664	0
3	0	571	0
3	298	495	0
3	275	593	0
3	434	497	0
3	275	570	0
3	173	528	0
3	189	495	0
3	312	581	0
3	8	493	0
3	325	581	0
3	294	655	0
3	459	687	0
3	190	569	0
3	34	564	0
3	325	523	0
3	437	690	0
3	215	690	0
3	66	574	0
3	151	624	0
3	366	499	0
3	435	598	0
3	80	556	0
3	132	636	0
3	234	501	0
3	124	576	0
3	391	660	0
3	468	644	0
3	109	531	0
3	406	610	0
3	431	655	0
3	470	592	0
3	69	647	0
3	247	497	0
3	12	649	0
3	382	561	0
3	42	559	0
3	112	594	0
3	294	616	0
3	78	608	0
3	173	590	0
3	314	690	0
3	41	635	0
3	336	565	0
3	243	678	0
3	451	569	0
3	361	675	0
3	205	604	0
3	478	656	0
3	104	532	0
3	477	532	0
3	107	506	0
3	368	559	0
3	31	615	0
3	401	649	0
3	433	624	0
3	186	640	0
3	249	589	0
3	222	599	0
3	181	584	0
3	487	681	0
3	460	528	0
3	91	526	0
3	15	536	0
3	157	543	0
3	336	665	0
3	245	523	0
3	399	685	0
3	472	578	0
3	172	664	0
3	48	637	0
3	362	616	0
3	414	569	0
3	273	691	0
3	66	662	0
3	145	587	0
3	274	509	0
3	392	587	0
3	224	656	0
3	176	654	0
3	277	521	0
3	69	558	0
3	198	528	0
3	308	593	0
3	307	529	0
3	76	608	0
3	160	617	0
3	127	499	0
3	132	552	0
3	82	605	0
3	354	681	0
3	33	617	0
3	246	642	0
3	412	613	0
3	169	636	0
3	149	551	0
3	322	569	0
3	300	512	0
3	331	561	0
3	216	495	0
3	369	514	0
3	330	683	0
3	435	569	0
3	82	548	0
3	225	502	0
3	285	498	0
3	112	500	0
3	336	492	0
3	480	561	0
3	264	522	0
3	417	594	0
3	405	593	0
3	7	665	0
3	104	501	0
3	361	614	0
3	119	517	0
3	3	628	0
3	334	517	0
3	132	595	0
3	182	592	0
3	128	643	0
3	379	623	0
3	206	608	0
3	403	543	0
3	374	586	0
3	266	493	0
3	434	581	0
3	205	599	0
3	351	578	0
3	170	528	0
3	351	530	0
3	93	513	0
3	157	584	0
3	194	660	0
3	215	628	0
3	399	573	0
3	446	625	0
3	263	551	0
3	108	668	0
3	179	675	0
3	254	569	0
3	167	561	0
3	312	539	0
3	271	565	0
3	114	629	0
3	331	564	0
3	18	498	0
3	210	664	0
3	33	592	0
3	348	608	0
3	142	689	0
3	74	539	0
3	322	625	0
3	66	536	0
3	74	496	0
3	320	539	0
3	468	666	0
3	437	513	0
3	315	612	0
3	218	657	0
3	9	687	0
3	212	532	0
3	41	519	0
3	427	525	0
3	252	598	0
3	103	616	0
3	109	635	0
3	373	649	0
3	24	582	0
3	108	681	0
3	154	590	0
3	429	532	0
3	420	674	0
3	197	632	0
3	63	511	0
3	305	536	0
3	491	608	0
3	233	567	0
3	29	563	0
3	375	619	0
3	205	500	0
3	219	644	0
3	157	581	0
3	475	644	0
3	203	546	0
3	87	645	0
3	342	498	0
3	402	518	0
3	125	585	0
3	468	590	0
3	95	668	0
3	441	523	0
3	352	604	0
3	472	666	0
3	77	631	0
3	173	498	0
3	467	597	0
3	92	618	0
3	108	528	0
3	415	520	0
3	379	559	0
3	482	534	0
3	64	504	0
3	162	519	0
3	346	614	0
3	95	531	0
3	194	506	0
3	329	603	0
3	329	540	0
3	312	587	0
3	402	590	0
3	272	671	0
3	367	582	0
3	10	541	0
3	481	603	0
3	74	530	0
3	85	649	0
3	162	639	0
3	259	566	0
3	2	498	0
3	70	554	0
3	252	644	0
3	255	639	0
3	346	675	0
3	59	533	0
3	424	517	0
3	149	663	0
3	405	647	0
3	111	626	0
3	477	631	0
3	448	635	0
3	387	674	0
3	430	608	0
3	311	648	0
3	169	590	0
3	107	519	0
3	438	513	0
3	338	612	0
3	123	534	0
3	247	570	0
3	217	508	0
3	465	571	0
3	78	575	0
3	45	649	0
3	126	609	0
3	130	597	0
3	65	656	0
3	278	546	0
3	221	506	0
3	299	506	0
3	273	593	0
3	374	492	0
3	118	580	0
3	178	536	0
3	43	663	0
3	122	619	0
3	309	503	0
3	161	675	0
3	65	619	0
3	151	513	0
3	315	591	0
3	435	672	0
3	412	558	0
3	388	635	0
3	303	506	0
3	222	536	0
3	388	574	0
3	357	691	0
3	363	601	0
3	385	685	0
3	152	677	0
3	82	635	0
3	31	557	0
3	480	596	0
3	467	599	0
3	217	531	0
3	314	650	0
3	326	638	0
3	330	564	0
3	92	516	0
3	293	664	0
3	473	633	0
3	319	544	0
3	120	519	0
3	410	551	0
3	170	673	0
3	73	524	0
3	384	599	0
3	427	610	0
3	411	648	0
3	356	624	0
3	290	494	0
3	19	655	0
3	309	602	0
3	7	574	0
3	237	618	0
3	161	584	0
3	465	580	0
3	10	513	0
3	382	569	0
3	26	521	0
3	121	522	0
3	348	518	0
3	388	511	0
3	437	579	0
3	271	637	0
3	218	524	0
3	375	593	0
3	197	599	0
3	362	685	0
3	146	619	0
3	486	535	0
3	359	582	0
3	465	551	0
3	191	661	0
3	3	691	0
3	180	616	0
3	119	689	0
3	400	609	0
3	315	558	0
3	30	690	0
3	42	645	0
3	368	521	0
3	360	511	0
3	342	644	0
3	269	611	0
3	438	538	0
3	124	597	0
3	132	502	0
3	415	658	0
3	313	533	0
3	227	625	0
3	487	542	0
3	356	515	0
3	445	681	0
3	309	687	0
3	433	623	0
3	336	583	0
3	443	495	0
3	7	502	0
3	197	500	0
3	466	612	0
3	340	642	0
3	174	561	0
3	184	668	0
3	105	568	0
3	89	518	0
3	31	545	0
3	200	529	0
3	0	634	0
3	433	674	0
3	349	660	0
3	7	668	0
3	101	529	0
3	12	550	0
3	391	536	0
3	49	536	0
3	349	541	0
3	92	534	0
3	179	542	0
3	108	506	0
3	469	661	0
3	108	631	0
3	154	620	0
3	228	691	0
3	357	623	0
3	109	636	0
3	137	689	0
3	331	503	0
3	380	657	0
3	432	598	0
3	349	601	0
3	43	672	0
3	241	667	0
3	425	674	0
3	463	690	0
3	350	550	0
3	71	673	0
3	68	646	0
3	198	527	0
3	458	619	0
3	326	574	0
3	463	517	0
3	385	647	0
3	25	638	0
3	480	506	0
3	195	614	0
3	273	690	0
3	153	614	0
3	419	596	0
3	64	676	0
3	172	578	0
3	434	628	0
3	328	677	0
3	98	616	0
3	418	686	0
3	357	559	0
3	491	536	0
3	438	625	0
3	483	589	0
3	96	624	0
3	430	636	0
3	348	632	0
3	437	608	0
3	32	545	0
3	70	575	0
3	454	566	0
3	463	499	0
3	483	664	0
3	428	675	0
3	116	508	0
3	65	654	0
3	125	655	0
3	307	623	0
3	127	540	0
3	224	578	0
3	231	551	0
3	488	684	0
3	60	499	0
3	463	585	0
3	367	557	0
3	422	642	0
3	132	529	0
3	50	601	0
3	272	496	0
3	473	543	0
3	277	557	0
3	54	627	0
3	114	633	0
3	63	513	0
3	154	595	0
3	73	600	0
3	306	525	0
3	370	684	0
3	1	597	0
3	152	633	0
3	322	566	0
3	462	557	0
3	251	525	0
3	419	528	0
3	113	648	0
3	229	582	0
3	209	654	0
3	158	638	0
3	163	598	0
3	404	581	0
3	408	685	0
3	202	625	0
3	42	656	0
3	489	526	0
3	192	515	0
3	471	667	0
3	124	517	0
3	26	512	0
3	98	530	0
3	386	502	0
3	248	562	0
3	435	527	0
3	312	544	0
3	226	581	0
3	196	654	0
3	175	570	0
3	475	554	0
3	72	538	0
3	233	493	0
3	409	667	0
3	475	625	0
3	2	611	0
3	417	683	0
3	448	629	0
3	441	577	0
3	15	497	0
3	422	585	0
3	404	676	0
3	55	538	0
3	230	667	0
3	32	500	0
3	326	667	0
3	30	639	0
3	237	534	0
3	484	503	0
3	45	643	0
3	346	650	0
3	120	496	0
3	343	562	0
3	175	687	0
3	249	633	0
3	461	512	0
3	322	520	0
3	375	590	0
3	324	499	0
3	216	623	0
3	369	496	0
3	129	557	0
3	140	492	0
3	381	504	0
3	238	603	0
3	38	618	0
3	161	603	0
3	333	689	0
3	423	579	0
3	240	526	0
3	484	634	0
3	210	597	0
3	367	646	0
3	79	661	0
3	476	548	0
3	45	605	0
3	205	589	0
3	108	672	0
3	99	677	0
3	384	557	0
3	243	650	0
3	405	666	0
3	406	599	0
3	19	552	0
3	164	606	0
3	221	614	0
3	368	588	0
3	264	583	0
3	170	614	0
3	81	668	0
3	120	689	0
3	203	691	0
3	151	534	0
3	137	536	0
3	283	528	0
3	334	505	0
3	98	649	0
3	463	543	0
3	454	677	0
3	470	586	0
3	41	500	0
3	9	498	0
3	400	678	0
3	376	524	0
3	190	637	0
3	147	584	0
3	116	683	0
3	322	546	0
3	151	549	0
3	299	663	0
3	355	691	0
3	104	539	0
3	179	494	0
3	105	625	0
3	440	644	0
3	233	608	0
3	256	646	0
3	146	502	0
3	475	521	0
3	154	587	0
3	430	620	0
3	436	522	0
3	482	654	0
3	84	665	0
3	374	609	0
3	17	509	0
3	265	551	0
3	39	509	0
3	267	494	0
3	464	513	0
3	45	525	0
3	387	585	0
3	108	496	0
3	446	660	0
3	157	628	0
3	352	586	0
3	163	541	0
3	341	532	0
3	435	664	0
3	45	527	0
3	155	683	0
3	134	622	0
3	47	528	0
3	455	646	0
3	378	525	0
3	330	534	0
3	142	618	0
3	240	595	0
3	150	587	0
3	8	664	0
3	289	568	0
3	226	666	0
3	203	560	0
3	158	616	0
3	299	641	0
3	455	674	0
3	194	614	0
3	435	511	0
3	114	502	0
3	335	667	0
3	352	522	0
3	196	651	0
3	302	594	0
3	358	594	0
3	465	674	0
3	169	591	0
3	202	668	0
3	237	602	0
3	40	555	0
3	385	576	0
3	322	689	0
3	157	532	0
3	294	622	0
3	97	522	0
3	367	601	0
3	364	508	0
3	106	666	0
3	328	541	0
3	400	588	0
3	35	675	0
3	222	689	0
3	214	525	0
3	411	610	0
3	392	492	0
3	64	606	0
3	28	585	0
3	282	615	0
3	476	501	0
3	213	574	0
3	209	618	0
3	437	525	0
3	342	574	0
3	326	602	0
3	327	522	0
3	202	546	0
3	251	685	0
3	98	608	0
3	121	640	0
3	253	546	0
3	370	607	0
3	177	575	0
3	35	519	0
3	488	650	0
3	418	545	0
3	41	668	0
3	65	597	0
3	32	496	0
3	132	516	0
3	43	636	0
3	61	537	0
3	364	608	0
3	19	555	0
3	199	617	0
3	150	498	0
3	345	602	0
3	148	653	0
3	203	549	0
3	326	545	0
3	245	587	0
3	90	623	0
3	2	602	0
3	328	543	0
3	25	604	0
3	432	691	0
3	315	592	0
3	52	571	0
3	216	527	0
3	281	566	0
3	50	579	0
3	102	504	0
3	63	624	0
3	469	596	0
3	280	692	0
3	477	586	0
3	94	531	0
3	412	604	0
3	76	685	0
3	224	589	0
3	292	551	0
3	168	509	0
3	300	671	0
3	459	678	0
3	324	666	0
3	452	559	0
3	204	579	0
3	396	498	0
3	204	495	0
3	158	647	0
3	448	687	0
3	430	493	0
3	189	624	0
3	180	556	0
3	155	538	0
3	239	494	0
3	365	648	0
3	257	602	0
3	165	625	0
3	312	546	0
3	133	576	0
3	191	649	0
3	148	583	0
3	10	521	0
3	231	648	0
3	244	504	0
3	361	598	0
3	113	688	0
3	322	510	0
3	298	670	0
3	290	654	0
3	291	567	0
3	425	498	0
3	48	528	0
3	432	506	0
3	270	537	0
3	254	586	0
3	69	495	0
3	93	649	0
3	484	499	0
3	210	588	0
3	445	672	0
3	223	573	0
3	66	595	0
3	355	523	0
3	36	550	0
3	463	506	0
3	98	652	0
3	265	649	0
3	463	642	0
3	237	497	0
3	366	674	0
3	254	568	0
3	166	649	0
3	372	554	0
3	97	598	0
3	340	524	0
3	377	688	0
3	148	502	0
3	456	665	0
3	60	568	0
3	333	527	0
3	243	681	0
3	281	643	0
3	70	496	0
3	46	564	0
3	272	691	0
3	341	512	0
3	336	494	0
3	246	623	0
3	258	509	0
3	345	534	0
3	421	582	0
3	402	614	0
3	315	588	0
3	146	531	0
3	435	645	0
3	332	566	0
3	36	648	0
3	50	520	0
3	78	550	0
3	273	503	0
3	151	581	0
3	142	554	0
3	243	616	0
3	36	493	0
3	4	662	0
3	42	663	0
3	268	639	0
3	130	633	0
3	85	495	0
3	395	639	0
3	4	615	0
3	26	663	0
3	289	510	0
3	194	668	0
3	408	590	0
3	289	664	0
3	342	630	0
3	173	534	0
3	131	612	0
3	174	542	0
3	484	681	0
3	413	684	0
3	453	601	0
3	476	509	0
3	472	633	0
3	258	683	0
3	181	684	0
3	127	674	0
3	425	564	0
3	416	629	0
3	117	594	0
3	476	573	0
3	14	590	0
3	248	506	0
3	348	582	0
3	13	687	0
3	78	634	0
3	238	509	0
3	277	583	0
3	430	586	0
3	318	517	0
3	54	674	0
3	36	677	0
3	16	648	0
3	240	525	0
3	46	580	0
3	183	609	0
3	227	620	0
3	413	620	0
3	95	528	0
3	240	500	0
3	206	604	0
3	153	662	0
3	94	580	0
3	38	611	0
3	304	541	0
3	372	497	0
3	292	575	0
3	385	663	0
3	379	664	0
3	343	534	0
3	433	687	0
3	306	691	0
3	318	585	0
3	104	551	0
3	377	497	0
3	153	571	0
3	341	647	0
3	410	525	0
3	460	550	0
3	465	618	0
3	123	498	0
3	126	664	0
3	39	561	0
3	372	499	0
3	110	624	0
3	207	649	0
3	62	618	0
3	164	637	0
3	260	622	0
3	382	574	0
3	90	646	0
3	476	661	0
3	5	561	0
3	138	492	0
3	445	519	0
3	101	564	0
3	428	587	0
3	409	505	0
3	215	497	0
3	284	523	0
3	406	539	0
3	372	525	0
3	178	532	0
3	202	656	0
3	373	646	0
3	269	574	0
3	444	493	0
3	335	595	0
3	382	659	0
3	234	638	0
3	61	664	0
3	305	535	0
3	76	618	0
3	173	581	0
3	194	617	0
3	145	620	0
3	430	613	0
3	258	679	0
3	368	567	0
3	243	611	0
3	449	684	0
3	108	652	0
3	347	617	0
3	408	556	0
3	393	647	0
3	103	633	0
3	360	508	0
3	475	643	0
3	201	532	0
3	68	633	0
3	393	616	0
3	447	563	0
3	59	565	0
3	444	640	0
3	243	662	0
3	29	672	0
3	327	642	0
3	54	525	0
3	30	623	0
3	343	556	0
3	43	623	0
3	368	575	0
3	173	682	0
3	306	567	0
3	46	606	0
3	53	494	0
3	301	610	0
3	371	588	0
3	139	597	0
3	329	500	0
3	388	532	0
3	467	617	0
3	335	558	0
3	407	666	0
3	394	648	0
3	3	674	0
3	336	541	0
3	300	675	0
3	163	692	0
3	395	690	0
3	97	570	0
3	355	561	0
3	265	670	0
3	356	599	0
3	1	526	0
3	368	666	0
3	465	640	0
3	82	521	0
3	435	633	0
3	60	588	0
3	305	589	0
3	421	634	0
3	63	554	0
3	29	603	0
3	42	634	0
3	300	550	0
3	457	685	0
3	390	492	0
3	284	606	0
3	464	663	0
3	176	585	0
3	460	581	0
3	236	687	0
3	15	501	0
3	227	615	0
3	124	662	0
3	230	569	0
3	319	683	0
3	346	656	0
3	302	540	0
3	32	584	0
3	90	626	0
3	117	600	0
3	41	608	0
3	92	621	0
3	113	579	0
3	184	565	0
3	410	591	0
3	40	551	0
3	337	575	0
3	412	504	0
3	319	538	0
3	435	555	0
3	84	561	0
3	190	508	0
3	458	584	0
3	201	498	0
3	208	511	0
3	213	494	0
3	125	524	0
3	206	542	0
3	81	541	0
3	187	540	0
3	31	550	0
3	77	527	0
3	410	523	0
3	170	593	0
3	487	570	0
3	183	583	0
3	203	634	0
3	269	519	0
3	89	673	0
3	228	509	0
3	246	589	0
3	193	633	0
3	330	582	0
3	103	593	0
3	269	604	0
3	45	536	0
3	328	630	0
3	202	583	0
3	116	657	0
3	285	563	0
3	291	617	0
3	339	594	0
3	478	642	0
3	351	645	0
3	445	633	0
3	126	524	0
3	217	593	0
3	95	497	0
3	286	541	0
3	386	505	0
3	287	579	0
3	242	604	0
3	307	618	0
3	475	523	0
3	470	560	0
3	213	496	0
3	155	647	0
3	433	575	0
3	175	670	0
3	118	612	0
3	446	661	0
3	305	615	0
3	431	532	0
3	135	504	0
3	329	581	0
3	360	520	0
3	255	575	0
3	42	617	0
3	374	645	0
3	174	494	0
3	75	666	0
3	224	509	0
3	304	613	0
3	230	650	0
3	116	541	0
3	480	574	0
3	370	561	0
3	157	504	0
3	341	592	0
3	90	640	0
3	99	559	0
3	382	650	0
3	35	544	0
3	194	629	0
3	129	614	0
3	150	592	0
3	144	524	0
3	129	578	0
3	371	499	0
3	287	674	0
3	153	582	0
3	431	523	0
3	161	534	0
3	170	629	0
3	210	504	0
3	421	542	0
3	298	564	0
3	185	612	0
3	398	594	0
3	420	661	0
3	393	662	0
3	451	531	0
3	380	568	0
3	338	610	0
3	52	575	0
3	441	600	0
3	184	566	0
3	6	646	0
3	41	637	0
3	414	616	0
3	267	685	0
3	397	575	0
3	142	510	0
3	84	583	0
3	184	652	0
3	230	496	0
3	483	574	0
3	80	589	0
3	24	670	0
3	405	674	0
3	243	667	0
3	96	613	0
3	43	543	0
3	362	621	0
3	89	582	0
3	298	580	0
3	345	665	0
3	167	633	0
3	276	674	0
3	95	496	0
3	166	586	0
3	275	536	0
3	111	494	0
3	410	604	0
3	395	644	0
3	418	517	0
3	313	621	0
3	232	638	0
3	74	554	0
3	266	642	0
3	381	581	0
3	436	664	0
3	6	685	0
3	373	650	0
3	233	660	0
3	360	629	0
3	280	613	0
3	215	613	0
3	394	509	0
3	179	689	0
3	295	503	0
3	141	511	0
3	139	598	0
3	279	641	0
3	101	661	0
3	205	661	0
3	339	640	0
3	361	592	0
3	133	643	0
3	125	583	0
3	121	648	0
3	405	512	0
3	102	688	0
3	117	492	0
3	402	550	0
3	429	526	0
3	482	586	0
3	364	527	0
3	189	588	0
3	296	613	0
3	223	523	0
3	58	532	0
3	77	634	0
3	221	641	0
3	477	634	0
3	302	498	0
3	363	543	0
3	217	663	0
3	20	564	0
3	248	654	0
3	73	575	0
3	52	619	0
3	218	541	0
3	316	549	0
3	269	595	0
3	447	668	0
3	295	643	0
3	416	538	0
3	164	557	0
3	367	672	0
3	292	689	0
3	475	617	0
3	322	616	0
3	168	570	0
3	106	690	0
3	246	678	0
3	477	612	0
3	428	638	0
3	334	656	0
3	375	683	0
3	384	548	0
3	271	492	0
3	228	671	0
3	198	520	0
3	12	629	0
3	276	657	0
3	26	636	0
3	373	532	0
3	306	584	0
3	295	691	0
3	429	582	0
3	344	541	0
3	186	567	0
3	176	519	0
3	339	591	0
3	288	586	0
3	317	521	0
3	207	537	0
3	372	637	0
3	405	684	0
3	182	530	0
3	413	596	0
3	316	532	0
3	355	584	0
3	216	642	0
3	82	652	0
3	264	664	0
3	196	634	0
3	387	652	0
3	246	564	0
3	435	659	0
3	312	531	0
3	348	589	0
3	213	625	0
3	137	543	0
3	99	664	0
3	391	616	0
3	285	562	0
3	443	624	0
3	264	527	0
3	177	545	0
3	393	633	0
3	122	652	0
3	291	614	0
3	395	657	0
3	99	613	0
3	38	644	0
3	310	550	0
3	10	506	0
3	142	620	0
3	107	552	0
3	29	577	0
3	434	631	0
3	101	514	0
3	108	640	0
3	298	641	0
3	165	626	0
3	94	689	0
3	108	517	0
3	255	534	0
3	13	649	0
3	453	573	0
3	164	691	0
3	467	639	0
3	71	623	0
3	280	690	0
3	489	501	0
3	289	676	0
3	67	532	0
3	382	664	0
3	115	685	0
3	229	640	0
3	457	632	0
3	99	641	0
3	309	575	0
3	417	663	0
3	228	619	0
3	393	555	0
3	451	541	0
3	206	565	0
3	317	656	0
3	89	537	0
3	370	661	0
3	343	521	0
3	271	676	0
3	50	628	0
3	276	614	0
3	268	652	0
3	76	648	0
3	487	678	0
3	177	685	0
3	354	639	0
3	297	654	0
3	19	625	0
3	484	498	0
3	48	595	0
3	397	648	0
3	214	646	0
3	320	511	0
3	418	586	0
3	484	621	0
3	132	641	0
3	57	596	0
3	35	668	0
3	327	653	0
3	300	534	0
3	103	537	0
3	201	636	0
3	174	684	0
3	447	550	0
3	292	649	0
3	130	654	0
3	372	665	0
3	265	559	0
3	347	596	0
3	17	493	0
3	197	633	0
3	34	629	0
3	354	671	0
3	293	649	0
3	147	650	0
3	289	624	0
3	488	527	0
3	446	596	0
3	231	687	0
3	219	493	0
3	444	538	0
3	482	551	0
3	158	523	0
3	374	613	0
3	80	532	0
3	27	550	0
3	470	584	0
3	245	640	0
3	403	670	0
3	315	606	0
3	397	498	0
3	133	681	0
3	233	611	0
3	274	550	0
3	315	503	0
3	190	493	0
3	27	601	0
3	338	523	0
3	146	595	0
3	306	639	0
3	393	634	0
3	434	513	0
3	236	662	0
3	220	532	0
3	470	644	0
3	469	549	0
3	348	655	0
3	468	687	0
3	295	590	0
3	393	609	0
3	124	580	0
3	217	558	0
3	459	522	0
3	1	571	0
3	19	684	0
3	413	574	0
3	470	513	0
3	335	576	0
3	84	563	0
3	243	637	0
3	24	631	0
3	295	573	0
3	64	646	0
3	192	675	0
3	206	508	0
3	93	688	0
3	384	513	0
3	246	569	0
3	475	539	0
3	127	626	0
3	242	512	0
3	158	614	0
3	51	598	0
3	404	567	0
3	332	605	0
3	295	514	0
3	238	618	0
3	162	637	0
3	358	534	0
3	415	682	0
3	334	529	0
3	226	609	0
3	265	537	0
3	325	621	0
3	44	665	0
3	468	555	0
3	63	534	0
3	68	673	0
3	245	559	0
3	214	605	0
3	442	626	0
3	194	527	0
3	390	664	0
3	447	690	0
3	262	683	0
3	262	581	0
3	441	647	0
3	404	613	0
3	349	492	0
3	214	555	0
3	285	688	0
3	85	624	0
3	356	579	0
3	249	543	0
3	375	587	0
3	170	524	0
3	86	564	0
3	412	579	0
3	19	562	0
3	299	538	0
3	394	549	0
3	36	650	0
3	153	666	0
3	257	596	0
3	85	574	0
3	260	628	0
3	491	664	0
3	155	509	0
3	466	584	0
3	30	667	0
3	255	660	0
3	452	588	0
3	97	589	0
3	120	506	0
3	234	597	0
3	67	677	0
3	324	583	0
3	169	542	0
3	128	589	0
3	210	537	0
3	459	537	0
3	461	662	0
3	318	652	0
3	164	543	0
3	173	650	0
3	397	523	0
3	186	660	0
3	152	612	0
3	124	628	0
3	486	565	0
3	11	517	0
3	362	600	0
3	381	623	0
3	373	521	0
3	239	514	0
3	347	524	0
3	211	671	0
3	193	504	0
3	194	681	0
3	447	578	0
3	350	541	0
3	310	546	0
3	185	618	0
3	434	494	0
3	448	579	0
3	279	608	0
3	391	506	0
3	355	568	0
3	410	601	0
3	366	494	0
3	208	541	0
3	472	554	0
3	280	625	0
3	397	558	0
3	129	543	0
3	461	565	0
3	0	497	0
3	426	657	0
3	355	658	0
3	184	635	0
3	37	518	0
3	100	662	0
3	309	551	0
3	264	541	0
3	71	557	0
3	6	670	0
3	341	585	0
3	295	571	0
3	422	633	0
3	106	551	0
3	165	657	0
3	317	649	0
3	261	499	0
3	346	654	0
3	56	644	0
3	370	673	0
3	260	538	0
3	149	587	0
3	241	620	0
3	462	585	0
3	267	562	0
3	328	550	0
3	338	580	0
3	66	687	0
3	360	640	0
3	436	517	0
3	100	684	0
3	143	554	0
3	2	633	0
3	358	672	0
3	148	504	0
3	156	526	0
3	50	626	0
3	331	641	0
3	254	536	0
3	147	552	0
3	245	654	0
3	182	570	0
3	389	616	0
3	4	614	0
3	317	569	0
3	75	689	0
3	371	681	0
3	377	564	0
3	409	588	0
3	480	583	0
3	367	514	0
3	38	629	0
3	122	665	0
3	51	634	0
3	406	614	0
3	359	623	0
3	254	626	0
3	430	603	0
3	112	600	0
3	132	588	0
3	313	510	0
3	58	506	0
3	57	612	0
3	9	508	0
3	219	625	0
3	486	660	0
3	65	583	0
3	111	623	0
3	420	506	0
3	489	559	0
3	111	615	0
3	98	543	0
3	138	583	0
3	148	565	0
3	459	619	0
3	143	663	0
3	424	567	0
3	121	549	0
3	87	502	0
3	69	677	0
3	52	552	0
3	352	558	0
3	341	570	0
3	463	615	0
3	14	492	0
3	143	656	0
3	472	673	0
3	67	643	0
3	320	531	0
3	162	673	0
3	384	660	0
3	462	601	0
3	380	583	0
3	355	565	0
3	81	629	0
3	79	558	0
3	133	671	0
3	342	629	0
3	211	641	0
3	171	584	0
3	70	636	0
3	63	664	0
3	354	556	0
3	123	629	0
3	280	647	0
3	319	562	0
3	280	511	0
3	272	525	0
3	425	601	0
3	485	521	0
3	18	623	0
3	198	561	0
3	113	540	0
3	75	524	0
3	434	514	0
3	235	592	0
3	261	602	0
3	373	589	0
3	460	657	0
3	184	569	0
3	365	557	0
3	191	643	0
3	375	494	0
3	375	500	0
3	417	550	0
3	455	691	0
3	192	601	0
3	302	678	0
3	395	609	0
3	49	545	0
3	19	595	0
3	52	640	0
3	319	625	0
3	102	561	0
3	380	562	0
3	450	514	0
3	310	625	0
3	66	599	0
3	272	541	0
3	444	574	0
3	479	537	0
3	288	550	0
3	127	610	0
3	325	512	0
3	219	590	0
3	348	550	0
3	331	605	0
3	261	666	0
3	394	493	0
3	102	552	0
3	213	495	0
3	377	521	0
3	309	647	0
3	340	620	0
3	79	501	0
3	254	638	0
3	0	547	1
3	0	555	1
3	0	621	1
3	0	627	1
3	1	516	1
3	1	544	1
3	1	572	1
3	1	648	1
3	1	659	1
3	1	669	1
3	2	520	1
3	2	631	1
3	3	520	1
3	3	542	1
3	3	625	1
3	3	669	1
3	3	676	1
3	4	547	1
3	4	554	1
3	4	603	1
3	4	606	1
3	4	625	1
3	4	692	1
3	5	530	1
3	5	540	1
3	5	560	1
3	5	566	1
3	5	597	1
3	5	658	1
3	6	529	1
3	6	559	1
3	6	637	1
3	6	682	1
3	7	515	1
3	7	602	1
3	7	615	1
3	8	538	1
3	8	580	1
3	8	624	1
3	8	627	1
3	8	676	1
3	9	518	1
3	9	552	1
3	9	622	1
3	9	669	1
3	9	682	1
3	10	515	1
3	10	533	1
3	10	559	1
3	10	627	1
3	10	688	1
3	11	645	1
3	12	567	1
3	12	596	1
3	12	615	1
3	12	682	1
3	13	496	1
3	13	552	1
3	13	553	1
3	13	559	1
3	13	658	1
3	14	547	1
3	14	627	1
3	14	648	1
3	15	516	1
3	15	537	1
3	15	544	1
3	15	547	1
3	15	560	1
3	15	571	1
3	15	659	1
3	15	679	1
3	16	522	1
3	16	538	1
3	16	572	1
3	16	603	1
3	16	607	1
3	16	676	1
3	16	680	1
3	16	682	1
3	17	513	1
3	17	514	1
3	17	520	1
3	17	528	1
3	17	529	1
3	17	631	1
3	17	637	1
3	17	652	1
3	18	533	1
3	18	555	1
3	18	559	1
3	18	602	1
3	18	645	1
3	18	670	1
3	18	680	1
3	20	496	1
3	20	507	1
3	20	533	1
3	20	548	1
3	20	552	1
3	20	569	1
3	20	581	1
3	20	605	1
3	20	622	1
3	20	644	1
3	20	659	1
3	20	679	1
3	21	500	1
3	21	511	1
3	21	515	1
3	22	540	1
3	23	580	1
3	23	607	1
3	23	690	1
3	25	500	1
3	25	529	1
3	25	538	1
3	25	555	1
3	25	560	1
3	25	572	1
3	25	631	1
3	26	552	1
3	26	555	1
3	27	510	1
3	27	530	1
3	27	544	1
3	27	566	1
3	27	648	1
3	27	651	1
3	28	496	1
3	28	520	1
3	28	622	1
3	28	632	1
3	28	645	1
3	28	651	1
3	28	680	1
3	29	547	1
3	30	552	1
3	30	555	1
3	30	571	1
3	30	658	1
3	30	670	1
3	32	507	1
3	32	516	1
3	32	558	1
3	32	566	1
3	32	568	1
3	32	653	1
3	32	674	1
3	32	682	1
3	33	530	1
3	33	552	1
3	33	680	1
3	34	533	1
3	34	542	1
3	34	553	1
3	34	558	1
3	34	577	1
3	34	591	1
3	34	595	1
3	34	596	1
3	34	625	1
3	34	688	1
3	35	636	1
3	36	530	1
3	37	555	1
3	37	572	1
3	37	627	1
3	38	651	1
3	39	513	1
3	39	529	1
3	39	547	1
3	39	552	1
3	39	559	1
3	39	644	1
3	39	679	1
3	41	644	1
3	41	651	1
3	41	669	1
3	43	507	1
3	43	572	1
3	43	627	1
3	43	651	1
3	43	653	1
3	44	537	1
3	44	538	1
3	44	540	1
3	44	644	1
3	44	655	1
3	45	516	1
3	45	644	1
3	45	680	1
3	45	686	1
3	47	507	1
3	47	515	1
3	47	597	1
3	47	669	1
3	48	530	1
3	48	533	1
3	48	648	1
3	48	653	1
3	49	615	1
3	50	602	1
3	51	597	1
3	52	523	1
3	53	569	1
3	53	677	1
3	53	692	1
3	55	547	1
3	55	555	1
3	55	560	1
3	55	672	1
3	55	679	1
3	55	688	1
3	56	507	1
3	56	602	1
3	57	533	1
3	57	547	1
3	57	569	1
3	57	571	1
3	57	572	1
3	57	591	1
3	57	606	1
3	57	634	1
3	57	679	1
3	58	516	1
3	58	567	1
3	60	552	1
3	60	602	1
3	60	648	1
3	60	692	1
3	61	507	1
3	61	510	1
3	61	529	1
3	61	656	1
3	62	530	1
3	62	533	1
3	62	669	1
3	62	679	1
3	63	562	1
3	63	572	1
3	63	632	1
3	63	645	1
3	64	577	1
3	64	621	1
3	64	682	1
3	65	510	1
3	65	519	1
3	65	571	1
3	65	653	1
3	65	679	1
3	65	692	1
3	66	533	1
3	67	518	1
3	67	682	1
3	68	547	1
3	68	669	1
3	69	658	1
3	69	659	1
3	69	686	1
3	70	510	1
3	70	547	1
3	70	566	1
3	71	566	1
3	71	587	1
3	72	516	1
3	72	669	1
3	72	682	1
3	73	530	1
3	73	547	1
3	73	548	1
3	73	555	1
3	73	577	1
3	73	599	1
3	73	627	1
3	74	516	1
3	74	680	1
3	74	686	1
3	75	507	1
3	75	529	1
3	75	581	1
3	75	622	1
3	75	648	1
3	75	655	1
3	75	688	1
3	76	552	1
3	76	658	1
3	78	500	1
3	78	515	1
3	78	519	1
3	78	568	1
3	78	670	1
3	78	682	1
3	78	690	1
3	78	692	1
3	79	555	1
3	79	595	1
3	79	670	1
3	80	507	1
3	80	548	1
3	80	553	1
3	80	622	1
3	80	627	1
3	80	677	1
3	81	602	1
3	81	621	1
3	81	669	1
3	81	682	1
3	82	572	1
3	82	631	1
3	83	515	1
3	83	632	1
3	84	547	1
3	84	552	1
3	84	625	1
3	84	652	1
3	84	653	1
3	84	676	1
3	84	679	1
3	84	688	1
3	84	692	1
3	85	566	1
3	86	510	1
3	86	530	1
3	86	552	1
3	86	625	1
3	86	690	1
3	86	691	1
3	86	692	1
3	87	597	1
3	88	552	1
3	88	565	1
3	88	602	1
3	89	682	1
3	89	692	1
3	90	507	1
3	93	669	1
3	93	692	1
3	95	510	1
3	95	515	1
3	95	529	1
3	95	530	1
3	95	533	1
3	95	541	1
3	95	554	1
3	95	559	1
3	95	595	1
3	95	625	1
3	95	636	1
3	95	658	1
3	96	670	1
3	96	692	1
3	97	547	1
3	97	553	1
3	97	682	1
3	99	533	1
3	99	544	1
3	99	553	1
3	99	562	1
3	99	680	1
3	100	651	1
3	100	672	1
3	101	645	1
3	101	651	1
3	102	507	1
3	102	529	1
3	102	530	1
3	102	554	1
3	103	552	1
3	103	553	1
3	104	530	1
3	104	538	1
3	104	548	1
3	104	552	1
3	104	559	1
3	104	566	1
3	104	567	1
3	104	595	1
3	104	599	1
3	104	679	1
3	105	510	1
3	105	547	1
3	105	552	1
3	105	562	1
3	106	533	1
3	106	547	1
3	106	692	1
3	107	544	1
3	108	552	1
3	108	566	1
3	108	602	1
3	109	566	1
3	109	567	1
3	109	631	1
3	109	632	1
3	109	679	1
3	110	553	1
3	110	572	1
3	111	574	1
3	111	669	1
3	114	515	1
3	114	651	1
3	114	686	1
3	115	692	1
3	116	547	1
3	116	680	1
3	116	692	1
3	117	537	1
3	117	553	1
3	117	692	1
3	118	529	1
3	118	554	1
3	118	572	1
3	118	590	1
3	118	591	1
3	118	597	1
3	118	602	1
3	118	624	1
3	118	631	1
3	118	653	1
3	118	688	1
3	119	580	1
3	119	691	1
3	120	688	1
3	120	692	1
3	121	615	1
3	122	515	1
3	122	645	1
3	123	507	1
3	123	514	1
3	123	553	1
3	123	625	1
3	123	679	1
3	123	680	1
3	124	507	1
3	124	555	1
3	124	653	1
3	124	682	1
3	124	686	1
3	125	553	1
3	125	571	1
3	126	528	1
3	126	537	1
3	126	538	1
3	126	555	1
3	126	558	1
3	126	566	1
3	126	590	1
3	126	591	1
3	126	652	1
3	126	653	1
3	126	691	1
3	127	565	1
3	127	651	1
3	127	682	1
3	128	566	1
3	128	577	1
3	128	627	1
3	129	526	1
3	129	552	1
3	129	568	1
3	129	580	1
3	129	644	1
3	129	645	1
3	129	652	1
3	129	691	1
3	130	540	1
3	130	544	1
3	130	553	1
3	130	603	1
3	130	682	1
3	131	519	1
3	131	553	1
3	131	568	1
3	131	591	1
3	131	676	1
3	133	518	1
3	133	555	1
3	133	626	1
3	133	627	1
3	133	658	1
3	133	679	1
3	134	644	1
3	134	653	1
3	134	680	1
3	135	559	1
3	135	571	1
3	135	615	1
3	135	625	1
3	135	638	1
3	135	658	1
3	135	672	1
3	135	686	1
3	136	500	1
3	136	515	1
3	136	533	1
3	136	565	1
3	136	567	1
3	136	597	1
3	136	615	1
3	136	625	1
3	136	645	1
3	136	652	1
3	136	669	1
3	136	674	1
3	136	686	1
3	137	533	1
3	137	562	1
3	137	669	1
3	137	680	1
3	138	507	1
3	138	555	1
3	140	530	1
3	140	602	1
3	140	686	1
3	140	688	1
3	141	530	1
3	141	544	1
3	141	548	1
3	141	553	1
3	141	577	1
3	141	602	1
3	141	615	1
3	141	658	1
3	142	550	1
3	142	603	1
3	144	507	1
3	144	513	1
3	144	522	1
3	144	523	1
3	144	528	1
3	144	552	1
3	144	555	1
3	144	566	1
3	144	572	1
3	144	581	1
3	144	606	1
3	144	644	1
3	145	571	1
3	145	572	1
3	145	591	1
3	145	595	1
3	145	615	1
3	145	651	1
3	145	680	1
3	146	547	1
3	146	597	1
3	146	679	1
3	146	680	1
3	147	518	1
3	147	547	1
3	148	621	1
3	149	560	1
3	149	625	1
3	150	520	1
3	150	523	1
3	151	516	1
3	151	547	1
3	151	552	1
3	152	533	1
3	152	553	1
3	152	653	1
3	152	686	1
3	153	547	1
3	153	669	1
3	155	686	1
3	156	516	1
3	156	632	1
3	156	669	1
3	156	672	1
3	156	692	1
3	158	530	1
3	158	562	1
3	158	658	1
3	158	682	1
3	159	547	1
3	159	566	1
3	159	631	1
3	159	688	1
3	160	500	1
3	160	510	1
3	160	511	1
3	160	519	1
3	160	533	1
3	160	651	1
3	161	555	1
3	161	572	1
3	161	615	1
3	161	679	1
3	161	682	1
3	161	686	1
3	162	560	1
3	162	566	1
3	162	602	1
3	162	606	1
3	162	627	1
3	162	670	1
3	162	676	1
3	163	672	1
3	165	529	1
3	165	555	1
3	165	621	1
3	165	651	1
3	165	686	1
3	166	544	1
3	166	558	1
3	166	566	1
3	166	572	1
3	166	576	1
3	166	577	1
3	166	670	1
3	166	689	1
3	166	692	1
3	167	507	1
3	167	540	1
3	167	577	1
3	167	653	1
3	167	669	1
3	167	679	1
3	167	680	1
3	168	507	1
3	168	652	1
3	168	670	1
3	169	602	1
3	169	615	1
3	169	682	1
3	170	669	1
3	171	519	1
3	171	552	1
3	171	553	1
3	171	631	1
3	171	653	1
3	171	679	1
3	172	547	1
3	172	632	1
3	172	651	1
3	172	680	1
3	172	688	1
3	173	552	1
3	173	648	1
3	174	518	1
3	174	659	1
3	174	669	1
3	174	679	1
3	176	533	1
3	176	591	1
3	176	603	1
3	177	500	1
3	177	507	1
3	177	520	1
3	177	544	1
3	177	553	1
3	177	565	1
3	177	594	1
3	177	607	1
3	177	622	1
3	177	651	1
3	177	653	1
3	177	692	1
3	178	520	1
3	178	547	1
3	178	566	1
3	178	580	1
3	178	581	1
3	178	605	1
3	178	622	1
3	179	516	1
3	179	552	1
3	181	507	1
3	181	526	1
3	181	529	1
3	181	553	1
3	181	594	1
3	181	625	1
3	181	631	1
3	181	644	1
3	181	653	1
3	181	688	1
3	183	507	1
3	183	552	1
3	183	559	1
3	183	560	1
3	183	603	1
3	183	658	1
3	183	669	1
3	183	680	1
3	184	577	1
3	185	643	1
3	186	507	1
3	186	510	1
3	186	516	1
3	186	520	1
3	186	538	1
3	186	583	1
3	186	595	1
3	186	644	1
3	187	516	1
3	187	518	1
3	187	547	1
3	187	566	1
3	187	659	1
3	188	566	1
3	188	632	1
3	188	682	1
3	188	692	1
3	189	530	1
3	189	555	1
3	189	651	1
3	190	559	1
3	190	603	1
3	190	615	1
3	190	631	1
3	190	680	1
3	191	553	1
3	191	652	1
3	191	682	1
3	193	510	1
3	193	518	1
3	193	538	1
3	193	558	1
3	193	595	1
3	193	624	1
3	193	626	1
3	193	682	1
3	199	555	1
3	200	516	1
3	200	530	1
3	200	544	1
3	200	682	1
3	201	518	1
3	201	567	1
3	202	507	1
3	202	530	1
3	202	562	1
3	202	572	1
3	202	672	1
3	203	547	1
3	203	602	1
3	203	622	1
3	204	533	1
3	204	547	1
3	204	606	1
3	204	651	1
3	204	686	1
3	205	566	1
3	205	675	1
3	206	510	1
3	206	544	1
3	206	560	1
3	206	576	1
3	206	602	1
3	206	680	1
3	207	651	1
3	208	576	1
3	209	526	1
3	209	555	1
3	209	558	1
3	209	595	1
3	209	607	1
3	209	631	1
3	210	625	1
3	210	632	1
3	211	547	1
3	211	553	1
3	211	680	1
3	212	591	1
3	212	615	1
3	212	686	1
3	215	555	1
3	215	627	1
3	215	648	1
3	215	659	1
3	215	682	1
3	216	669	1
3	216	680	1
3	218	686	1
3	219	680	1
3	220	555	1
3	220	570	1
3	220	643	1
3	221	538	1
3	221	558	1
3	221	565	1
3	222	548	1
3	222	591	1
3	222	679	1
3	222	692	1
3	223	552	1
3	223	580	1
3	224	669	1
3	225	537	1
3	225	558	1
3	225	566	1
3	225	688	1
3	226	552	1
3	226	553	1
3	226	627	1
3	226	631	1
3	226	651	1
3	227	514	1
3	227	516	1
3	227	547	1
3	228	510	1
3	228	558	1
3	228	625	1
3	228	682	1
3	229	558	1
3	229	565	1
3	229	603	1
3	229	624	1
3	229	645	1
3	230	516	1
3	230	576	1
3	232	515	1
3	232	519	1
3	232	652	1
3	233	523	1
3	233	554	1
3	233	560	1
3	233	569	1
3	233	577	1
3	233	606	1
3	233	641	1
3	234	510	1
3	234	511	1
3	234	519	1
3	234	526	1
3	234	566	1
3	234	572	1
3	234	603	1
3	234	659	1
3	234	679	1
3	235	507	1
3	235	540	1
3	235	576	1
3	235	603	1
3	235	606	1
3	235	686	1
3	236	540	1
3	236	547	1
3	236	572	1
3	236	577	1
3	236	625	1
3	236	627	1
3	236	651	1
3	237	597	1
3	237	638	1
3	238	516	1
3	238	555	1
3	238	665	1
3	239	502	1
3	239	511	1
3	239	529	1
3	239	542	1
3	239	555	1
3	239	581	1
3	239	590	1
3	240	507	1
3	240	544	1
3	240	555	1
3	240	602	1
3	240	615	1
3	240	644	1
3	240	692	1
3	241	526	1
3	241	565	1
3	241	569	1
3	241	591	1
3	241	595	1
3	241	631	1
3	241	636	1
3	241	682	1
3	242	533	1
3	242	540	1
3	242	560	1
3	242	602	1
3	242	615	1
3	242	627	1
3	242	651	1
3	242	658	1
3	242	676	1
3	242	682	1
3	243	544	1
3	243	669	1
3	244	510	1
3	244	516	1
3	244	533	1
3	244	538	1
3	244	552	1
3	244	558	1
3	244	621	1
3	244	622	1
3	244	627	1
3	244	636	1
3	244	651	1
3	246	518	1
3	246	560	1
3	246	590	1
3	246	624	1
3	246	637	1
3	246	670	1
3	246	679	1
3	247	518	1
3	247	544	1
3	247	621	1
3	247	632	1
3	248	641	1
3	249	516	1
3	249	591	1
3	249	682	1
3	250	566	1
3	250	615	1
3	250	669	1
3	251	574	1
3	251	643	1
3	251	644	1
3	252	544	1
3	252	567	1
3	252	595	1
3	252	621	1
3	253	530	1
3	253	602	1
3	254	516	1
3	254	547	1
3	254	562	1
3	254	566	1
3	254	632	1
3	255	566	1
3	255	572	1
3	255	615	1
3	255	621	1
3	255	632	1
3	256	533	1
3	256	562	1
3	256	602	1
3	256	651	1
3	256	688	1
3	258	667	1
3	259	555	1
3	259	631	1
3	259	643	1
3	260	572	1
3	260	688	1
3	261	548	1
3	261	560	1
3	262	682	1
3	263	533	1
3	263	682	1
3	264	530	1
3	264	533	1
3	264	566	1
3	265	518	1
3	265	566	1
3	265	621	1
3	265	627	1
3	265	632	1
3	265	688	1
3	266	567	1
3	266	597	1
3	266	682	1
3	267	544	1
3	268	510	1
3	268	552	1
3	268	567	1
3	268	571	1
3	268	577	1
3	268	595	1
3	268	653	1
3	268	688	1
3	269	553	1
3	269	668	1
3	271	632	1
3	271	682	1
3	272	518	1
3	272	652	1
3	272	670	1
3	272	677	1
3	273	552	1
3	273	602	1
3	273	632	1
3	273	659	1
3	273	670	1
3	273	692	1
3	274	513	1
3	274	530	1
3	274	553	1
3	274	554	1
3	274	555	1
3	274	607	1
3	274	658	1
3	274	675	1
3	274	682	1
3	275	547	1
3	275	572	1
3	275	627	1
3	275	652	1
3	275	676	1
3	276	552	1
3	276	553	1
3	276	577	1
3	276	595	1
3	276	626	1
3	276	648	1
3	276	688	1
3	277	516	1
3	277	519	1
3	277	523	1
3	277	530	1
3	277	537	1
3	277	548	1
3	277	594	1
3	277	622	1
3	277	676	1
3	277	679	1
3	278	515	1
3	278	538	1
3	278	547	1
3	278	552	1
3	278	555	1
3	278	632	1
3	278	656	1
3	278	677	1
3	278	679	1
3	278	680	1
3	279	547	1
3	279	622	1
3	279	680	1
3	279	688	1
3	280	516	1
3	281	555	1
3	281	602	1
3	281	627	1
3	281	669	1
3	282	547	1
3	282	558	1
3	282	577	1
3	282	595	1
3	282	606	1
3	282	631	1
3	282	652	1
3	282	688	1
3	283	627	1
3	284	530	1
3	284	562	1
3	284	572	1
3	284	577	1
3	284	597	1
3	284	651	1
3	284	677	1
3	285	569	1
3	285	590	1
3	285	680	1
3	286	553	1
3	286	555	1
3	287	540	1
3	287	548	1
3	287	566	1
3	287	576	1
3	287	645	1
3	287	670	1
3	287	680	1
3	290	515	1
3	290	522	1
3	290	526	1
3	290	562	1
3	290	577	1
3	290	603	1
3	290	631	1
3	290	680	1
3	290	692	1
3	291	514	1
3	291	519	1
3	291	529	1
3	291	572	1
3	291	577	1
3	291	595	1
3	291	606	1
3	291	664	1
3	291	680	1
3	292	548	1
3	292	577	1
3	292	603	1
3	292	631	1
3	293	515	1
3	293	547	1
3	293	567	1
3	293	688	1
3	294	507	1
3	294	566	1
3	295	518	1
3	295	553	1
3	295	577	1
3	295	621	1
3	295	631	1
3	296	533	1
3	296	552	1
3	296	602	1
3	296	692	1
3	297	502	1
3	297	533	1
3	297	555	1
3	297	565	1
3	297	568	1
3	297	574	1
3	297	590	1
3	297	595	1
3	297	603	1
3	297	656	1
3	298	544	1
3	298	566	1
3	298	632	1
3	298	651	1
3	298	653	1
3	299	500	1
3	299	518	1
3	299	530	1
3	299	533	1
3	299	576	1
3	299	597	1
3	299	632	1
3	299	692	1
3	300	595	1
3	300	680	1
3	301	499	1
3	301	538	1
3	301	548	1
3	301	560	1
3	301	568	1
3	301	645	1
3	301	656	1
3	301	692	1
3	303	658	1
3	303	669	1
3	303	676	1
3	303	679	1
3	305	599	1
3	305	666	1
3	306	518	1
3	306	653	1
3	306	669	1
3	306	680	1
3	306	682	1
3	307	692	1
3	308	507	1
3	308	554	1
3	308	581	1
3	308	626	1
3	308	669	1
3	308	679	1
3	309	513	1
3	309	553	1
3	309	555	1
3	309	658	1
3	310	547	1
3	310	562	1
3	310	566	1
3	310	602	1
3	310	682	1
3	311	518	1
3	311	547	1
3	311	651	1
3	311	682	1
3	311	688	1
3	313	602	1
3	313	653	1
3	313	680	1
3	314	544	1
3	314	566	1
3	314	658	1
3	314	679	1
3	315	507	1
3	315	554	1
3	315	636	1
3	315	680	1
3	316	515	1
3	316	622	1
3	317	572	1
3	318	516	1
3	318	520	1
3	318	528	1
3	318	565	1
3	318	634	1
3	318	669	1
3	320	555	1
3	320	558	1
3	321	516	1
3	321	520	1
3	321	522	1
3	321	552	1
3	321	555	1
3	321	587	1
3	321	624	1
3	322	651	1
3	322	673	1
3	323	511	1
3	323	548	1
3	323	568	1
3	323	572	1
3	323	615	1
3	323	624	1
3	323	626	1
3	323	645	1
3	323	669	1
3	323	686	1
3	324	580	1
3	324	669	1
3	325	669	1
3	327	518	1
3	327	566	1
3	328	572	1
3	328	607	1
3	328	636	1
3	328	650	1
3	328	652	1
3	328	692	1
3	329	507	1
3	329	627	1
3	330	526	1
3	330	537	1
3	330	558	1
3	330	560	1
3	330	622	1
3	330	644	1
3	330	645	1
3	331	507	1
3	331	511	1
3	331	542	1
3	331	572	1
3	331	591	1
3	331	637	1
3	331	648	1
3	331	651	1
3	331	652	1
3	331	653	1
3	331	688	1
3	333	510	1
3	333	526	1
3	333	625	1
3	333	669	1
3	333	670	1
3	334	576	1
3	335	545	1
3	336	558	1
3	336	632	1
3	336	653	1
3	336	682	1
3	337	518	1
3	337	651	1
3	337	680	1
3	338	560	1
3	338	566	1
3	338	627	1
3	338	645	1
3	339	626	1
3	339	679	1
3	340	552	1
3	340	577	1
3	340	621	1
3	340	627	1
3	340	659	1
3	340	679	1
3	340	680	1
3	341	550	1
3	341	603	1
3	342	514	1
3	342	533	1
3	342	547	1
3	342	553	1
3	342	572	1
3	342	615	1
3	342	632	1
3	342	651	1
3	342	679	1
3	343	500	1
3	343	507	1
3	343	519	1
3	343	594	1
3	344	516	1
3	344	567	1
3	345	513	1
3	345	568	1
3	345	669	1
3	346	639	1
3	347	553	1
3	347	560	1
3	349	510	1
3	349	529	1
3	349	537	1
3	349	555	1
3	349	595	1
3	349	606	1
3	349	648	1
3	349	680	1
3	350	520	1
3	350	555	1
3	350	592	1
3	350	631	1
3	350	670	1
3	350	675	1
3	350	688	1
3	351	553	1
3	352	510	1
3	352	553	1
3	352	686	1
3	353	500	1
3	353	533	1
3	353	547	1
3	353	607	1
3	353	626	1
3	353	648	1
3	353	655	1
3	354	577	1
3	354	595	1
3	354	632	1
3	354	658	1
3	355	507	1
3	355	603	1
3	355	648	1
3	356	552	1
3	356	555	1
3	356	651	1
3	356	653	1
3	358	544	1
3	359	530	1
3	359	552	1
3	359	571	1
3	359	597	1
3	359	621	1
3	359	631	1
3	359	679	1
3	359	691	1
3	361	533	1
3	361	540	1
3	361	595	1
3	361	602	1
3	362	562	1
3	364	631	1
3	364	642	1
3	364	669	1
3	365	530	1
3	365	686	1
3	366	507	1
3	366	676	1
3	367	606	1
3	367	653	1
3	367	669	1
3	367	674	1
3	367	682	1
3	368	653	1
3	369	552	1
3	369	602	1
3	369	622	1
3	369	638	1
3	369	670	1
3	369	672	1
3	369	679	1
3	369	691	1
3	370	669	1
3	371	523	1
3	371	533	1
3	371	544	1
3	371	548	1
3	371	554	1
3	371	555	1
3	371	565	1
3	371	577	1
3	371	590	1
3	371	603	1
3	371	675	1
3	371	691	1
3	372	515	1
3	372	516	1
3	372	547	1
3	372	566	1
3	372	572	1
3	372	602	1
3	374	651	1
3	375	547	1
3	375	548	1
3	375	602	1
3	376	544	1
3	376	595	1
3	376	648	1
3	376	682	1
3	377	679	1
3	378	518	1
3	379	562	1
3	379	602	1
3	379	632	1
3	379	645	1
3	379	669	1
3	381	516	1
3	381	632	1
3	382	547	1
3	382	669	1
3	383	526	1
3	383	528	1
3	383	537	1
3	383	622	1
3	383	632	1
3	383	639	1
3	383	651	1
3	383	688	1
3	384	507	1
3	384	565	1
3	384	627	1
3	384	648	1
3	384	682	1
3	385	680	1
3	386	516	1
3	386	530	1
3	386	565	1
3	386	572	1
3	386	602	1
3	386	621	1
3	386	634	1
3	386	652	1
3	386	659	1
3	386	672	1
3	387	516	1
3	387	552	1
3	387	632	1
3	388	510	1
3	388	553	1
3	388	648	1
3	388	692	1
3	389	651	1
3	390	500	1
3	390	516	1
3	390	533	1
3	390	577	1
3	391	544	1
3	391	632	1
3	391	659	1
3	391	686	1
3	392	515	1
3	392	682	1
3	393	577	1
3	393	653	1
3	395	615	1
3	395	648	1
3	395	669	1
3	395	682	1
3	395	692	1
3	396	533	1
3	396	559	1
3	396	566	1
3	396	587	1
3	396	590	1
3	396	591	1
3	396	622	1
3	396	626	1
3	396	631	1
3	396	653	1
3	396	676	1
3	397	552	1
3	398	518	1
3	398	544	1
3	398	562	1
3	398	615	1
3	398	652	1
3	399	603	1
3	400	544	1
3	400	560	1
3	400	571	1
3	400	592	1
3	400	648	1
3	400	668	1
3	401	544	1
3	401	669	1
3	402	510	1
3	403	576	1
3	404	499	1
3	404	540	1
3	404	547	1
3	404	680	1
3	404	682	1
3	406	547	1
3	406	553	1
3	406	595	1
3	406	669	1
3	406	670	1
3	407	682	1
3	408	547	1
3	408	572	1
3	408	615	1
3	408	651	1
3	410	631	1
3	410	632	1
3	410	669	1
3	411	679	1
3	412	515	1
3	412	621	1
3	412	632	1
3	413	515	1
3	413	595	1
3	413	621	1
3	413	658	1
3	415	552	1
3	415	553	1
3	417	529	1
3	417	576	1
3	417	670	1
3	417	688	1
3	418	511	1
3	418	514	1
3	418	528	1
3	418	558	1
3	418	562	1
3	418	622	1
3	418	653	1
3	418	688	1
3	418	692	1
3	419	652	1
3	419	682	1
3	419	686	1
3	420	615	1
3	420	680	1
3	421	553	1
3	421	562	1
3	421	597	1
3	421	652	1
3	421	677	1
3	422	572	1
3	422	622	1
3	422	686	1
3	423	519	1
3	423	558	1
3	423	577	1
3	424	577	1
3	424	686	1
3	426	511	1
3	426	548	1
3	426	560	1
3	426	567	1
3	426	572	1
3	426	595	1
3	426	627	1
3	426	631	1
3	426	637	1
3	426	658	1
3	427	533	1
3	427	553	1
3	427	585	1
3	427	615	1
3	427	659	1
3	428	516	1
3	428	547	1
3	428	576	1
3	428	602	1
3	428	603	1
3	429	562	1
3	429	566	1
3	429	580	1
3	430	518	1
3	430	553	1
3	430	621	1
3	430	682	1
3	431	507	1
3	432	572	1
3	432	645	1
3	432	651	1
3	432	672	1
3	434	510	1
3	434	515	1
3	434	653	1
3	434	677	1
3	435	547	1
3	436	530	1
3	436	602	1
3	436	615	1
3	437	567	1
3	437	602	1
3	437	615	1
3	438	632	1
3	438	648	1
3	438	653	1
3	440	510	1
3	440	558	1
3	440	565	1
3	440	571	1
3	440	590	1
3	440	632	1
3	440	653	1
3	440	655	1
3	440	669	1
3	442	580	1
3	442	670	1
3	442	688	1
3	443	510	1
3	443	653	1
3	443	669	1
3	443	688	1
3	444	595	1
3	445	602	1
3	445	632	1
3	445	669	1
3	445	682	1
3	447	540	1
3	447	622	1
3	448	507	1
3	448	518	1
3	448	577	1
3	448	615	1
3	448	621	1
3	448	645	1
3	448	670	1
3	448	686	1
3	450	500	1
3	450	507	1
3	450	510	1
3	450	518	1
3	450	645	1
3	450	651	1
3	451	533	1
3	451	552	1
3	451	562	1
3	451	572	1
3	451	591	1
3	451	606	1
3	451	688	1
3	451	692	1
3	452	572	1
3	452	648	1
3	452	680	1
3	452	692	1
3	453	500	1
3	453	510	1
3	453	547	1
3	453	566	1
3	453	597	1
3	454	507	1
3	454	577	1
3	454	672	1
3	455	544	1
3	455	547	1
3	456	530	1
3	456	560	1
3	456	567	1
3	456	595	1
3	456	679	1
3	457	553	1
3	457	602	1
3	458	516	1
3	458	530	1
3	458	547	1
3	458	615	1
3	458	631	1
3	459	530	1
3	459	544	1
3	459	552	1
3	459	572	1
3	459	669	1
3	459	688	1
3	460	553	1
3	460	670	1
3	460	686	1
3	461	516	1
3	461	669	1
3	461	682	1
3	462	497	1
3	462	550	1
3	463	519	1
3	463	538	1
3	464	507	1
3	464	533	1
3	464	544	1
3	464	553	1
3	464	615	1
3	464	645	1
3	464	651	1
3	464	679	1
3	466	615	1
3	467	679	1
3	469	528	1
3	469	553	1
3	469	568	1
3	469	577	1
3	469	595	1
3	469	602	1
3	469	622	1
3	469	625	1
3	469	627	1
3	469	631	1
3	469	669	1
3	470	516	1
3	470	530	1
3	470	533	1
3	470	547	1
3	470	553	1
3	470	562	1
3	470	602	1
3	470	631	1
3	470	658	1
3	472	547	1
3	472	562	1
3	472	566	1
3	472	595	1
3	472	627	1
3	472	631	1
3	472	688	1
3	473	507	1
3	473	570	1
3	473	682	1
3	474	518	1
3	474	547	1
3	474	577	1
3	474	602	1
3	474	627	1
3	474	631	1
3	474	658	1
3	474	672	1
3	475	548	1
3	476	621	1
3	477	547	1
3	478	513	1
3	478	519	1
3	478	548	1
3	478	554	1
3	478	572	1
3	478	581	1
3	478	591	1
3	478	605	1
3	478	606	1
3	478	659	1
3	478	674	1
3	478	692	1
3	479	566	1
3	479	651	1
3	479	682	1
3	481	669	1
3	481	686	1
3	481	692	1
3	482	552	1
3	482	553	1
3	483	515	1
3	483	528	1
3	483	537	1
3	483	572	1
3	483	590	1
3	483	679	1
3	484	507	1
3	484	516	1
3	484	547	1
3	484	552	1
3	485	569	1
3	486	516	1
3	486	676	1
3	487	520	1
3	487	553	1
3	487	581	1
3	487	659	1
3	487	669	1
3	487	691	1
3	488	520	1
3	488	530	1
3	488	560	1
3	488	595	1
3	488	625	1
3	488	645	1
3	488	669	1
3	489	540	1
3	489	576	1
3	489	621	1
3	489	679	1
3	490	590	1
3	490	602	1
3	490	632	1
3	490	634	1
3	490	669	1
3	490	688	1
3	490	692	1
3	491	507	1
3	491	529	1
3	491	572	1
3	491	577	1
3	491	645	1
3	154	646	0
3	192	502	0
3	345	587	0
3	171	663	0
3	149	567	0
3	167	536	0
3	355	537	0
3	10	673	0
3	459	647	0
3	156	511	0
3	162	580	0
3	288	640	0
3	223	546	0
3	110	681	0
3	410	617	0
3	403	521	0
3	148	689	0
3	280	636	0
3	148	637	0
3	328	618	0
3	226	670	0
3	411	689	0
3	246	650	0
3	240	660	0
3	41	542	0
3	424	637	0
3	71	687	0
3	281	610	0
3	124	656	0
3	139	628	0
3	434	616	0
3	91	646	0
3	461	603	0
3	455	537	0
3	443	526	0
3	176	685	0
3	9	628	0
3	336	522	0
3	287	583	0
3	110	610	0
3	337	494	0
3	43	539	0
3	458	575	0
3	440	512	0
3	237	671	0
3	219	546	0
3	6	493	0
3	436	604	0
3	39	618	0
3	254	512	0
3	50	537	0
3	150	510	0
3	57	501	0
3	279	506	0
3	376	614	0
3	373	495	0
3	162	649	0
3	15	556	0
3	153	545	0
3	210	650	0
3	397	617	0
3	408	539	0
3	84	668	0
3	365	605	0
3	353	612	0
3	310	690	0
3	247	607	0
3	132	676	0
3	164	559	0
3	116	556	0
3	243	508	0
3	455	512	0
3	210	587	0
3	225	495	0
3	33	620	0
3	404	618	0
3	277	543	0
3	179	540	0
3	429	643	0
3	297	604	0
3	143	495	0
3	391	497	0
3	249	586	0
3	490	648	0
3	252	596	0
3	1	667	0
3	365	610	0
3	220	579	0
3	197	563	0
3	111	627	0
3	197	609	0
3	16	492	0
3	481	598	0
3	312	585	0
3	477	609	0
3	213	549	0
3	280	505	0
3	136	509	0
3	303	534	0
3	264	675	0
3	157	672	0
3	251	670	0
3	420	611	0
3	153	607	0
3	24	522	0
3	234	493	0
3	261	517	0
3	364	610	0
3	457	574	0
3	34	512	0
3	112	525	0
3	235	579	0
3	235	503	0
3	265	578	0
3	439	684	0
3	123	542	0
3	420	495	0
3	435	622	0
3	455	634	0
3	412	665	0
3	9	593	0
3	360	664	0
3	306	531	0
3	272	634	0
3	5	612	0
3	432	578	0
3	147	545	0
3	257	638	0
3	479	680	0
3	73	502	0
3	423	609	0
3	263	644	0
3	440	573	0
3	463	609	0
3	125	610	0
3	315	540	0
3	335	538	0
3	243	641	0
3	265	590	0
3	395	676	0
3	89	499	0
3	11	529	0
3	466	638	0
3	375	620	0
3	115	570	0
3	102	654	0
3	383	567	0
3	352	668	0
3	184	595	0
3	429	600	0
3	183	525	0
3	68	588	0
3	138	633	0
3	242	605	0
3	375	585	0
3	99	673	0
3	77	674	0
3	429	535	0
3	456	561	0
3	455	608	0
3	45	665	0
3	130	672	0
3	240	559	0
3	452	654	0
3	481	665	0
3	363	519	0
3	357	597	0
3	33	633	0
3	244	650	0
3	381	664	0
3	426	668	0
3	218	514	0
3	394	601	0
3	292	545	0
3	49	514	0
3	199	571	0
3	160	629	0
3	424	684	0
3	359	593	0
3	489	620	0
3	151	546	0
3	459	492	0
3	212	641	0
3	260	592	0
3	432	529	0
3	94	590	0
3	334	512	0
3	441	641	0
3	46	623	0
3	431	593	0
3	373	641	0
3	188	527	0
3	421	617	0
3	32	494	0
3	31	591	0
3	214	549	0
3	276	650	0
3	132	664	0
3	394	546	0
3	375	609	0
3	169	555	0
3	340	616	0
3	286	598	0
3	341	531	0
3	155	616	0
3	443	501	0
3	294	578	0
3	49	607	0
3	143	598	0
3	280	591	0
3	175	642	0
3	11	663	0
3	287	509	0
3	37	684	0
3	337	681	0
3	191	495	0
3	60	635	0
3	76	675	0
3	487	626	0
3	379	646	0
3	203	500	0
3	480	669	0
3	292	543	0
3	398	540	0
3	312	509	0
3	245	593	0
3	307	578	0
3	173	628	0
3	255	666	0
3	487	672	0
3	163	525	0
3	47	673	0
3	307	634	0
3	457	618	0
3	474	667	0
3	260	611	0
3	484	665	0
3	31	616	0
3	169	667	0
3	413	576	0
3	216	636	0
3	3	564	0
3	34	667	0
3	11	650	0
3	317	561	0
3	140	596	0
3	38	535	0
3	453	581	0
3	215	525	0
3	171	494	0
3	321	615	0
3	193	503	0
3	172	670	0
3	187	495	0
3	185	625	0
3	215	622	0
3	317	683	0
3	309	495	0
3	39	492	0
3	247	680	0
3	481	500	0
3	339	551	0
3	60	579	0
3	190	513	0
3	73	617	0
3	474	620	0
3	39	521	0
3	245	544	0
3	10	611	0
3	100	628	0
3	468	578	0
3	38	595	0
3	490	641	0
3	368	646	0
3	305	621	0
3	135	511	0
3	289	618	0
3	16	571	0
3	229	512	0
3	396	685	0
3	148	494	0
3	391	630	0
3	208	542	0
3	26	608	0
3	299	656	0
3	432	594	0
3	245	592	0
3	329	512	0
3	343	677	0
3	270	644	0
3	302	541	0
3	184	529	0
3	96	562	0
3	388	624	0
3	304	642	0
3	491	691	0
3	393	644	0
3	147	659	0
3	313	551	0
3	398	681	0
3	15	523	0
3	352	578	0
3	433	598	0
3	144	585	0
3	71	564	0
3	456	667	0
3	217	510	0
3	110	596	0
3	159	616	0
3	224	654	0
3	382	656	0
3	347	546	0
3	345	573	0
3	215	596	0
3	243	583	0
3	51	647	0
3	373	579	0
3	87	546	0
3	431	658	0
3	480	592	0
3	328	640	0
3	364	529	0
3	30	579	0
3	106	638	0
3	72	662	0
3	206	571	0
3	393	665	0
3	39	617	0
3	279	512	0
3	164	653	0
3	63	617	0
3	230	627	0
3	9	606	0
3	205	511	0
3	241	492	0
3	209	583	0
3	115	672	0
3	418	661	0
3	170	639	0
3	301	615	0
3	466	521	0
3	78	635	0
3	66	542	0
3	12	681	0
3	298	689	0
3	358	676	0
3	379	563	0
3	216	529	0
3	390	671	0
3	189	662	0
3	160	619	0
3	313	580	0
3	479	546	0
3	362	688	0
3	211	499	0
3	463	616	0
3	436	654	0
3	409	577	0
3	58	514	0
3	323	599	0
3	309	570	0
3	39	564	0
3	65	535	0
3	204	506	0
3	96	665	0
3	332	670	0
3	49	594	0
3	91	641	0
3	100	683	0
3	111	566	0
3	269	503	0
3	317	585	0
3	53	520	0
3	114	685	0
3	263	632	0
3	0	622	0
3	258	493	0
3	129	499	0
3	356	558	0
3	355	638	0
3	480	521	0
3	168	566	0
3	159	551	0
3	50	663	0
3	74	587	0
3	118	594	0
3	387	539	0
3	408	617	0
3	456	614	0
3	426	617	0
3	126	545	0
3	247	609	0
3	444	584	0
3	50	623	0
3	80	557	0
3	83	508	0
3	265	599	0
3	241	585	0
3	469	502	0
3	125	508	0
3	412	631	0
3	129	498	0
3	11	640	0
3	188	494	0
3	418	527	0
3	408	633	0
3	246	532	0
3	238	515	0
3	14	658	0
3	328	670	0
3	391	499	0
3	148	668	0
3	31	663	0
3	173	629	0
3	240	668	0
3	249	656	0
3	186	542	0
3	409	585	0
3	401	520	0
3	123	563	0
3	462	692	0
3	306	504	0
3	460	517	0
3	462	534	0
3	469	617	0
3	210	595	0
3	9	523	0
3	371	557	0
3	393	518	0
3	139	522	0
3	112	589	0
3	273	524	0
3	274	504	0
3	44	616	0
3	453	664	0
3	460	601	0
3	476	496	0
3	242	654	0
3	377	581	0
3	24	511	0
3	201	603	0
3	174	592	0
3	429	567	0
3	134	528	0
3	205	524	0
3	62	690	0
3	43	522	0
3	109	554	0
3	66	532	0
3	147	496	0
3	427	561	0
3	273	668	0
3	441	585	0
3	101	628	0
3	102	641	0
3	269	612	0
3	175	607	0
3	401	609	0
3	42	519	0
3	179	525	0
3	107	661	0
3	425	644	0
3	211	657	0
3	484	565	0
3	355	546	0
3	434	604	0
3	123	502	0
3	245	605	0
3	140	565	0
3	202	563	0
3	61	689	0
3	266	654	0
3	374	596	0
3	440	587	0
3	455	689	0
3	7	684	0
3	353	610	0
3	444	677	0
3	421	640	0
3	277	678	0
3	57	649	0
3	212	649	0
3	322	492	0
3	423	643	0
3	313	589	0
3	311	677	0
3	100	675	0
3	292	594	0
3	415	589	0
3	7	646	0
3	274	616	0
3	306	495	0
3	217	570	0
3	439	565	0
3	391	579	0
3	394	603	0
3	49	554	0
3	185	498	0
3	119	566	0
3	378	587	0
3	297	531	0
3	142	537	0
3	283	492	0
3	189	592	0
3	163	607	0
3	290	505	0
3	146	535	0
3	166	681	0
3	143	641	0
3	40	537	0
3	163	588	0
3	94	647	0
3	454	535	0
3	289	646	0
3	116	609	0
3	44	647	0
3	362	531	0
3	36	656	0
3	176	620	0
3	256	565	0
3	426	517	0
3	238	602	0
3	128	668	0
3	45	589	0
3	76	630	0
3	373	601	0
3	160	677	0
3	286	682	0
3	435	596	0
3	120	559	0
3	270	677	0
3	487	588	0
3	342	647	0
3	199	612	0
3	332	637	0
3	284	564	0
3	76	668	0
3	316	633	0
3	169	530	0
3	52	517	0
3	425	675	0
3	338	561	0
3	52	502	0
3	281	674	0
3	464	665	0
3	311	570	0
3	480	637	0
3	115	528	0
3	336	660	0
3	138	617	0
3	191	566	0
3	6	532	0
3	22	649	0
3	447	502	0
3	348	657	0
3	9	504	0
3	479	571	0
3	301	649	0
3	255	606	0
3	258	624	0
3	117	661	0
3	489	622	0
3	62	588	0
3	85	497	0
3	189	655	0
3	214	635	0
3	458	657	0
3	426	630	0
3	307	564	0
3	389	599	0
3	486	690	0
3	431	648	0
3	476	515	0
3	113	538	0
3	140	614	0
3	384	607	0
3	288	679	0
3	35	511	0
3	197	641	0
3	197	605	0
3	226	599	0
3	176	633	0
3	416	578	0
3	336	554	0
3	15	600	0
3	31	676	0
3	333	671	0
3	222	505	0
3	16	623	0
3	483	549	0
3	6	634	0
3	354	599	0
3	208	667	0
3	170	526	0
3	139	661	0
3	16	671	0
3	30	608	0
3	389	578	0
3	478	543	0
3	121	667	0
3	278	512	0
3	323	642	0
3	88	612	0
3	165	678	0
3	387	554	0
3	126	656	0
3	393	578	0
3	316	648	0
3	476	560	0
3	267	651	0
3	73	535	0
3	279	606	0
3	218	670	0
3	77	560	0
3	207	579	0
3	231	629	0
3	368	621	0
3	151	524	0
3	220	592	0
3	143	657	0
3	233	593	0
3	353	613	0
3	255	654	0
3	412	656	0
3	124	639	0
3	77	587	0
3	243	614	0
3	127	624	0
3	414	624	0
3	412	623	0
3	352	575	0
3	170	530	0
3	395	614	0
3	106	630	0
3	111	639	0
3	89	620	0
3	77	515	0
3	365	510	0
3	257	541	0
3	297	634	0
3	317	601	0
3	280	551	0
3	197	662	0
3	104	579	0
3	180	686	0
3	322	512	0
3	78	672	0
3	425	597	0
3	231	520	0
3	219	589	0
3	414	688	0
3	275	539	0
3	5	526	0
3	151	569	0
3	373	586	0
3	443	513	0
3	425	642	0
3	70	667	0
3	125	606	0
3	111	525	0
3	276	633	0
3	243	633	0
3	120	508	0
3	94	500	0
3	355	617	0
3	394	634	0
3	226	588	0
3	468	595	0
3	187	524	0
3	421	689	0
3	488	589	0
3	424	514	0
3	272	504	0
3	86	623	0
3	123	689	0
3	387	673	0
3	427	642	0
3	97	637	0
3	181	608	0
3	267	531	0
3	56	586	0
3	304	575	0
3	405	648	0
3	135	630	0
3	115	506	0
3	275	689	0
3	363	562	0
3	212	545	0
3	255	638	0
3	380	521	0
3	94	571	0
3	97	614	0
3	363	503	0
3	134	641	0
3	20	593	0
3	132	690	0
3	284	560	0
3	320	574	0
3	420	492	0
3	295	636	0
3	347	677	0
3	462	647	0
3	391	561	0
3	99	582	0
3	138	497	0
3	173	559	0
3	464	577	0
3	256	624	0
3	251	591	0
3	3	493	0
3	263	515	0
3	43	529	0
3	445	492	0
3	38	590	0
3	328	596	0
3	276	506	0
3	31	528	0
3	151	565	0
3	375	639	0
3	389	542	0
3	119	660	0
3	288	515	0
3	15	576	0
3	150	689	0
3	138	620	0
3	443	579	0
3	208	613	0
3	399	581	0
3	203	654	0
3	384	503	0
3	98	632	0
3	473	497	0
3	144	635	0
3	54	565	0
3	477	626	0
3	278	580	0
3	247	519	0
3	325	514	0
3	56	631	0
3	135	588	0
3	310	648	0
3	436	676	0
3	406	546	0
3	108	510	0
3	123	668	0
3	172	658	0
3	387	521	0
3	327	561	0
3	79	553	0
3	485	577	0
3	68	656	0
3	367	644	0
3	387	658	0
3	329	668	0
3	453	583	0
3	94	560	0
3	28	579	0
3	363	639	0
3	408	523	0
3	368	539	0
3	342	531	0
3	322	509	0
3	253	540	0
3	459	642	0
3	75	541	0
3	77	532	0
3	370	522	0
3	437	497	0
3	4	601	0
3	181	609	0
3	473	598	0
3	232	670	0
3	332	514	0
3	48	571	0
3	49	575	0
3	304	645	0
3	201	493	0
3	95	573	0
3	485	643	0
3	454	559	0
3	60	517	0
3	324	611	0
3	224	543	0
3	410	690	0
3	10	551	0
3	407	532	0
3	219	663	0
3	227	605	0
3	423	531	0
3	314	605	0
3	398	663	0
3	491	527	0
3	26	506	0
3	88	654	0
3	37	655	0
3	400	493	0
3	141	643	0
3	144	628	0
3	481	565	0
3	444	521	0
3	447	557	0
3	95	587	0
3	385	560	0
3	8	544	0
3	138	493	0
3	297	527	0
3	41	597	0
3	433	538	0
3	202	657	0
3	206	661	0
3	465	546	0
3	191	502	0
3	472	634	0
3	210	515	0
3	1	498	0
3	33	619	0
3	303	587	0
3	116	652	0
3	393	648	0
3	52	549	0
3	296	668	0
3	11	664	0
3	41	505	0
3	363	509	0
3	340	556	0
3	485	510	0
3	74	636	0
3	435	663	0
3	384	675	0
3	450	537	0
3	414	564	0
3	338	511	0
3	157	520	0
3	413	642	0
3	286	657	0
3	256	652	0
3	461	569	0
3	450	689	0
3	414	581	0
3	144	504	0
3	82	492	0
3	402	646	0
3	143	631	0
3	240	628	0
3	121	631	0
3	285	610	0
3	125	578	0
3	237	605	0
3	413	534	0
3	340	597	0
3	302	569	0
3	305	594	0
3	181	563	0
3	361	525	0
3	469	601	0
3	417	652	0
3	317	541	0
3	203	690	0
3	179	660	0
3	460	503	0
3	300	614	0
3	479	538	0
3	84	655	0
3	199	649	0
3	155	613	0
3	280	589	0
3	412	520	0
3	265	587	0
3	104	637	0
3	423	649	0
3	407	513	0
3	462	608	0
3	306	689	0
3	188	612	0
3	442	640	0
3	206	649	0
3	455	529	0
3	69	624	0
3	438	496	0
3	77	665	0
3	424	590	0
3	45	494	0
3	232	501	0
3	77	608	0
3	51	527	0
3	477	592	0
3	409	685	0
3	470	576	0
3	96	684	0
3	274	517	0
3	370	503	0
3	46	584	0
3	190	546	0
3	359	661	0
3	158	563	0
3	45	640	0
3	427	622	0
3	40	554	0
3	293	596	0
3	289	582	0
3	410	535	0
3	19	683	0
3	218	532	0
3	23	640	0
3	44	498	0
3	314	534	0
3	316	681	0
3	341	639	0
3	391	607	0
3	235	684	0
3	292	691	0
3	168	612	0
3	5	509	0
3	417	527	0
3	46	568	0
3	63	661	0
3	1	616	0
3	288	496	0
3	104	652	0
3	55	493	0
3	178	571	0
3	61	546	0
3	126	673	0
3	73	527	0
3	457	600	0
3	268	589	0
3	485	550	0
3	103	540	0
3	415	687	0
3	134	612	0
3	458	545	0
3	154	511	0
3	70	611	0
3	184	549	0
3	84	549	0
3	405	644	0
3	122	643	0
3	351	514	0
3	350	667	0
3	57	609	0
3	142	587	0
3	138	558	0
3	439	611	0
3	438	597	0
3	327	647	0
3	285	519	0
3	10	561	0
3	138	525	0
3	295	513	0
3	410	687	0
3	210	677	0
3	399	615	0
3	276	666	0
3	63	543	0
3	331	557	0
3	457	610	0
3	130	643	0
3	12	534	0
3	257	519	0
3	226	582	0
3	448	571	0
3	451	640	0
3	429	594	0
3	122	589	0
3	480	589	0
3	302	570	0
3	187	526	0
3	45	524	0
3	39	571	0
3	270	542	0
3	196	557	0
3	156	594	0
3	261	673	0
3	470	600	0
3	241	647	0
3	15	582	0
3	313	663	0
3	373	681	0
3	270	608	0
3	288	576	0
3	476	555	0
3	92	539	0
3	375	672	0
3	232	689	0
3	31	645	0
3	177	512	0
3	448	660	0
3	317	655	0
3	366	689	0
3	191	563	0
3	149	582	0
3	445	643	0
3	40	557	0
3	270	511	0
3	181	527	0
3	321	551	0
3	177	616	0
3	338	687	0
3	114	661	0
3	113	655	0
3	61	584	0
3	24	622	0
3	97	640	0
3	486	567	0
3	41	554	0
3	67	542	0
3	69	687	0
3	114	627	0
3	112	493	0
3	484	683	0
3	348	581	0
3	468	524	0
3	166	542	0
3	248	623	0
3	161	667	0
3	193	588	0
3	252	575	0
3	206	583	0
3	68	541	0
3	1	578	0
3	436	564	0
3	190	562	0
3	246	598	0
3	62	664	0
3	341	577	0
3	43	563	0
3	205	553	0
3	422	510	0
3	468	616	0
3	489	565	0
3	151	589	0
3	434	655	0
3	423	661	0
3	280	584	0
3	445	556	0
3	93	687	0
3	318	666	0
3	280	561	0
3	55	644	0
3	272	524	0
3	161	541	0
3	176	531	0
3	326	630	0
3	381	594	0
3	6	643	0
3	206	582	0
3	283	530	0
3	196	570	0
3	372	630	0
3	377	647	0
3	396	586	0
3	81	579	0
3	254	611	0
3	82	543	0
3	213	533	0
3	360	590	0
3	481	614	0
3	173	691	0
3	152	569	0
3	351	615	0
3	471	639	0
3	25	686	0
3	55	638	0
3	154	503	0
3	331	628	0
3	335	593	0
3	284	654	0
3	469	539	0
3	6	501	0
3	18	558	0
3	298	537	0
3	103	581	0
3	247	501	0
3	252	551	0
3	9	611	0
3	428	608	0
3	487	513	0
3	116	664	0
3	119	615	0
3	309	508	0
3	453	575	0
3	20	545	0
3	178	539	0
3	472	502	0
3	143	673	0
3	160	546	0
3	432	536	0
3	130	514	0
3	341	524	0
3	406	592	0
3	42	689	0
3	353	596	0
3	223	671	0
3	2	588	0
3	90	592	0
3	226	590	0
3	51	568	0
3	349	647	0
3	117	678	0
3	197	655	0
3	70	623	0
3	261	642	0
3	92	584	0
3	91	677	0
3	415	499	0
3	401	495	0
3	227	634	0
3	187	637	0
3	196	670	0
3	475	494	0
3	305	520	0
3	281	567	0
3	139	514	0
3	323	581	0
3	46	648	0
3	25	619	0
3	314	568	0
3	445	618	0
3	15	535	0
3	44	528	0
3	134	618	0
3	261	658	0
3	461	657	0
3	352	595	0
3	83	565	0
3	274	609	0
3	152	676	0
3	47	640	0
3	194	642	0
3	125	677	0
3	303	601	0
3	397	519	0
3	194	578	0
3	453	644	0
3	64	496	0
3	67	520	0
3	2	642	0
3	285	646	0
3	366	591	0
3	354	501	0
3	112	623	0
3	432	656	0
3	302	676	0
3	143	578	0
3	361	619	0
3	238	630	0
3	403	639	0
3	155	531	0
3	11	511	0
3	193	613	0
3	196	502	0
3	427	608	0
3	221	617	0
3	164	635	0
3	268	539	0
3	80	546	0
3	261	567	0
3	87	498	0
3	341	691	0
3	171	638	0
3	339	502	0
3	328	642	0
3	143	533	0
3	273	502	0
3	237	522	0
3	172	606	0
3	82	544	0
3	378	523	0
3	429	591	0
3	429	541	0
3	69	650	0
3	169	523	0
3	425	500	0
3	124	504	0
3	491	622	0
3	148	597	0
3	472	569	0
3	156	673	0
3	4	622	0
3	298	539	0
3	66	677	0
3	229	643	0
3	181	531	0
3	204	551	0
3	216	571	0
3	355	567	0
3	221	578	0
3	174	556	0
3	301	620	0
3	404	503	0
3	348	654	0
3	92	568	0
3	467	579	0
3	155	564	0
3	377	655	0
3	464	506	0
3	217	667	0
3	304	499	0
3	7	641	0
3	225	642	0
3	438	567	0
3	163	537	0
3	60	541	0
3	229	522	0
3	286	505	0
3	402	603	0
3	361	597	0
3	263	629	0
3	316	658	0
3	272	584	0
3	185	649	0
3	51	497	0
3	441	575	0
3	20	678	0
3	170	634	0
3	83	517	0
3	443	663	0
3	214	628	0
3	318	654	0
3	263	642	0
3	19	598	0
3	470	662	0
3	485	664	0
3	311	531	0
3	268	551	0
3	439	512	0
3	227	667	0
3	416	505	0
3	461	630	0
3	201	587	0
3	106	644	0
3	24	568	0
3	341	656	0
3	288	651	0
3	22	622	0
3	404	584	0
3	276	527	0
3	193	635	0
3	69	548	0
3	405	681	0
3	97	623	0
3	413	586	0
3	66	550	0
3	357	530	0
3	46	596	0
3	175	686	0
3	226	613	0
3	192	496	0
3	430	574	0
3	314	551	0
3	189	503	0
3	485	574	0
3	329	550	0
3	68	670	0
3	414	672	0
3	455	493	0
3	258	618	0
3	417	492	0
3	72	567	0
3	77	619	0
3	470	495	0
3	93	544	0
3	442	604	0
3	481	514	0
3	224	685	0
3	350	502	0
3	409	671	0
3	436	678	0
3	200	626	0
3	329	575	0
3	228	629	0
3	140	499	0
3	228	500	0
3	374	611	0
3	439	496	0
3	363	556	0
3	177	617	0
3	138	667	0
3	359	654	0
3	93	573	0
3	345	543	0
3	161	525	0
3	307	495	0
3	425	521	0
3	163	589	0
3	250	672	0
3	142	530	0
3	379	639	0
3	80	660	0
3	474	525	0
3	221	582	0
3	358	606	0
3	158	609	0
3	74	494	0
3	341	623	0
3	124	604	0
3	185	646	0
3	351	667	0
3	454	650	0
3	219	548	0
3	211	612	0
3	376	557	0
3	312	654	0
3	405	589	0
3	351	563	0
3	471	613	0
3	441	551	0
3	277	549	0
3	7	501	0
3	197	568	0
3	378	592	0
3	356	644	0
3	347	568	0
3	418	685	0
3	340	534	0
3	227	565	0
3	87	621	0
3	203	504	0
3	442	647	0
3	429	497	0
3	469	494	0
3	289	682	0
3	36	509	0
3	467	557	0
3	226	521	0
3	146	493	0
3	398	493	0
3	147	568	0
3	70	536	0
3	19	580	0
3	217	495	0
3	86	509	0
3	35	622	0
3	317	588	0
3	270	553	0
3	188	593	0
3	294	649	0
3	192	512	0
3	461	618	0
3	129	549	0
3	254	584	0
3	480	507	0
3	61	508	0
3	107	569	0
3	362	501	0
3	136	681	0
3	430	684	0
3	270	618	0
3	326	495	0
3	391	629	0
3	177	573	0
3	201	660	0
3	404	529	0
3	480	594	0
3	379	550	0
3	268	508	0
3	454	637	0
3	318	524	0
3	376	543	0
3	70	628	0
3	385	636	0
3	29	628	0
3	203	660	0
3	105	539	0
3	378	499	0
3	401	549	0
3	389	688	0
3	184	513	0
3	50	524	0
3	466	680	0
3	49	610	0
3	31	576	0
3	69	568	0
3	292	600	0
3	371	585	0
3	37	561	0
3	145	644	0
3	430	619	0
3	251	672	0
3	319	523	0
3	286	609	0
3	475	503	0
3	168	556	0
3	167	656	0
3	109	612	0
3	475	687	0
3	349	508	0
3	396	593	0
3	49	548	0
3	200	644	0
3	322	692	0
3	164	545	0
3	442	567	0
3	367	675	0
3	243	536	0
3	134	615	0
3	276	636	0
3	367	584	0
3	388	569	0
3	157	578	0
3	38	687	0
3	342	546	0
3	287	564	0
3	159	641	0
3	82	602	0
3	95	513	0
3	334	652	0
3	134	495	0
3	185	536	0
3	489	662	0
3	186	597	0
3	24	665	0
3	194	610	0
3	95	517	0
3	363	499	0
3	85	664	0
3	89	584	0
3	89	657	0
3	286	580	0
3	461	649	0
3	205	669	0
3	248	515	0
3	420	508	0
3	315	678	0
3	248	664	0
3	359	640	0
3	63	660	0
3	75	588	0
3	55	528	0
3	280	668	0
3	2	621	0
3	288	635	0
3	275	535	0
3	216	631	0
3	484	536	0
3	372	528	0
3	158	552	0
3	180	689	0
3	16	557	0
3	74	675	0
3	394	618	0
3	166	667	0
3	110	549	0
3	300	511	0
3	107	537	0
3	181	499	0
3	377	535	0
3	324	661	0
3	475	571	0
3	259	512	0
3	411	666	0
3	289	567	0
3	220	535	0
3	84	621	0
3	372	691	0
3	263	508	0
3	253	643	0
3	335	610	0
3	219	659	0
3	164	633	0
3	194	566	0
3	477	506	0
3	427	665	0
3	112	604	0
3	176	580	0
3	372	608	0
3	474	551	0
3	352	513	0
3	323	614	0
3	465	619	0
3	460	628	0
3	456	563	0
3	214	510	0
3	401	663	0
3	336	636	0
3	375	665	0
3	473	545	0
3	56	509	0
3	305	662	0
3	397	597	0
3	100	582	0
3	454	627	0
3	267	639	0
3	318	642	0
3	34	687	0
3	70	678	0
3	314	633	0
3	140	557	0
3	251	614	0
3	352	590	0
3	281	658	0
3	59	687	0
3	222	586	0
3	235	616	0
3	427	628	0
3	47	537	0
3	368	561	0
3	466	511	0
3	486	577	0
3	232	605	0
3	317	571	0
3	331	619	0
3	467	540	0
3	476	576	0
3	261	684	0
3	177	601	0
3	349	641	0
3	75	616	0
3	232	642	0
3	486	625	0
3	442	534	0
3	234	615	0
3	476	499	0
3	446	684	0
3	163	570	0
3	96	671	0
3	314	579	0
3	133	599	0
3	260	634	0
3	443	672	0
3	426	661	0
3	42	543	0
3	138	494	0
3	78	524	0
3	366	543	0
3	451	525	0
3	386	666	0
3	215	664	0
3	69	517	0
3	134	531	0
3	83	540	0
3	315	494	0
3	137	585	0
3	303	499	0
3	246	588	0
3	389	675	0
3	442	614	0
3	400	616	0
3	152	522	0
3	156	655	0
3	150	662	0
3	488	509	0
3	204	550	0
3	429	629	0
3	259	520	0
3	229	532	0
3	461	584	0
3	166	539	0
3	84	626	0
3	308	582	0
3	234	612	0
3	138	611	0
3	7	503	0
3	387	576	0
3	333	585	0
3	413	525	0
3	447	538	0
3	325	609	0
3	312	621	0
3	254	501	0
3	322	534	0
3	216	526	0
3	409	606	0
3	74	556	0
3	53	670	0
3	212	616	0
3	304	650	0
3	275	541	0
3	110	545	0
3	408	610	0
3	247	513	0
3	16	589	0
3	102	631	0
3	81	623	0
3	370	674	0
3	338	630	0
3	379	640	0
3	429	619	0
3	418	531	0
3	425	595	0
3	450	642	0
3	405	569	0
3	387	557	0
3	234	564	0
3	173	607	0
3	480	661	0
3	25	512	0
3	94	588	0
3	21	613	0
3	437	493	0
3	203	505	0
3	262	537	0
3	45	497	0
3	313	597	0
3	164	589	0
3	381	630	0
3	402	558	0
3	490	585	0
3	174	644	0
3	123	603	0
3	355	539	0
3	227	647	0
3	326	660	0
3	221	686	0
3	189	591	0
3	197	520	0
3	399	529	0
3	108	626	0
3	347	613	0
3	60	624	0
3	282	514	0
3	96	611	0
3	259	561	0
3	358	604	0
3	226	605	0
3	213	509	0
3	414	538	0
3	133	564	0
3	350	496	0
3	397	495	0
3	386	681	0
3	30	664	0
3	438	504	0
3	264	526	0
3	257	537	0
3	268	629	0
3	472	534	0
3	272	668	0
3	18	646	0
3	347	650	0
3	287	497	0
3	409	542	0
3	413	628	0
3	181	502	0
3	420	645	0
3	415	660	0
3	119	562	0
3	77	684	0
3	303	504	0
3	460	571	0
3	126	674	0
3	153	608	0
3	230	535	0
3	85	665	0
3	71	633	0
3	390	593	0
3	383	614	0
3	81	675	0
3	335	665	0
3	250	650	0
3	375	674	0
3	288	495	0
3	182	684	0
3	410	564	0
3	399	532	0
3	216	538	0
3	130	681	0
3	54	536	0
3	41	639	0
3	222	494	0
3	196	506	0
3	454	537	0
3	406	611	0
3	405	577	0
3	173	560	0
3	21	498	0
3	407	521	0
3	83	585	0
3	146	639	0
3	383	650	0
3	62	625	0
3	333	598	0
3	14	601	0
3	247	579	0
3	375	582	0
3	46	617	0
3	288	523	0
3	200	592	0
3	42	576	0
3	308	662	0
3	284	611	0
3	136	519	0
3	104	523	0
3	14	681	0
3	337	511	0
3	118	689	0
3	473	643	0
3	95	626	0
3	26	597	0
3	256	545	0
3	306	611	0
3	426	536	0
3	265	523	0
3	335	660	0
3	16	582	0
3	329	685	0
3	489	619	0
3	434	535	0
3	131	668	0
3	33	532	0
3	282	620	0
3	412	643	0
3	105	623	0
3	107	655	0
3	451	646	0
3	164	615	0
3	199	493	0
3	386	528	0
3	258	577	0
3	213	592	0
3	423	668	0
3	257	524	0
3	138	524	0
3	187	560	0
3	233	579	0
3	213	652	0
3	73	601	0
3	359	542	0
3	252	501	0
3	277	650	0
3	115	563	0
3	311	660	0
3	366	498	0
3	51	679	0
3	3	586	0
3	349	495	0
3	148	560	0
3	208	528	0
3	292	521	0
3	477	522	0
3	302	686	0
3	382	549	0
3	453	561	0
3	186	642	0
3	273	684	0
3	257	653	0
3	265	606	0
3	460	683	0
3	186	690	0
3	285	691	0
3	206	673	0
3	45	556	0
3	272	549	0
3	231	634	0
3	126	629	0
3	167	512	0
3	42	678	0
3	45	565	0
3	248	581	0
3	414	665	0
3	402	623	0
3	229	539	0
3	354	683	0
3	13	588	0
3	185	648	0
3	112	556	0
3	366	540	0
3	19	541	0
3	72	591	0
3	363	502	0
3	172	556	0
3	410	510	0
3	194	554	0
3	407	525	0
3	409	673	0
3	52	670	0
3	464	681	0
3	39	584	0
3	252	592	0
3	342	672	0
3	285	666	0
3	55	523	0
3	13	664	0
3	239	535	0
3	219	684	0
3	152	549	0
3	284	668	0
4	1	602	1
4	3	507	1
4	3	520	1
4	3	530	1
4	3	553	1
4	3	558	1
4	3	559	1
4	4	507	1
4	4	547	1
4	4	553	1
4	4	692	1
4	5	516	1
4	5	682	1
4	7	547	1
4	9	516	1
4	9	682	1
4	10	507	1
4	10	520	1
4	10	553	1
4	10	558	1
4	10	559	1
4	10	692	1
4	18	516	1
4	18	682	1
4	19	507	1
4	19	542	1
4	19	560	1
4	19	566	1
4	19	577	1
4	22	542	1
4	22	566	1
4	26	547	1
4	32	533	1
4	32	562	1
4	35	542	1
4	35	566	1
4	36	542	1
4	36	566	1
4	43	621	1
4	44	583	1
4	44	597	1
4	49	507	1
4	49	547	1
4	49	553	1
4	50	507	1
4	50	547	1
4	50	553	1
4	53	627	1
4	55	516	1
4	55	682	1
4	56	621	1
4	57	544	1
4	57	547	1
4	57	632	1
4	58	577	1
4	60	544	1
4	60	547	1
4	60	632	1
4	62	621	1
4	64	544	1
4	64	632	1
4	65	507	1
4	65	520	1
4	65	530	1
4	65	547	1
4	65	553	1
4	65	559	1
4	65	692	1
4	67	553	1
4	68	621	1
4	71	566	1
4	76	594	1
4	84	507	1
4	84	547	1
4	84	692	1
4	85	507	1
4	85	547	1
4	102	627	1
4	104	547	1
4	104	583	1
4	105	547	1
4	108	621	1
4	109	516	1
4	110	577	1
4	111	572	1
4	111	577	1
4	113	627	1
4	114	507	1
4	114	547	1
4	118	651	1
4	120	547	1
4	121	507	1
4	121	547	1
4	121	553	1
4	125	572	1
4	125	577	1
4	127	627	1
4	130	544	1
4	130	547	1
4	130	632	1
4	133	516	1
4	133	682	1
4	141	544	1
4	141	602	1
4	141	632	1
4	147	553	1
4	148	507	1
4	148	547	1
4	148	553	1
4	150	545	1
4	150	560	1
4	150	674	1
4	154	621	1
4	156	516	1
4	156	682	1
4	159	651	1
4	160	651	1
4	162	547	1
4	162	583	1
4	162	597	1
4	166	621	1
4	171	507	1
4	171	530	1
4	171	553	1
4	171	558	1
4	172	621	1
4	174	547	1
4	174	602	1
4	179	511	1
4	179	674	1
4	181	507	1
4	181	520	1
4	181	530	1
4	181	553	1
4	181	558	1
4	181	559	1
4	181	692	1
4	183	520	1
4	183	547	1
4	183	553	1
4	183	692	1
4	185	577	1
4	186	572	1
4	186	682	1
4	187	682	1
4	191	627	1
4	193	651	1
4	202	516	1
4	202	682	1
4	203	516	1
4	203	682	1
4	204	547	1
4	204	583	1
4	204	597	1
4	206	547	1
4	209	516	1
4	209	530	1
4	215	547	1
4	228	520	1
4	228	547	1
4	228	553	1
4	228	692	1
4	229	507	1
4	229	520	1
4	229	530	1
4	229	553	1
4	229	558	1
4	229	559	1
4	229	692	1
4	232	520	1
4	232	530	1
4	232	553	1
4	232	558	1
4	232	559	1
4	235	547	1
4	238	572	1
4	238	577	1
4	240	627	1
4	240	652	1
4	241	507	1
4	241	520	1
4	241	530	1
4	241	553	1
4	241	692	1
4	242	544	1
4	242	632	1
4	244	651	1
4	247	507	1
4	247	547	1
4	247	553	1
4	249	540	1
4	249	659	1
4	253	547	1
4	253	553	1
4	254	507	1
4	254	547	1
4	254	553	1
4	255	507	1
4	255	547	1
4	255	553	1
4	256	507	1
4	256	547	1
4	256	553	1
4	257	533	1
4	257	562	1
4	264	516	1
4	266	682	1
4	267	511	1
4	267	545	1
4	267	674	1
4	273	544	1
4	273	547	1
4	273	632	1
4	276	516	1
4	276	682	1
4	282	507	1
4	282	530	1
4	282	553	1
4	282	559	1
4	284	516	1
4	284	682	1
4	287	547	1
4	287	632	1
4	288	542	1
4	288	566	1
4	288	577	1
4	288	677	1
4	289	507	1
4	289	542	1
4	289	566	1
4	289	577	1
4	289	677	1
4	297	566	1
4	299	572	1
4	299	597	1
4	300	538	1
4	300	558	1
4	300	692	1
4	301	542	1
4	303	547	1
4	308	507	1
4	308	520	1
4	308	530	1
4	308	540	1
4	308	555	1
4	308	560	1
4	308	577	1
4	308	594	1
4	308	658	1
4	308	674	1
4	308	676	1
4	308	680	1
4	308	692	1
4	309	538	1
4	309	552	1
4	310	507	1
4	311	507	1
4	311	547	1
4	311	553	1
4	312	507	1
4	312	542	1
4	312	560	1
4	312	566	1
4	312	577	1
4	312	677	1
4	315	627	1
4	316	627	1
4	317	627	1
4	319	507	1
4	319	560	1
4	319	577	1
4	319	677	1
4	321	520	1
4	321	595	1
4	321	606	1
4	321	676	1
4	321	679	1
4	321	680	1
4	323	651	1
4	324	511	1
4	324	545	1
4	324	674	1
4	327	507	1
4	327	547	1
4	329	516	1
4	329	682	1
4	330	516	1
4	330	530	1
4	331	520	1
4	331	555	1
4	331	595	1
4	331	676	1
4	331	679	1
4	331	680	1
4	333	540	1
4	333	599	1
4	333	692	1
4	340	544	1
4	340	547	1
4	340	632	1
4	344	516	1
4	349	507	1
4	349	530	1
4	349	538	1
4	349	548	1
4	349	552	1
4	349	553	1
4	349	558	1
4	349	559	1
4	349	598	1
4	349	603	1
4	349	637	1
4	350	540	1
4	350	560	1
4	350	603	1
4	350	658	1
4	350	659	1
4	350	692	1
4	353	583	1
4	353	597	1
4	361	547	1
4	365	507	1
4	365	547	1
4	365	553	1
4	366	627	1
4	369	572	1
4	369	577	1
4	369	597	1
4	375	547	1
4	376	516	1
4	378	507	1
4	378	547	1
4	378	553	1
4	380	507	1
4	380	542	1
4	380	560	1
4	380	566	1
4	380	677	1
4	388	602	1
4	392	627	1
4	394	542	1
4	394	560	1
4	394	566	1
4	394	577	1
4	394	677	1
4	396	520	1
4	396	555	1
4	396	595	1
4	396	676	1
4	396	679	1
4	396	680	1
4	400	583	1
4	400	597	1
4	403	547	1
4	406	682	1
4	414	507	1
4	414	560	1
4	414	577	1
4	414	677	1
4	416	560	1
4	419	516	1
4	419	682	1
4	421	516	1
4	426	651	1
4	433	507	1
4	433	542	1
4	433	566	1
4	433	577	1
4	433	677	1
4	435	507	1
4	435	547	1
4	435	553	1
4	444	547	1
4	450	516	1
4	450	682	1
4	451	572	1
4	451	595	1
4	451	688	1
4	452	516	1
4	452	682	1
4	458	682	1
4	459	516	1
4	459	682	1
4	460	544	1
4	460	547	1
4	460	632	1
4	463	553	1
4	463	558	1
4	463	559	1
4	463	692	1
4	465	547	1
4	465	602	1
4	469	507	1
4	469	540	1
4	469	547	1
4	469	552	1
4	469	553	1
4	469	560	1
4	469	603	1
4	469	658	1
4	469	679	1
4	469	680	1
4	469	692	1
4	470	516	1
4	470	682	1
4	474	516	1
4	478	675	1
4	478	676	1
4	478	680	1
4	478	688	1
4	480	560	1
4	482	547	1
4	485	545	1
4	485	674	1
4	486	511	1
4	486	545	1
4	486	560	1
4	486	674	1
4	487	511	1
4	487	560	1
4	487	674	1
4	489	544	1
4	489	632	1
4	436	652	0
4	85	502	0
4	163	605	0
4	424	528	0
4	5	620	0
4	175	571	0
4	192	657	0
4	139	606	0
4	392	614	0
4	316	502	0
4	200	598	0
4	102	549	0
4	477	545	0
4	76	587	0
4	156	624	0
4	37	643	0
4	482	691	0
4	378	685	0
4	228	675	0
4	200	560	0
4	292	517	0
4	452	492	0
4	460	525	0
4	325	592	0
4	363	686	0
4	218	625	0
4	264	657	0
4	190	492	0
4	271	601	0
4	137	546	0
4	157	659	0
4	130	667	0
4	54	551	0
4	132	525	0
4	468	659	0
4	240	669	0
4	101	622	0
4	271	546	0
4	486	592	0
4	171	535	0
4	472	593	0
4	334	574	0
4	132	661	0
4	126	646	0
4	222	502	0
4	52	567	0
4	187	624	0
4	272	607	0
4	264	617	0
4	415	542	0
4	390	636	0
4	379	668	0
4	270	623	0
4	477	600	0
4	438	593	0
4	41	536	0
4	379	524	0
4	393	613	0
4	217	617	0
4	345	551	0
4	398	558	0
4	313	655	0
4	150	610	0
4	477	662	0
4	312	626	0
4	284	636	0
4	381	558	0
4	219	497	0
4	59	493	0
4	214	656	0
4	153	672	0
4	382	662	0
4	72	628	0
4	220	604	0
4	361	623	0
4	264	594	0
4	132	639	0
4	305	522	0
4	202	569	0
4	473	614	0
4	301	604	0
4	151	601	0
4	231	692	0
4	441	664	0
4	139	619	0
4	152	492	0
4	467	533	0
4	236	654	0
4	127	604	0
4	337	529	0
4	82	589	0
4	314	511	0
4	194	492	0
4	195	499	0
4	267	598	0
4	355	495	0
4	103	624	0
4	163	590	0
4	391	620	0
4	118	592	0
4	169	548	0
4	19	596	0
4	471	598	0
4	225	626	0
4	15	654	0
4	443	535	0
4	100	562	0
4	112	507	0
4	153	557	0
4	251	551	0
4	392	646	0
4	409	672	0
4	291	663	0
4	167	557	0
4	321	618	0
4	46	614	0
4	336	591	0
4	356	673	0
4	215	608	0
4	56	557	0
4	120	638	0
4	404	646	0
4	131	684	0
4	301	664	0
4	234	663	0
4	435	519	0
4	490	571	0
4	69	551	0
4	357	549	0
4	150	673	0
4	109	579	0
4	140	667	0
4	348	687	0
4	235	498	0
4	158	620	0
4	238	604	0
4	438	558	0
4	428	677	0
4	227	538	0
4	479	619	0
4	297	521	0
4	276	685	0
4	115	499	0
4	98	690	0
4	347	633	0
4	477	684	0
4	178	608	0
4	139	496	0
4	482	511	0
4	364	531	0
4	180	500	0
4	428	531	0
4	256	665	0
4	206	525	0
4	162	590	0
4	471	666	0
4	302	504	0
4	373	658	0
4	111	559	0
4	118	691	0
4	140	571	0
4	2	554	0
4	196	629	0
4	132	539	0
4	408	514	0
4	35	532	0
4	225	623	0
4	181	551	0
4	465	559	0
4	419	689	0
4	178	629	0
4	447	661	0
4	122	629	0
4	394	590	0
4	186	673	0
4	145	581	0
4	341	513	0
4	314	573	0
4	316	596	0
4	330	609	0
4	54	620	0
4	91	519	0
4	28	628	0
4	440	596	0
4	357	542	0
4	188	581	0
4	199	677	0
4	57	641	0
4	407	668	0
4	42	662	0
4	212	556	0
4	211	579	0
4	233	556	0
4	420	574	0
4	107	610	0
4	196	613	0
4	327	656	0
4	356	629	0
4	377	563	0
4	334	525	0
4	221	651	0
4	215	641	0
4	483	564	0
4	127	557	0
4	220	656	0
4	138	683	0
4	78	596	0
4	255	685	0
4	190	690	0
4	130	539	0
4	296	499	0
4	218	511	0
4	296	565	0
4	467	523	0
4	240	640	0
4	361	649	0
4	300	578	0
4	203	569	0
4	331	549	0
4	412	554	0
4	94	624	0
4	93	514	0
4	61	557	0
4	414	602	0
4	53	662	0
4	380	676	0
4	86	576	0
4	106	672	0
4	337	574	0
4	430	649	0
4	205	596	0
4	189	520	0
4	63	638	0
4	428	551	0
4	448	492	0
4	281	638	0
4	455	654	0
4	373	632	0
4	96	614	0
4	344	623	0
4	460	563	0
4	137	571	0
4	11	539	0
4	485	503	0
4	154	580	0
4	196	555	0
4	178	570	0
4	279	570	0
4	320	582	0
4	388	646	0
4	389	619	0
4	192	639	0
4	402	567	0
4	92	572	0
4	158	505	0
4	257	502	0
4	327	619	0
4	92	644	0
4	87	644	0
4	227	593	0
4	138	585	0
4	296	665	0
4	167	612	0
4	29	647	0
4	299	532	0
4	7	551	0
4	435	687	0
4	330	655	0
4	412	639	0
4	19	574	0
4	196	513	0
4	188	580	0
4	58	591	0
4	287	493	0
4	356	530	0
4	168	620	0
4	57	541	0
4	212	511	0
4	24	609	0
4	69	540	0
4	340	587	0
4	340	675	0
4	36	606	0
4	41	673	0
4	414	626	0
4	376	546	0
4	24	595	0
4	86	661	0
4	7	625	0
4	356	517	0
4	66	581	0
4	99	531	0
4	230	510	0
4	17	648	0
4	30	559	0
4	465	554	0
4	21	499	0
4	71	600	0
4	97	523	0
4	434	630	0
4	256	591	0
4	429	649	0
4	36	616	0
4	218	517	0
4	175	665	0
4	142	637	0
4	388	618	0
4	96	608	0
4	404	533	0
4	226	594	0
4	359	665	0
4	79	692	0
4	176	564	0
4	362	509	0
4	232	545	0
4	309	598	0
4	179	613	0
4	45	542	0
4	125	689	0
4	59	594	0
4	412	496	0
4	246	640	0
4	313	530	0
4	392	579	0
4	128	554	0
4	242	497	0
4	358	607	0
4	260	601	0
4	425	529	0
4	321	536	0
4	145	496	0
4	202	601	0
4	408	493	0
4	207	526	0
4	256	559	0
4	449	520	0
4	158	590	0
4	115	515	0
4	259	659	0
4	2	517	0
4	383	685	0
4	294	571	0
4	28	573	0
4	439	515	0
4	412	494	0
4	94	599	0
4	272	639	0
4	253	689	0
4	400	517	0
4	288	615	0
4	388	558	0
4	466	577	0
4	401	530	0
4	129	616	0
4	103	668	0
4	85	528	0
4	285	683	0
4	162	663	0
4	162	538	0
4	315	613	0
4	313	662	0
4	432	683	0
4	474	543	0
4	281	505	0
4	300	621	0
4	389	580	0
4	439	690	0
4	204	665	0
4	443	639	0
4	151	626	0
4	8	534	0
4	156	664	0
4	54	559	0
4	289	626	0
4	147	564	0
4	123	571	0
4	360	501	0
4	36	666	0
4	311	601	0
4	395	687	0
4	334	659	0
4	397	497	0
4	218	495	0
4	379	546	0
4	416	663	0
4	439	619	0
4	318	626	0
4	285	508	0
4	412	529	0
4	90	639	0
4	70	687	0
4	338	506	0
4	405	513	0
4	402	496	0
4	227	688	0
4	178	561	0
4	409	550	0
4	71	662	0
4	184	496	0
4	414	633	0
4	63	506	0
4	271	522	0
4	70	609	0
4	59	620	0
4	377	684	0
4	467	525	0
4	400	506	0
4	174	565	0
4	259	581	0
4	112	539	0
4	108	630	0
4	398	550	0
4	155	649	0
4	193	689	0
4	360	684	0
4	457	527	0
4	324	620	0
4	388	689	0
4	423	607	0
4	84	628	0
4	398	508	0
4	228	647	0
4	145	568	0
4	1	547	1
4	4	520	1
4	7	507	1
4	7	553	1
4	19	677	1
4	44	547	1
4	64	547	1
4	67	507	1
4	83	553	1
4	84	553	1
4	91	572	1
4	103	621	1
4	104	597	1
4	106	547	1
4	109	682	1
4	116	547	1
4	141	547	1
4	147	547	1
4	150	511	1
4	151	547	1
4	171	559	1
4	179	545	1
4	185	572	1
4	228	507	1
4	232	507	1
4	232	692	1
4	239	542	1
4	242	547	1
4	264	682	1
4	267	560	1
4	282	692	1
4	287	544	1
4	288	507	1
4	288	560	1
4	289	560	1
4	300	552	1
4	301	566	1
4	310	547	1
4	310	553	1
4	317	501	1
4	319	566	1
4	321	555	1
4	324	560	1
4	349	520	1
4	349	547	1
4	353	547	1
4	380	577	1
4	396	606	1
4	463	507	1
4	463	530	1
4	487	545	1
4	489	547	1
4	129	518	0
4	170	631	0
4	364	648	0
4	238	576	0
4	231	591	0
4	224	496	0
4	236	536	0
4	484	615	0
4	24	540	0
4	43	668	0
4	303	546	0
4	61	583	0
4	54	664	0
4	334	690	0
4	162	638	0
4	476	647	0
4	326	522	0
4	287	574	0
4	203	662	0
4	126	655	0
4	337	519	0
4	292	494	0
4	475	685	0
4	241	573	0
4	240	593	0
4	120	617	0
4	83	654	0
4	71	550	0
4	472	650	0
4	409	610	0
4	433	634	0
4	180	630	0
4	468	550	0
4	427	598	0
4	484	661	0
4	281	496	0
4	12	620	0
4	269	598	0
4	307	585	0
4	193	532	0
4	60	685	0
4	264	569	0
4	92	625	0
4	413	624	0
4	305	532	0
4	185	493	0
4	380	654	0
4	482	571	0
4	459	623	0
4	59	502	0
4	368	583	0
4	135	535	0
4	3	692	1
4	10	530	1
4	58	572	1
4	64	602	1
4	65	558	1
4	67	547	1
4	71	542	1
4	83	507	1
4	83	547	1
4	84	520	1
4	85	553	1
4	91	577	1
4	110	572	1
4	114	553	1
4	147	507	1
4	171	692	1
4	179	560	1
4	183	507	1
4	186	595	1
4	186	688	1
4	187	516	1
4	239	566	1
4	241	558	1
4	241	559	1
4	246	530	1
4	249	560	1
4	253	507	1
4	266	516	1
4	282	558	1
4	297	542	1
4	299	577	1
4	309	558	1
4	309	692	1
4	319	542	1
4	327	553	1
4	331	606	1
4	344	682	1
4	349	692	1
4	376	682	1
4	388	547	1
4	394	507	1
4	400	547	1
4	406	516	1
4	414	542	1
4	414	566	1
4	421	682	1
4	433	560	1
4	434	627	1
4	451	682	1
4	458	516	1
4	463	520	1
4	474	682	1
4	485	511	1
4	485	560	1
4	437	684	0
4	471	503	0
4	366	645	0
4	93	508	0
4	480	575	0
4	421	517	0
4	187	509	0
4	199	618	0
4	303	638	0
4	456	498	0
4	213	555	0
4	216	591	0
4	341	581	0
4	168	497	0
4	451	521	0
4	85	567	0
4	362	636	0
4	353	539	0
4	462	561	0
4	444	536	0
4	112	609	0
4	78	626	0
4	116	578	0
4	51	648	0
4	134	678	0
4	484	664	0
4	418	619	0
4	18	617	0
4	377	625	0
4	293	655	0
4	201	666	0
4	19	561	0
4	295	556	0
4	188	587	0
4	164	492	0
4	373	634	0
4	487	665	0
4	163	581	0
4	437	537	0
4	283	522	0
4	150	639	0
4	434	663	0
4	360	593	0
4	379	583	0
4	128	581	0
4	29	632	0
4	173	673	0
4	122	504	0
4	255	527	0
4	345	618	0
4	163	643	0
4	224	535	0
4	459	565	0
4	299	593	0
